employee_id,department,education,work_mode,years_at_company,training_hours,satisfaction,work_life_balance,peer_rating,projects_completed,goal_completion,overtime_hours,absences,gender,age_band,performance
E0001,Engineering,Bachelor's,On-site,5,36,5,3,2,8,68,3,4,Male,30s,Meets Expectations
E0002,Engineering,High School,Remote,2,10,3,4,3,6,65,13,3,Male,20s,Meets Expectations
E0003,Engineering,Master's,Hybrid,8,19,4,3,3,3,67,8,8,Male,40s,Meets Expectations
E0004,Engineering,Bachelor's,Hybrid,9,59,3,3,3,2,72,8,5,Male,40s,Meets Expectations
E0005,Sales,Bachelor's,Remote,0,47,4,5,4,5,56,11,6,Female,20s,Meets Expectations
E0006,Engineering,Master's,On-site,1,42,5,5,4,5,34,26,6,Female,20s,Meets Expectations
E0007,Operations,Bachelor's,Hybrid,3,65,3,3,3,6,54,3,5,Male,30s,Meets Expectations
E0008,Engineering,Bachelor's,On-site,7,14,4,2,5,3,86,9,7,Male,30s,Exceeds Expectations
E0009,Sales,Bachelor's,On-site,9,54,4,1,3,5,27,19,6,Male,30s,Meets Expectations
E0010,Operations,Master's,On-site,2,16,3,4,5,4,86,27,5,Female,20s,Meets Expectations
E0011,Engineering,High School,Hybrid,4,70,3,4,5,6,59,22,3,Male,40s,Exceeds Expectations
E0012,HR,Master's,Remote,5,51,3,4,2,2,82,4,2,Female,40s,Meets Expectations
E0013,Operations,Bachelor's,On-site,5,59,2,1,3,5,52,8,6,Male,30s,Needs Improvement
E0014,HR,Bachelor's,Hybrid,13,26,4,3,3,0,28,8,1,Male,40s,Needs Improvement
E0015,Engineering,Bachelor's,On-site,7,84,4,3,4,7,54,4,5,Male,40s,Exceeds Expectations
E0016,Finance,High School,On-site,1,80,4,3,4,4,66,11,6,Male,20s,Meets Expectations
E0017,Finance,Bachelor's,On-site,2,49,5,5,4,8,74,6,6,Male,30s,Exceeds Expectations
E0018,Sales,Master's,Hybrid,1,64,4,4,3,9,45,6,11,Male,20s,Needs Improvement
E0019,Engineering,Bachelor's,Hybrid,12,34,3,4,5,6,74,56,1,Male,40s,Needs Improvement
E0020,Engineering,Bachelor's,On-site,6,15,3,3,3,8,68,7,5,Female,30s,Meets Expectations
E0021,Operations,PhD,On-site,5,56,4,4,4,7,58,15,8,Female,30s,Exceeds Expectations
E0022,Sales,High School,Hybrid,2,22,4,2,3,11,70,6,5,Male,30s,Meets Expectations
E0023,Engineering,Bachelor's,Remote,15,66,3,4,3,8,69,5,5,Male,40s,Exceeds Expectations
E0024,HR,Bachelor's,On-site,4,61,2,3,4,4,76,6,3,Male,30s,Meets Expectations
E0025,Operations,High School,Hybrid,6,45,3,2,5,11,71,8,7,Female,30s,Meets Expectations
E0026,Engineering,PhD,Hybrid,7,44,4,4,4,8,70,12,3,Female,30s,Exceeds Expectations
E0027,Engineering,PhD,Hybrid,7,60,1,1,3,3,100,12,4,Female,40s,Meets Expectations
E0028,Sales,Bachelor's,On-site,10,45,1,3,5,5,37,9,1,Male,30s,Needs Improvement
E0029,Marketing,PhD,Remote,5,32,4,4,4,9,47,2,3,Female,40s,Meets Expectations
E0030,Sales,High School,Hybrid,8,10,3,4,4,8,85,21,5,Female,40s,Meets Expectations
E0031,Operations,PhD,On-site,5,59,4,4,4,8,45,3,5,Female,50+,Exceeds Expectations
E0032,Engineering,Master's,Remote,4,47,5,3,4,6,82,18,4,Male,30s,Exceeds Expectations
E0033,Sales,Bachelor's,Remote,2,95,2,3,5,5,73,11,6,Female,30s,Meets Expectations
E0034,Sales,Bachelor's,Hybrid,1,38,2,3,3,5,47,16,3,Male,20s,Needs Improvement
E0035,Sales,Master's,Remote,2,46,3,5,4,5,84,25,7,Female,40s,Meets Expectations
E0036,HR,Bachelor's,On-site,7,47,3,4,4,4,87,24,4,Female,40s,Exceeds Expectations
E0037,Operations,Bachelor's,Hybrid,6,53,3,4,4,10,69,11,6,Female,30s,Meets Expectations
E0038,Sales,Bachelor's,On-site,2,21,4,3,3,4,66,17,4,Female,20s,Meets Expectations
E0039,Finance,High School,Remote,2,38,4,2,3,3,89,10,4,Male,20s,Meets Expectations
E0040,Engineering,High School,On-site,13,57,3,2,4,9,41,9,3,Male,40s,Meets Expectations
E0041,Marketing,Bachelor's,On-site,13,33,4,3,3,4,79,8,1,Male,40s,Exceeds Expectations
E0042,Sales,Master's,Hybrid,3,56,4,4,3,4,45,21,5,Male,40s,Meets Expectations
E0043,HR,Bachelor's,Hybrid,3,42,3,3,3,7,77,15,8,Female,30s,Meets Expectations
E0044,Engineering,Bachelor's,Hybrid,7,48,4,4,5,11,66,15,7,Male,30s,Exceeds Expectations
E0045,Operations,Bachelor's,Hybrid,7,63,2,2,3,7,67,8,2,Female,30s,Needs Improvement
E0046,Operations,Bachelor's,On-site,5,35,4,3,3,7,94,19,3,Male,30s,Exceeds Expectations
E0047,Operations,Master's,On-site,11,11,3,5,2,8,43,19,8,Male,40s,Needs Improvement
E0048,Operations,High School,Hybrid,3,35,2,4,5,5,79,3,6,Female,30s,Meets Expectations
E0049,Engineering,Master's,On-site,6,23,3,3,4,5,67,34,6,Female,40s,Needs Improvement
E0050,HR,Bachelor's,Hybrid,7,0,4,2,4,9,70,7,3,Female,30s,Meets Expectations
E0051,Sales,Master's,Remote,7,38,3,4,2,3,82,16,8,Female,30s,Needs Improvement
E0052,Operations,Bachelor's,Hybrid,11,44,4,4,4,5,81,5,6,Male,40s,Exceeds Expectations
E0053,Engineering,Master's,Hybrid,0,60,4,4,3,8,78,8,9,Non-binary,20s,Meets Expectations
E0054,Engineering,High School,Hybrid,2,17,3,3,4,5,54,25,3,Female,30s,Needs Improvement
E0055,Finance,Master's,Remote,1,42,2,2,4,3,78,5,5,Male,30s,Meets Expectations
E0056,Engineering,Bachelor's,Hybrid,2,63,3,3,4,2,80,14,2,Male,30s,Meets Expectations
E0057,Finance,High School,Remote,1,29,2,5,3,11,76,9,6,Female,30s,Meets Expectations
E0058,Engineering,Bachelor's,On-site,10,51,3,2,2,2,78,2,5,Female,40s,Meets Expectations
E0059,Marketing,Bachelor's,Hybrid,3,72,2,3,3,8,70,17,2,Female,20s,Meets Expectations
E0060,Operations,Bachelor's,On-site,10,3,3,5,4,4,49,21,7,Male,40s,Needs Improvement
E0061,Marketing,Master's,Hybrid,0,45,2,3,3,6,62,11,4,Female,20s,Needs Improvement
E0062,Engineering,Master's,Remote,1,63,3,3,4,8,61,19,6,Female,30s,Meets Expectations
E0063,Engineering,Bachelor's,Remote,7,33,4,2,2,3,68,8,8,Female,30s,Meets Expectations
E0064,Engineering,PhD,On-site,3,68,4,4,3,4,62,8,9,Male,40s,Meets Expectations
E0065,Engineering,Bachelor's,Remote,11,53,2,2,5,6,97,20,4,Male,40s,Exceeds Expectations
E0066,Marketing,High School,On-site,2,75,3,2,4,5,75,8,7,Female,40s,Meets Expectations
E0067,Sales,Master's,Hybrid,4,52,4,2,4,6,67,24,4,Male,30s,Meets Expectations
E0068,Engineering,Bachelor's,Hybrid,6,77,4,3,4,6,73,31,6,Male,30s,Exceeds Expectations
E0069,Engineering,Bachelor's,Hybrid,9,46,3,2,3,9,75,10,2,Female,40s,Exceeds Expectations
E0070,Operations,High School,On-site,5,13,3,2,5,8,100,17,4,Female,30s,Exceeds Expectations
E0071,Engineering,Bachelor's,Hybrid,2,27,3,4,4,4,75,26,4,Female,20s,Meets Expectations
E0072,Sales,Bachelor's,Hybrid,1,60,1,3,4,4,62,3,7,Female,20s,Needs Improvement
E0073,Sales,Bachelor's,Hybrid,3,60,4,2,4,5,52,7,3,Male,20s,Meets Expectations
E0074,Engineering,Bachelor's,Hybrid,10,34,4,3,4,9,72,15,5,Male,40s,Exceeds Expectations
E0075,Operations,Master's,Hybrid,9,76,3,5,2,1,100,14,3,Male,30s,Exceeds Expectations
E0076,Engineering,PhD,Hybrid,7,33,2,4,3,4,66,16,3,Female,40s,Meets Expectations
E0077,Finance,High School,On-site,3,49,5,3,5,9,53,10,8,Male,30s,Exceeds Expectations
E0078,Marketing,Bachelor's,Hybrid,8,49,4,4,5,3,84,10,8,Female,30s,Exceeds Expectations
E0079,Operations,Bachelor's,Hybrid,8,13,4,3,3,6,70,20,5,Female,40s,Meets Expectations
E0080,Marketing,High School,On-site,3,38,2,1,4,5,42,17,7,Female,30s,Needs Improvement
E0081,Finance,Bachelor's,On-site,4,88,2,1,3,5,71,1,3,Male,40s,Meets Expectations
E0082,Sales,Bachelor's,Remote,2,22,4,2,4,8,86,18,3,Male,30s,Exceeds Expectations
E0083,HR,Master's,Remote,4,53,4,2,3,9,34,10,5,Male,30s,Needs Improvement
E0084,Finance,Bachelor's,Hybrid,2,17,2,3,3,8,80,13,3,Male,30s,Meets Expectations
E0085,Marketing,Master's,Hybrid,0,21,3,3,3,7,48,2,5,Female,20s,Meets Expectations
E0086,HR,Bachelor's,Remote,2,12,2,4,5,8,65,16,4,Female,40s,Meets Expectations
E0087,Engineering,Master's,Hybrid,6,59,3,4,3,6,60,2,5,Male,30s,Meets Expectations
E0088,Engineering,Bachelor's,On-site,2,23,3,4,4,5,86,21,6,Male,30s,Exceeds Expectations
E0089,Sales,Master's,Hybrid,3,65,4,2,3,9,84,18,2,Male,40s,Exceeds Expectations
E0090,Engineering,Master's,Remote,6,29,1,4,3,5,46,5,3,Female,40s,Needs Improvement
E0091,Sales,Bachelor's,Hybrid,5,43,5,2,4,2,36,6,7,Non-binary,40s,Meets Expectations
E0092,Engineering,Bachelor's,On-site,8,48,3,4,2,6,44,9,4,Female,30s,Meets Expectations
E0093,Marketing,Master's,Remote,6,8,5,4,4,7,75,10,5,Female,30s,Exceeds Expectations
E0094,Finance,Bachelor's,Hybrid,4,44,4,4,3,6,31,15,4,Female,30s,Meets Expectations
E0095,Marketing,Bachelor's,Hybrid,0,47,4,3,3,7,58,5,3,Female,20s,Meets Expectations
E0096,Finance,Bachelor's,Remote,1,63,5,4,3,6,83,9,2,Male,20s,Exceeds Expectations
E0097,Engineering,Master's,Hybrid,0,21,3,2,5,8,78,19,11,Male,20s,Meets Expectations
E0098,Engineering,High School,Remote,1,24,3,1,3,8,41,2,2,Female,20s,Needs Improvement
E0099,Finance,Bachelor's,Remote,3,53,2,4,3,7,71,19,7,Female,40s,Meets Expectations
E0100,Operations,Bachelor's,On-site,1,68,3,5,4,10,53,5,4,Male,20s,Meets Expectations
E0101,Finance,Bachelor's,Hybrid,5,28,4,2,3,8,58,21,12,Female,30s,Meets Expectations
E0102,Marketing,Master's,On-site,4,15,4,3,4,5,59,5,4,Female,40s,Meets Expectations
E0103,Finance,Bachelor's,Remote,2,34,3,4,3,7,61,5,4,Female,30s,Meets Expectations
E0104,Finance,Bachelor's,Remote,7,20,2,3,2,10,67,10,4,Male,40s,Needs Improvement
E0105,Finance,Bachelor's,Remote,2,48,3,3,3,5,56,12,5,Non-binary,20s,Meets Expectations
E0106,Finance,Bachelor's,Hybrid,2,18,2,4,2,5,57,9,8,Female,30s,Needs Improvement
E0107,Engineering,Master's,Hybrid,1,59,3,3,3,6,82,7,7,Male,20s,Meets Expectations
E0108,Engineering,High School,On-site,2,44,4,3,3,10,68,17,6,Male,30s,Meets Expectations
E0109,Sales,Master's,Hybrid,5,60,4,2,3,3,51,5,10,Female,40s,Meets Expectations
E0110,HR,Master's,On-site,0,0,4,3,4,7,70,17,9,Male,20s,Needs Improvement
E0111,Finance,Master's,Remote,11,5,3,3,3,6,44,7,2,Male,40s,Meets Expectations
E0112,Sales,Bachelor's,Hybrid,5,66,4,3,4,9,70,16,5,Male,30s,Exceeds Expectations
E0113,Engineering,Bachelor's,Hybrid,3,26,3,3,4,2,77,4,5,Male,30s,Meets Expectations
E0114,Operations,High School,On-site,1,11,3,3,3,4,81,12,3,Female,20s,Meets Expectations
E0115,Engineering,Master's,Hybrid,7,36,2,2,4,5,75,4,7,Male,30s,Meets Expectations
E0116,Operations,Master's,Hybrid,2,45,1,3,2,3,51,8,3,Male,30s,Needs Improvement
E0117,Engineering,Bachelor's,Remote,3,37,2,3,4,3,59,14,4,Female,30s,Meets Expectations
E0118,Sales,Master's,Remote,5,49,4,2,4,6,86,9,8,Male,30s,Exceeds Expectations
E0119,Sales,Bachelor's,Hybrid,11,47,2,1,4,6,63,27,2,Male,50+,Meets Expectations
E0120,Sales,Bachelor's,Remote,2,46,2,4,3,10,67,7,1,Male,30s,Meets Expectations
E0121,Engineering,Master's,On-site,1,67,3,4,3,4,79,16,4,Male,20s,Meets Expectations
E0122,Engineering,High School,On-site,4,40,4,2,3,1,92,5,4,Female,30s,Exceeds Expectations
E0123,Sales,PhD,Hybrid,4,39,4,4,5,10,67,27,8,Female,30s,Meets Expectations
E0124,Sales,Master's,Hybrid,9,56,3,2,4,7,62,22,8,Female,40s,Exceeds Expectations
E0125,Operations,PhD,On-site,10,51,3,3,2,6,98,12,5,Male,40s,Exceeds Expectations
E0126,Engineering,Master's,On-site,6,22,3,3,4,7,99,11,6,Male,30s,Exceeds Expectations
E0127,Sales,Bachelor's,Hybrid,6,38,4,3,3,4,69,9,3,Male,40s,Meets Expectations
E0128,Engineering,Bachelor's,On-site,1,49,3,4,4,10,68,15,6,Female,20s,Exceeds Expectations
E0129,Operations,High School,Hybrid,5,28,3,3,4,6,83,19,4,Male,30s,Meets Expectations
E0130,Operations,Master's,Hybrid,2,29,4,3,5,3,75,3,13,Male,20s,Meets Expectations
E0131,Operations,Bachelor's,Remote,1,12,4,4,4,4,68,13,4,Male,30s,Meets Expectations
E0132,Operations,Master's,On-site,1,0,3,3,4,3,80,1,3,Male,20s,Meets Expectations
E0133,Sales,Bachelor's,On-site,11,33,3,3,4,4,58,14,2,Female,40s,Meets Expectations
E0134,Finance,Bachelor's,On-site,6,43,3,3,4,7,86,13,0,Female,30s,Exceeds Expectations
E0135,Sales,High School,On-site,1,18,1,4,3,7,79,3,3,Female,20s,Meets Expectations
E0136,Operations,Master's,Hybrid,2,68,4,4,2,6,75,4,9,Female,20s,Meets Expectations
E0137,Sales,Bachelor's,Hybrid,6,19,3,2,3,7,66,8,0,Female,30s,Meets Expectations
E0138,Sales,Bachelor's,On-site,7,58,4,2,4,7,58,5,6,Male,40s,Meets Expectations
E0139,Operations,Bachelor's,Remote,7,48,3,4,1,4,40,2,8,Female,50+,Needs Improvement
E0140,Operations,Bachelor's,Hybrid,17,84,5,3,3,5,40,5,8,Female,50+,Meets Expectations
E0141,Operations,PhD,On-site,7,51,4,1,3,5,41,19,7,Female,40s,Meets Expectations
E0142,Engineering,Bachelor's,On-site,1,11,4,2,5,5,88,14,5,Male,20s,Exceeds Expectations
E0143,Engineering,Bachelor's,Remote,0,61,3,3,3,9,57,12,5,Male,20s,Meets Expectations
E0144,Sales,Bachelor's,Hybrid,5,74,2,3,3,3,49,11,0,Female,30s,Meets Expectations
E0145,Sales,High School,Remote,1,5,3,4,5,4,67,8,5,Male,20s,Meets Expectations
E0146,Sales,Bachelor's,On-site,3,53,1,2,3,4,53,3,8,Non-binary,30s,Needs Improvement
E0147,Sales,High School,Hybrid,5,57,3,4,3,3,62,10,1,Male,30s,Meets Expectations
E0148,Operations,High School,On-site,8,36,2,3,3,4,77,2,7,Male,30s,Needs Improvement
E0149,Engineering,High School,On-site,9,0,2,2,4,7,63,9,3,Male,40s,Meets Expectations
E0150,Finance,Bachelor's,Hybrid,9,34,4,3,3,1,63,5,2,Non-binary,30s,Meets Expectations
E0151,Operations,Master's,Hybrid,8,28,4,4,3,6,68,5,5,Female,30s,Needs Improvement
E0152,Marketing,High School,On-site,3,71,3,3,5,6,46,16,8,Male,20s,Meets Expectations
E0153,Sales,Master's,On-site,0,38,4,4,3,3,73,8,1,Female,20s,Meets Expectations
E0154,Engineering,Bachelor's,Hybrid,3,32,3,3,3,7,91,43,10,Female,30s,Meets Expectations
E0155,Engineering,Master's,On-site,7,28,5,4,3,8,62,15,2,Male,30s,Exceeds Expectations
E0156,Finance,Bachelor's,On-site,12,47,4,3,4,6,70,21,3,Male,50+,Exceeds Expectations
E0157,Sales,Master's,On-site,7,41,3,5,3,8,55,20,3,Male,30s,Meets Expectations
E0158,Engineering,Master's,On-site,5,24,4,2,3,3,56,8,7,Male,40s,Meets Expectations
E0159,Operations,PhD,Remote,5,45,5,5,3,9,84,11,7,Male,30s,Exceeds Expectations
E0160,Marketing,Master's,On-site,2,29,3,2,4,5,71,10,8,Male,20s,Meets Expectations
E0161,Operations,High School,Hybrid,2,0,2,4,2,6,79,3,4,Male,20s,Needs Improvement
E0162,Sales,PhD,Hybrid,5,53,2,4,4,5,72,20,3,Female,20s,Meets Expectations
E0163,Operations,Master's,On-site,10,51,3,2,3,8,65,8,3,Female,50+,Meets Expectations
E0164,Engineering,Bachelor's,Hybrid,2,44,3,4,4,5,87,7,7,Female,20s,Exceeds Expectations
E0165,Engineering,Bachelor's,On-site,4,31,2,3,4,4,39,4,3,Male,40s,Needs Improvement
E0166,Operations,PhD,Remote,3,39,3,3,3,2,55,30,5,Male,20s,Needs Improvement
E0167,Operations,Bachelor's,Hybrid,9,56,3,3,4,7,62,10,7,Male,40s,Meets Expectations
E0168,HR,Master's,Hybrid,5,27,4,3,5,4,69,13,12,Female,30s,Meets Expectations
E0169,Engineering,Bachelor's,On-site,6,57,4,3,5,7,63,9,7,Male,30s,Exceeds Expectations
E0170,Sales,Master's,Remote,4,11,4,4,2,9,71,10,2,Male,30s,Meets Expectations
E0171,Finance,High School,Hybrid,3,43,5,2,3,5,90,5,4,Male,30s,Exceeds Expectations
E0172,Operations,Master's,On-site,10,41,4,2,3,5,50,6,8,Female,40s,Meets Expectations
E0173,Sales,Bachelor's,On-site,5,60,4,4,4,4,92,6,2,Male,30s,Exceeds Expectations
E0174,Engineering,Master's,On-site,2,22,2,4,3,4,65,26,11,Male,20s,Needs Improvement
E0175,Marketing,Bachelor's,On-site,1,24,3,2,3,4,71,27,11,Male,20s,Needs Improvement
E0176,Finance,High School,On-site,10,12,2,2,3,7,68,13,6,Female,30s,Needs Improvement
E0177,Sales,Bachelor's,Remote,6,29,3,1,4,8,72,13,7,Female,50+,Exceeds Expectations
E0178,Marketing,High School,Remote,4,45,4,4,4,11,87,6,4,Female,30s,Exceeds Expectations
E0179,Operations,PhD,On-site,2,4,4,4,2,12,50,16,2,Male,30s,Meets Expectations
E0180,Engineering,High School,Remote,7,31,4,2,3,9,57,14,6,Male,30s,Meets Expectations
E0181,Marketing,Bachelor's,Hybrid,11,52,4,4,2,6,78,14,0,Male,40s,Exceeds Expectations
E0182,Marketing,Master's,Hybrid,8,38,4,5,1,6,55,3,5,Male,30s,Meets Expectations
E0183,HR,Bachelor's,Remote,3,42,2,2,4,7,38,31,4,Female,30s,Needs Improvement
E0184,Operations,Bachelor's,Hybrid,3,10,3,3,4,7,78,9,3,Female,40s,Meets Expectations
E0185,Marketing,Master's,Hybrid,8,38,3,2,4,6,56,7,6,Male,40s,Meets Expectations
E0186,HR,Bachelor's,On-site,17,41,3,4,5,4,82,9,4,Male,50+,Exceeds Expectations
E0187,Engineering,Master's,On-site,4,37,3,3,2,12,61,6,4,Male,30s,Meets Expectations
E0188,Finance,Bachelor's,Remote,1,43,4,3,2,7,86,10,4,Male,20s,Exceeds Expectations
E0189,Engineering,Bachelor's,On-site,1,34,3,3,2,3,72,12,8,Male,20s,Needs Improvement
E0190,Engineering,Bachelor's,On-site,9,31,3,3,1,2,57,16,9,Male,50+,Needs Improvement
E0191,HR,Master's,On-site,7,19,2,3,3,8,48,5,4,Male,50+,Meets Expectations
E0192,Marketing,Bachelor's,Hybrid,4,59,4,3,4,7,64,7,8,Female,30s,Meets Expectations
E0193,Operations,Master's,On-site,5,15,4,3,4,3,69,8,4,Female,30s,Meets Expectations
E0194,Finance,Bachelor's,Remote,8,43,3,3,4,9,58,6,4,Male,40s,Meets Expectations
E0195,Operations,Bachelor's,Hybrid,1,76,2,3,4,12,47,27,3,Female,20s,Needs Improvement
E0196,Sales,Master's,Remote,1,62,5,3,3,7,64,9,2,Female,20s,Exceeds Expectations
E0197,HR,High School,Hybrid,12,50,5,4,3,3,93,22,5,Female,40s,Exceeds Expectations
E0198,Operations,Bachelor's,Hybrid,3,45,4,4,4,8,72,14,10,Male,30s,Meets Expectations
E0199,Sales,High School,On-site,4,37,3,2,2,7,58,16,4,Female,30s,Meets Expectations
E0200,Operations,Master's,On-site,2,22,4,5,1,5,70,6,8,Male,30s,Needs Improvement
E0201,HR,Bachelor's,Remote,8,35,4,3,4,10,78,19,6,Male,30s,Exceeds Expectations
E0202,Engineering,Bachelor's,Hybrid,15,51,3,3,4,11,53,11,6,Male,40s,Meets Expectations
E0203,Marketing,High School,Hybrid,2,48,4,2,5,9,64,4,7,Female,30s,Meets Expectations
E0204,Engineering,Master's,Remote,4,56,2,5,4,7,66,4,7,Male,40s,Meets Expectations
E0205,Engineering,Bachelor's,Remote,0,64,3,5,4,10,62,2,4,Male,20s,Meets Expectations
E0206,Engineering,Bachelor's,On-site,6,37,4,5,3,10,48,15,0,Female,30s,Exceeds Expectations
E0207,Engineering,High School,Hybrid,4,44,3,3,3,8,79,8,4,Male,20s,Meets Expectations
E0208,Sales,Bachelor's,Hybrid,1,2,4,4,3,3,34,14,9,Female,20s,Needs Improvement
E0209,Operations,Bachelor's,Remote,2,85,4,5,4,7,57,21,9,Male,20s,Meets Expectations
E0210,Sales,Master's,On-site,6,32,2,3,4,4,56,2,5,Male,30s,Meets Expectations
E0211,Operations,Master's,On-site,11,53,3,4,4,8,59,8,5,Male,40s,Meets Expectations
E0212,HR,High School,Hybrid,1,32,5,3,3,7,91,3,3,Male,20s,Exceeds Expectations
E0213,Engineering,Bachelor's,On-site,3,31,3,5,3,8,63,7,1,Female,30s,Meets Expectations
E0214,Engineering,Bachelor's,On-site,3,35,3,5,4,7,85,4,4,Male,30s,Exceeds Expectations
E0215,Operations,High School,Hybrid,6,15,1,3,4,5,70,27,4,Male,30s,Needs Improvement
E0216,Marketing,Bachelor's,Hybrid,11,0,3,5,4,9,75,8,6,Female,40s,Exceeds Expectations
E0217,Operations,Bachelor's,On-site,9,63,4,3,4,6,63,31,4,Male,40s,Meets Expectations
E0218,Sales,Master's,Hybrid,14,51,4,3,4,3,80,14,7,Male,40s,Exceeds Expectations
E0219,Finance,Bachelor's,On-site,3,22,2,3,3,4,58,14,2,Female,30s,Needs Improvement
E0220,Finance,Bachelor's,On-site,2,49,3,3,3,5,61,5,3,Male,30s,Needs Improvement
E0221,Operations,PhD,Hybrid,2,56,4,2,3,0,60,6,5,Female,30s,Meets Expectations
E0222,Engineering,Bachelor's,Remote,9,26,3,3,3,1,51,8,5,Female,30s,Meets Expectations
E0223,Operations,Bachelor's,On-site,7,48,2,2,4,7,68,14,7,Female,30s,Meets Expectations
E0224,Sales,Bachelor's,Remote,1,60,3,2,4,2,82,1,6,Male,20s,Meets Expectations
E0225,Operations,PhD,Remote,2,11,2,3,4,5,63,3,10,Female,30s,Needs Improvement
E0226,HR,Bachelor's,Hybrid,8,51,1,4,4,12,55,13,8,Female,30s,Needs Improvement
E0227,Marketing,Bachelor's,Remote,18,47,4,4,3,8,99,3,7,Male,50+,Exceeds Expectations
E0228,Sales,Bachelor's,On-site,14,78,3,4,2,4,62,12,3,Male,50+,Meets Expectations
E0229,Operations,Bachelor's,On-site,1,51,4,2,3,5,80,26,3,Male,20s,Meets Expectations
E0230,Engineering,Bachelor's,Remote,7,32,3,2,3,7,68,6,3,Female,30s,Meets Expectations
E0231,HR,Bachelor's,Hybrid,1,34,4,3,4,7,85,18,7,Female,20s,Exceeds Expectations
E0232,Marketing,Master's,On-site,4,80,4,4,4,8,67,12,2,Male,30s,Exceeds Expectations
E0233,Finance,Master's,On-site,8,33,5,3,4,7,67,4,5,Female,30s,Exceeds Expectations
E0234,Sales,High School,On-site,14,52,4,2,2,7,67,1,9,Female,40s,Meets Expectations
E0235,Finance,Bachelor's,On-site,5,35,4,5,3,5,64,9,2,Non-binary,20s,Meets Expectations
E0236,HR,High School,On-site,4,62,2,2,3,7,69,28,2,Female,30s,Needs Improvement
E0237,Marketing,Bachelor's,Remote,0,63,3,2,4,9,56,11,1,Male,20s,Meets Expectations
E0238,Marketing,Master's,On-site,4,40,2,3,5,9,76,23,2,Male,30s,Meets Expectations
E0239,Finance,Bachelor's,Remote,3,32,2,3,3,5,100,33,7,Female,20s,Meets Expectations
E0240,Operations,Master's,On-site,4,31,5,3,3,8,53,13,5,Male,30s,Meets Expectations
E0241,HR,Bachelor's,On-site,1,5,2,3,3,6,73,18,5,Female,20s,Needs Improvement
E0242,Engineering,Master's,Remote,2,42,1,2,3,5,68,3,13,Female,30s,Needs Improvement
E0243,Marketing,Master's,On-site,0,42,4,3,3,4,50,16,4,Female,20s,Meets Expectations
E0244,Engineering,Master's,On-site,1,24,3,3,3,6,80,21,6,Female,20s,Meets Expectations
E0245,Engineering,Master's,Remote,20,3,4,1,4,3,61,8,5,Male,50+,Meets Expectations
E0246,Operations,Master's,On-site,1,44,2,4,4,3,57,9,11,Male,20s,Meets Expectations
E0247,Sales,Bachelor's,On-site,2,47,3,2,3,2,90,23,4,Male,20s,Meets Expectations
E0248,HR,Bachelor's,Remote,16,48,4,2,3,4,63,7,3,Female,50+,Meets Expectations
E0249,Operations,Bachelor's,Hybrid,11,20,2,4,2,3,87,13,5,Male,50+,Meets Expectations
E0250,Engineering,Master's,Hybrid,1,48,3,4,4,4,77,11,8,Male,20s,Exceeds Expectations
E0251,Engineering,High School,On-site,7,36,4,3,5,6,70,31,2,Female,30s,Exceeds Expectations
E0252,Engineering,PhD,On-site,2,57,3,1,2,6,78,17,5,Female,30s,Needs Improvement
E0253,Engineering,Bachelor's,Hybrid,12,21,4,3,4,11,81,9,5,Female,50+,Exceeds Expectations
E0254,Finance,Master's,Hybrid,3,63,3,3,3,11,65,11,7,Female,20s,Exceeds Expectations
E0255,Finance,Bachelor's,On-site,6,70,4,3,3,8,62,1,5,Male,30s,Meets Expectations
E0256,Marketing,PhD,Remote,5,42,5,4,3,6,82,23,5,Female,40s,Exceeds Expectations
E0257,Engineering,High School,Hybrid,9,48,5,5,2,5,100,14,6,Non-binary,40s,Exceeds Expectations
E0258,HR,Bachelor's,Hybrid,2,56,4,4,4,9,42,8,6,Male,30s,Meets Expectations
E0259,Engineering,Master's,Hybrid,7,19,3,3,3,8,50,14,8,Female,30s,Needs Improvement
E0260,Finance,Bachelor's,Hybrid,1,30,4,4,3,2,53,17,4,Non-binary,20s,Meets Expectations
E0261,Marketing,Bachelor's,Hybrid,6,44,3,3,4,10,63,12,7,Male,30s,Meets Expectations
E0262,Engineering,Master's,On-site,6,81,2,1,3,5,52,12,4,Female,30s,Needs Improvement
E0263,Operations,Master's,Remote,3,16,3,2,3,2,78,2,6,Female,30s,Meets Expectations
E0264,Finance,High School,Hybrid,2,73,4,1,2,3,45,15,3,Male,30s,Needs Improvement
E0265,Sales,Bachelor's,Remote,9,36,2,3,1,7,61,15,2,Male,40s,Needs Improvement
E0266,Marketing,Bachelor's,Remote,3,39,2,3,3,7,60,22,8,Male,40s,Needs Improvement
E0267,Marketing,Bachelor's,On-site,3,64,3,2,3,10,84,19,3,Male,30s,Meets Expectations
E0268,Engineering,Bachelor's,On-site,6,80,4,2,2,7,67,8,3,Male,30s,Meets Expectations
E0269,Engineering,High School,Hybrid,8,48,5,2,3,8,47,13,7,Male,30s,Meets Expectations
E0270,Finance,Bachelor's,Hybrid,6,63,2,3,3,5,73,13,7,Male,30s,Meets Expectations
E0271,Operations,Bachelor's,Remote,3,22,3,2,3,7,53,17,5,Male,30s,Needs Improvement
E0272,Marketing,Master's,On-site,11,29,3,4,4,4,49,8,5,Female,30s,Meets Expectations
E0273,Marketing,Bachelor's,Hybrid,5,13,3,3,5,4,86,14,10,Male,30s,Exceeds Expectations
E0274,Marketing,Bachelor's,Remote,11,30,3,5,4,6,61,22,6,Female,50+,Meets Expectations
E0275,Sales,Master's,Remote,9,51,3,3,3,10,76,11,5,Male,50+,Meets Expectations
E0276,Engineering,Master's,On-site,5,44,5,5,4,6,60,11,0,Female,30s,Exceeds Expectations
E0277,Sales,Bachelor's,Remote,2,75,4,3,5,7,72,5,5,Male,20s,Exceeds Expectations
E0278,Operations,PhD,On-site,2,81,3,3,2,4,90,18,5,Female,20s,Exceeds Expectations
E0279,Operations,Bachelor's,Hybrid,3,37,4,5,2,8,71,10,4,Male,40s,Exceeds Expectations
E0280,Operations,Bachelor's,On-site,7,26,4,1,2,5,62,8,2,Female,30s,Needs Improvement
E0281,Engineering,Bachelor's,Hybrid,4,63,3,3,3,5,47,11,3,Male,40s,Meets Expectations
E0282,HR,Bachelor's,On-site,0,65,3,2,4,8,82,6,3,Female,20s,Meets Expectations
E0283,Marketing,Master's,On-site,4,49,3,1,5,9,76,19,6,Male,40s,Exceeds Expectations
E0284,Engineering,Bachelor's,On-site,7,54,2,1,4,10,73,16,9,Male,40s,Needs Improvement
E0285,Engineering,Master's,Remote,2,51,2,4,4,6,67,12,6,Female,20s,Needs Improvement
E0286,Operations,Bachelor's,Hybrid,3,20,4,2,3,3,86,8,7,Male,30s,Meets Expectations
E0287,Marketing,Bachelor's,Hybrid,3,16,3,3,4,5,61,12,4,Male,30s,Meets Expectations
E0288,Marketing,Bachelor's,Hybrid,3,39,4,4,4,4,77,12,6,Male,30s,Exceeds Expectations
E0289,Engineering,High School,On-site,6,36,2,4,5,2,97,27,7,Male,30s,Exceeds Expectations
E0290,HR,PhD,On-site,3,46,2,4,3,3,69,28,7,Female,30s,Needs Improvement
E0291,Engineering,Master's,On-site,6,37,4,4,4,8,63,7,7,Male,30s,Exceeds Expectations
E0292,Engineering,Master's,Hybrid,4,6,3,5,3,7,59,7,2,Male,30s,Meets Expectations
E0293,HR,Master's,Remote,5,0,4,2,4,5,59,21,3,Male,40s,Meets Expectations
E0294,Sales,Bachelor's,On-site,0,55,3,4,3,11,69,7,5,Male,20s,Meets Expectations
E0295,Operations,High School,Hybrid,4,27,5,3,2,4,94,17,8,Male,30s,Meets Expectations
E0296,Sales,Bachelor's,Remote,2,35,4,3,4,10,75,16,9,Male,30s,Meets Expectations
E0297,Engineering,Master's,Remote,10,29,4,2,5,8,71,7,5,Male,30s,Exceeds Expectations
E0298,Engineering,Bachelor's,On-site,2,22,4,3,3,6,70,12,7,Female,30s,Meets Expectations
E0299,Finance,High School,Remote,0,21,3,3,4,8,43,3,6,Male,20s,Needs Improvement
E0300,Engineering,Master's,Hybrid,5,60,2,5,4,5,66,14,4,Female,30s,Exceeds Expectations
E0301,Engineering,Bachelor's,Hybrid,11,35,4,2,3,5,53,14,10,Male,50+,Needs Improvement
E0302,Sales,Bachelor's,Hybrid,0,53,5,1,4,7,92,11,8,Male,20s,Exceeds Expectations
E0303,Engineering,High School,On-site,2,55,1,3,3,6,54,8,7,Female,40s,Needs Improvement
E0304,Marketing,Bachelor's,Remote,7,46,4,2,3,6,47,23,3,Female,30s,Needs Improvement
E0305,HR,Bachelor's,Hybrid,6,56,2,3,4,5,40,5,6,Female,30s,Needs Improvement
E0306,Engineering,Master's,Hybrid,3,40,3,4,4,4,56,13,8,Male,20s,Meets Expectations
E0307,Operations,Master's,Remote,6,67,3,3,4,7,22,8,2,Female,30s,Needs Improvement
E0308,Sales,High School,Hybrid,15,56,4,3,3,4,71,8,10,Female,40s,Meets Expectations
E0309,Marketing,Master's,On-site,8,59,4,3,2,4,72,16,2,Female,40s,Meets Expectations
E0310,Engineering,Master's,On-site,9,21,5,4,4,10,51,28,4,Female,50+,Meets Expectations
E0311,Marketing,Master's,Remote,8,45,4,2,3,8,82,1,2,Female,40s,Meets Expectations
E0312,Sales,Master's,Hybrid,8,3,3,4,3,6,65,11,6,Female,40s,Meets Expectations
E0313,HR,Master's,Remote,10,68,4,2,3,9,66,21,3,Male,50+,Exceeds Expectations
E0314,Sales,Bachelor's,On-site,9,28,3,4,2,6,82,5,6,Male,40s,Meets Expectations
E0315,Operations,Bachelor's,Hybrid,3,30,3,2,3,6,86,27,8,Male,40s,Meets Expectations
E0316,Engineering,Bachelor's,Remote,6,13,2,4,4,7,52,3,3,Female,30s,Meets Expectations
E0317,Operations,Bachelor's,Hybrid,3,39,5,3,3,9,45,8,6,Female,30s,Meets Expectations
E0318,Operations,PhD,On-site,5,35,3,3,5,8,62,4,4,Female,30s,Meets Expectations
E0319,Sales,Bachelor's,On-site,4,76,1,4,5,7,93,6,7,Male,40s,Meets Expectations
E0320,Sales,Bachelor's,Remote,1,57,4,2,4,7,56,25,11,Female,20s,Meets Expectations
E0321,Sales,PhD,Hybrid,11,30,3,3,2,7,83,4,5,Female,40s,Meets Expectations
E0322,Operations,Master's,Hybrid,7,7,3,4,5,3,52,11,1,Male,30s,Meets Expectations
E0323,Marketing,Bachelor's,Hybrid,12,0,3,3,3,5,66,6,4,Female,40s,Needs Improvement
E0324,HR,Master's,On-site,13,19,3,4,5,3,59,15,6,Male,40s,Exceeds Expectations
E0325,Engineering,Bachelor's,Hybrid,7,13,5,4,3,9,75,10,0,Male,50+,Exceeds Expectations
E0326,Operations,Bachelor's,On-site,11,47,5,3,3,2,70,10,5,Male,40s,Exceeds Expectations
E0327,Engineering,Bachelor's,On-site,0,37,4,4,3,5,54,6,5,Female,20s,Meets Expectations
E0328,Engineering,Master's,Remote,5,40,4,4,3,8,60,25,3,Female,30s,Meets Expectations
E0329,Engineering,Bachelor's,On-site,1,21,4,2,2,7,51,14,4,Male,20s,Meets Expectations
E0330,Sales,Bachelor's,Remote,1,43,4,2,1,8,72,13,2,Female,30s,Meets Expectations
E0331,Operations,Master's,Hybrid,11,12,4,3,5,4,52,16,8,Female,50+,Meets Expectations
E0332,Operations,Master's,On-site,10,38,4,4,2,3,70,6,6,Female,40s,Meets Expectations
E0333,Engineering,High School,On-site,2,57,3,1,2,8,74,19,2,Female,30s,Needs Improvement
E0334,Sales,Bachelor's,On-site,3,33,4,2,4,5,79,14,3,Female,20s,Meets Expectations
E0335,Operations,PhD,Hybrid,5,49,3,3,2,6,79,15,7,Male,30s,Meets Expectations
E0336,HR,Master's,Remote,1,0,3,2,2,5,73,0,2,Male,20s,Needs Improvement
E0337,Engineering,Bachelor's,Hybrid,4,0,2,2,1,6,51,9,10,Female,30s,Needs Improvement
E0338,Sales,Bachelor's,Hybrid,4,47,2,3,4,6,54,8,5,Male,30s,Meets Expectations
E0339,Marketing,Bachelor's,Remote,3,61,1,3,2,2,54,13,5,Non-binary,40s,Needs Improvement
E0340,Operations,Master's,Hybrid,9,35,4,3,4,3,67,23,3,Female,40s,Meets Expectations
E0341,Marketing,Bachelor's,Hybrid,0,83,4,2,3,4,85,7,5,Male,20s,Meets Expectations
E0342,Engineering,Master's,Hybrid,3,11,4,3,3,8,57,13,5,Female,30s,Meets Expectations
E0343,Finance,High School,Hybrid,8,26,2,2,3,3,63,15,7,Male,30s,Needs Improvement
E0344,Engineering,Master's,On-site,2,43,4,5,3,2,87,11,4,Female,40s,Exceeds Expectations
E0345,Operations,High School,Hybrid,15,49,3,5,3,9,46,7,6,Female,50+,Meets Expectations
E0346,Sales,Master's,Hybrid,0,28,4,3,3,10,92,3,4,Non-binary,20s,Exceeds Expectations
E0347,Engineering,High School,On-site,2,19,3,2,2,6,78,2,5,Male,30s,Needs Improvement
E0348,Sales,High School,Remote,7,52,3,4,5,5,57,8,10,Female,40s,Meets Expectations
E0349,Engineering,Bachelor's,On-site,0,43,2,4,3,7,63,7,3,Male,20s,Meets Expectations
E0350,Engineering,Bachelor's,Hybrid,12,33,3,5,1,8,95,11,6,Male,40s,Exceeds Expectations
E0351,Marketing,Bachelor's,Remote,2,50,3,5,4,5,60,24,6,Male,30s,Meets Expectations
E0352,Finance,Master's,On-site,13,37,3,1,3,3,79,9,8,Female,40s,Meets Expectations
E0353,Operations,Master's,Remote,2,37,2,4,3,4,100,2,3,Female,30s,Meets Expectations
E0354,Sales,Bachelor's,Remote,10,36,3,3,3,3,67,11,7,Male,40s,Meets Expectations
E0355,Engineering,Bachelor's,Hybrid,4,24,3,4,5,8,68,1,4,Female,40s,Meets Expectations
E0356,HR,Bachelor's,Remote,3,22,5,4,3,5,100,2,2,Female,30s,Exceeds Expectations
E0357,Sales,Master's,Hybrid,6,29,2,4,4,3,51,5,4,Female,30s,Needs Improvement
E0358,Engineering,High School,Hybrid,7,41,4,4,4,5,68,5,5,Female,30s,Meets Expectations
E0359,Operations,Bachelor's,Hybrid,4,3,3,3,2,8,75,8,5,Male,20s,Needs Improvement
E0360,Operations,High School,Hybrid,2,59,3,2,4,4,43,16,6,Female,30s,Meets Expectations
E0361,Engineering,Bachelor's,On-site,1,40,2,4,3,5,49,7,4,Female,30s,Needs Improvement
E0362,Operations,Bachelor's,On-site,5,19,2,2,2,8,59,11,3,Female,30s,Needs Improvement
E0363,Marketing,High School,On-site,7,72,3,5,2,9,75,19,3,Female,40s,Meets Expectations
E0364,Engineering,High School,Remote,3,41,4,2,4,9,60,35,5,Female,20s,Needs Improvement
E0365,Marketing,Master's,Remote,8,13,3,3,5,6,67,6,5,Female,30s,Exceeds Expectations
E0366,Engineering,High School,Remote,15,71,2,3,3,8,81,7,4,Male,40s,Meets Expectations
E0367,Engineering,Bachelor's,On-site,1,67,4,2,4,6,78,11,6,Female,20s,Meets Expectations
E0368,Operations,Bachelor's,Hybrid,2,22,3,2,4,11,35,11,3,Female,20s,Needs Improvement
E0369,Marketing,Master's,Hybrid,8,34,3,4,3,5,71,10,4,Male,30s,Meets Expectations
E0370,Engineering,Master's,On-site,6,31,4,1,5,6,77,7,2,Male,40s,Exceeds Expectations
E0371,Sales,High School,Hybrid,6,2,2,5,5,9,67,3,5,Male,30s,Meets Expectations
E0372,Operations,Master's,On-site,6,46,2,3,3,5,76,10,10,Non-binary,40s,Meets Expectations
E0373,Sales,Bachelor's,Remote,6,57,4,2,5,3,80,7,6,Female,40s,Exceeds Expectations
E0374,Operations,Bachelor's,On-site,12,53,3,4,3,6,73,8,6,Female,40s,Exceeds Expectations
E0375,Operations,Master's,Remote,5,41,4,1,3,7,66,11,5,Female,40s,Meets Expectations
E0376,Sales,Master's,Remote,21,59,5,3,3,3,72,24,5,Female,50+,Exceeds Expectations
E0377,Finance,Bachelor's,Hybrid,3,17,4,3,4,4,31,4,6,Non-binary,30s,Meets Expectations
E0378,Marketing,Bachelor's,On-site,0,76,2,2,3,8,91,9,10,Male,20s,Exceeds Expectations
E0379,Finance,Bachelor's,On-site,7,25,3,3,4,7,89,3,5,Male,50+,Exceeds Expectations
E0380,Sales,Bachelor's,Remote,2,27,4,5,4,7,88,20,6,Non-binary,30s,Exceeds Expectations
E0381,Engineering,PhD,On-site,6,28,4,3,5,4,70,18,1,Male,30s,Exceeds Expectations
E0382,Engineering,Bachelor's,On-site,4,27,3,4,4,9,77,25,4,Female,40s,Meets Expectations
E0383,Marketing,PhD,Remote,0,36,2,2,5,4,70,13,8,Male,20s,Needs Improvement
E0384,Finance,Bachelor's,Hybrid,2,35,3,2,3,8,73,0,5,Female,20s,Meets Expectations
E0385,Finance,Master's,Hybrid,0,43,3,3,3,5,90,13,3,Female,20s,Meets Expectations
E0386,Marketing,Master's,On-site,1,24,2,1,3,4,40,36,6,Male,20s,Needs Improvement
E0387,Engineering,Master's,Hybrid,6,43,4,2,3,4,75,7,7,Male,40s,Meets Expectations
E0388,Engineering,High School,Remote,10,18,3,2,2,3,55,6,11,Male,40s,Needs Improvement
E0389,Operations,Bachelor's,On-site,7,55,1,1,4,6,50,7,2,Female,30s,Needs Improvement
E0390,HR,High School,On-site,0,54,3,4,4,5,66,15,6,Male,20s,Meets Expectations
E0391,Operations,Bachelor's,On-site,0,40,3,3,4,5,48,5,4,Female,20s,Needs Improvement
E0392,Engineering,PhD,Hybrid,5,27,3,3,4,10,48,19,4,Male,30s,Meets Expectations
E0393,Sales,Bachelor's,On-site,3,46,5,4,2,4,41,1,6,Female,30s,Meets Expectations
E0394,Operations,Bachelor's,Remote,3,22,4,2,3,11,60,25,6,Female,40s,Needs Improvement
E0395,Engineering,Bachelor's,On-site,12,41,2,2,2,2,77,8,5,Female,40s,Meets Expectations
E0396,Engineering,Bachelor's,On-site,3,37,2,4,4,5,81,18,2,Male,30s,Meets Expectations
E0397,Marketing,Bachelor's,Remote,4,93,3,5,4,6,100,7,2,Non-binary,40s,Exceeds Expectations
E0398,Marketing,Bachelor's,Remote,3,15,3,4,5,6,62,6,7,Female,30s,Meets Expectations
E0399,Operations,Master's,Hybrid,8,0,4,4,2,6,81,9,6,Female,40s,Meets Expectations
E0400,Operations,High School,Remote,3,27,5,3,4,7,71,17,7,Female,30s,Meets Expectations
E0401,Finance,Bachelor's,On-site,3,6,5,3,5,0,70,7,8,Male,30s,Meets Expectations
E0402,Engineering,Bachelor's,Hybrid,5,25,3,3,2,3,74,15,7,Male,30s,Meets Expectations
E0403,HR,High School,On-site,10,14,4,5,2,3,81,12,4,Male,40s,Exceeds Expectations
E0404,Operations,Bachelor's,Hybrid,3,22,4,4,2,3,76,25,6,Female,30s,Meets Expectations
E0405,Sales,Master's,Hybrid,11,19,2,4,4,5,62,17,5,Female,40s,Meets Expectations
E0406,Operations,Bachelor's,Remote,3,59,1,2,3,4,77,3,8,Male,30s,Needs Improvement
E0407,Marketing,Master's,On-site,3,39,3,4,4,3,58,9,8,Male,30s,Meets Expectations
E0408,Engineering,Bachelor's,On-site,13,62,2,3,3,2,77,15,1,Female,40s,Exceeds Expectations
E0409,HR,Bachelor's,Remote,0,41,2,3,5,13,70,5,4,Female,20s,Meets Expectations
E0410,Finance,PhD,Hybrid,1,59,3,4,4,7,38,14,7,Female,20s,Meets Expectations
E0411,Engineering,PhD,On-site,1,34,4,3,3,4,66,21,11,Female,20s,Needs Improvement
E0412,Sales,High School,On-site,0,72,5,2,3,5,83,6,2,Female,20s,Exceeds Expectations
E0413,Finance,PhD,On-site,2,49,3,4,4,7,66,15,5,Male,30s,Exceeds Expectations
E0414,Engineering,Master's,Hybrid,11,24,3,3,2,4,72,59,9,Female,40s,Needs Improvement
E0415,Sales,High School,Hybrid,6,52,1,3,4,6,60,11,6,Female,30s,Needs Improvement
E0416,Finance,Bachelor's,Hybrid,4,41,4,4,3,5,64,14,4,Male,30s,Meets Expectations
E0417,Finance,High School,Hybrid,10,36,3,5,4,3,83,12,2,Female,40s,Exceeds Expectations
E0418,HR,Bachelor's,Hybrid,8,42,3,4,3,2,61,7,3,Male,40s,Meets Expectations
E0419,Operations,PhD,On-site,1,55,4,4,3,7,50,7,5,Male,30s,Meets Expectations
E0420,Operations,Bachelor's,On-site,16,0,2,3,3,10,33,6,3,Female,40s,Needs Improvement
E0421,Sales,Bachelor's,On-site,6,33,3,3,5,5,56,3,3,Male,30s,Meets Expectations
E0422,Engineering,Bachelor's,Remote,3,54,3,4,3,1,50,5,10,Female,20s,Needs Improvement
E0423,Finance,Bachelor's,Hybrid,4,45,3,3,5,7,44,21,7,Female,30s,Meets Expectations
E0424,Engineering,Master's,On-site,1,17,4,4,4,6,51,24,9,Female,20s,Meets Expectations
E0425,Operations,Bachelor's,Hybrid,2,0,4,2,3,9,52,13,4,Male,20s,Needs Improvement
E0426,Marketing,Bachelor's,Hybrid,7,74,4,5,2,6,51,8,7,Female,30s,Meets Expectations
E0427,Sales,Bachelor's,Hybrid,9,36,4,3,5,5,90,4,3,Male,40s,Exceeds Expectations
E0428,HR,Master's,Hybrid,13,70,3,3,3,8,42,13,4,Female,50+,Meets Expectations
E0429,HR,Master's,Remote,1,56,3,3,4,7,77,20,2,Male,20s,Meets Expectations
E0430,Operations,Master's,On-site,5,24,4,5,5,8,77,24,0,Female,40s,Exceeds Expectations
E0431,Engineering,Bachelor's,Hybrid,1,0,3,2,4,13,78,31,4,Female,20s,Meets Expectations
E0432,Operations,Bachelor's,Hybrid,5,31,3,2,4,7,67,5,5,Male,40s,Meets Expectations
E0433,Engineering,Master's,Hybrid,3,39,4,4,5,7,88,28,4,Female,30s,Exceeds Expectations
E0434,Finance,Master's,On-site,0,49,3,3,4,11,68,11,3,Female,20s,Meets Expectations
E0435,Operations,Bachelor's,Hybrid,12,18,4,3,2,5,65,13,2,Male,40s,Meets Expectations
E0436,Sales,Master's,On-site,3,44,3,3,5,3,87,12,2,Male,30s,Exceeds Expectations
E0437,Engineering,Bachelor's,Hybrid,3,44,5,3,3,13,65,7,1,Male,30s,Exceeds Expectations
E0438,Operations,High School,Hybrid,2,60,2,3,5,8,43,15,8,Female,20s,Meets Expectations
E0439,Operations,PhD,On-site,2,34,4,5,4,9,76,4,10,Female,30s,Exceeds Expectations
E0440,Sales,High School,Remote,11,49,3,4,4,4,85,26,4,Female,40s,Meets Expectations
E0441,HR,Master's,Remote,4,46,4,4,3,7,73,11,5,Female,30s,Exceeds Expectations
E0442,Operations,Bachelor's,Hybrid,3,58,4,3,2,4,62,1,3,Female,30s,Meets Expectations
E0443,Engineering,Master's,Remote,3,24,3,4,4,7,72,45,3,Female,30s,Needs Improvement
E0444,Marketing,Bachelor's,Remote,15,0,5,2,4,8,79,12,4,Female,40s,Exceeds Expectations
E0445,Sales,Master's,On-site,3,35,3,3,3,6,51,4,8,Male,30s,Needs Improvement
E0446,Engineering,Master's,Hybrid,1,35,4,3,3,5,35,19,5,Female,20s,Meets Expectations
E0447,Operations,Bachelor's,Hybrid,4,17,3,5,1,4,66,5,5,Female,40s,Needs Improvement
E0448,Sales,Bachelor's,Hybrid,2,10,4,5,3,0,85,6,7,Female,30s,Meets Expectations
E0449,Operations,High School,Remote,13,29,2,3,2,6,50,9,3,Female,40s,Needs Improvement
E0450,Marketing,Bachelor's,Hybrid,3,38,3,2,4,4,48,4,3,Male,30s,Meets Expectations
E0451,HR,PhD,On-site,2,42,3,2,4,5,71,13,6,Female,30s,Meets Expectations
E0452,Sales,Bachelor's,Hybrid,6,0,4,3,3,6,64,5,5,Female,30s,Meets Expectations
E0453,Sales,Master's,Hybrid,18,5,3,5,5,11,57,22,5,Male,50+,Exceeds Expectations
E0454,Operations,Bachelor's,On-site,9,63,5,4,4,3,87,6,3,Female,50+,Exceeds Expectations
E0455,Marketing,Bachelor's,On-site,3,36,2,4,4,8,57,2,7,Female,30s,Needs Improvement
E0456,Finance,PhD,On-site,9,40,4,4,4,9,74,11,5,Male,30s,Exceeds Expectations
E0457,Sales,High School,Hybrid,11,13,4,2,3,2,81,7,7,Male,40s,Meets Expectations
E0458,Engineering,Bachelor's,On-site,4,40,4,2,4,8,65,13,7,Male,20s,Meets Expectations
E0459,Engineering,Bachelor's,On-site,9,32,3,4,3,3,81,20,9,Male,30s,Meets Expectations
E0460,Finance,High School,On-site,7,28,4,2,4,2,79,4,3,Male,30s,Meets Expectations
E0461,Sales,Bachelor's,Hybrid,5,11,3,2,4,5,71,28,7,Female,30s,Meets Expectations
E0462,HR,Master's,On-site,2,23,5,2,2,6,62,18,7,Male,20s,Meets Expectations
E0463,Sales,High School,On-site,0,79,3,4,2,2,91,4,3,Female,20s,Meets Expectations
E0464,Sales,Master's,Hybrid,0,33,3,3,2,7,83,3,8,Male,20s,Needs Improvement
E0465,Finance,Bachelor's,On-site,3,56,3,3,5,3,80,18,4,Male,20s,Exceeds Expectations
E0466,Marketing,High School,On-site,4,36,2,2,3,9,69,28,4,Female,30s,Needs Improvement
E0467,Operations,Bachelor's,Hybrid,3,34,2,4,2,6,59,9,7,Male,30s,Needs Improvement
E0468,Engineering,High School,On-site,11,27,4,3,4,9,37,1,3,Male,50+,Meets Expectations
E0469,Marketing,Master's,On-site,10,67,3,4,1,12,76,17,3,Female,40s,Exceeds Expectations
E0470,Engineering,Bachelor's,Hybrid,2,47,3,3,3,4,63,26,8,Male,20s,Needs Improvement
E0471,Operations,High School,On-site,9,24,2,4,5,6,72,3,4,Male,30s,Meets Expectations
E0472,Marketing,Bachelor's,Hybrid,4,32,4,3,3,6,100,5,7,Female,30s,Exceeds Expectations
E0473,Sales,Bachelor's,Remote,1,62,3,3,3,2,88,11,4,Male,30s,Meets Expectations
E0474,Operations,Bachelor's,Hybrid,7,0,3,3,4,7,75,16,4,Female,30s,Meets Expectations
E0475,Sales,High School,Hybrid,9,46,3,3,4,12,66,13,5,Female,40s,Exceeds Expectations
E0476,Engineering,High School,Remote,7,51,4,3,3,6,80,3,6,Male,30s,Meets Expectations
E0477,Sales,Bachelor's,Hybrid,8,25,3,3,4,7,82,9,7,Male,40s,Exceeds Expectations
E0478,Engineering,Master's,Hybrid,2,43,3,3,5,3,62,6,2,Male,20s,Meets Expectations
E0479,Operations,Master's,Hybrid,5,50,3,3,2,4,64,29,1,Male,30s,Needs Improvement
E0480,Finance,Bachelor's,Hybrid,14,15,2,4,3,3,72,13,6,Male,50+,Meets Expectations
E0481,Finance,Bachelor's,Remote,2,57,5,3,3,6,56,5,2,Female,30s,Meets Expectations
E0482,Operations,Master's,On-site,15,46,4,2,4,6,57,6,7,Male,40s,Meets Expectations
E0483,Operations,High School,Remote,9,37,3,3,3,2,50,5,6,Male,30s,Needs Improvement
E0484,Sales,Bachelor's,Hybrid,7,42,4,4,3,6,96,2,4,Female,40s,Exceeds Expectations
E0485,Engineering,Bachelor's,Hybrid,5,54,5,2,2,9,46,4,5,Female,30s,Meets Expectations
E0486,Sales,Bachelor's,Hybrid,2,86,4,2,2,3,47,7,7,Male,30s,Needs Improvement
E0487,Operations,Bachelor's,On-site,3,52,4,3,4,3,31,8,6,Non-binary,20s,Needs Improvement
E0488,Operations,Bachelor's,On-site,6,56,3,3,3,10,78,13,0,Non-binary,40s,Meets Expectations
E0489,Finance,Bachelor's,Remote,3,44,3,1,3,4,53,8,3,Male,20s,Meets Expectations
E0490,Engineering,High School,Hybrid,3,78,1,4,3,11,80,17,3,Male,40s,Meets Expectations
E0491,Engineering,Bachelor's,Remote,11,11,3,3,5,4,67,8,6,Female,40s,Exceeds Expectations
E0492,Operations,Bachelor's,On-site,4,5,4,1,3,3,88,14,3,Male,30s,Meets Expectations
E0493,Engineering,High School,On-site,5,43,4,2,5,8,54,5,6,Male,30s,Meets Expectations
E0494,Marketing,Bachelor's,On-site,8,53,4,3,5,6,69,20,3,Male,40s,Exceeds Expectations
E0495,Sales,Master's,On-site,3,0,3,1,4,7,86,14,9,Non-binary,30s,Meets Expectations
E0496,Sales,PhD,Hybrid,7,40,4,4,3,6,87,6,5,Female,40s,Exceeds Expectations
E0497,Marketing,Bachelor's,Remote,0,36,4,3,4,7,85,10,0,Non-binary,20s,Exceeds Expectations
E0498,Operations,Bachelor's,Remote,5,55,1,4,3,11,77,6,3,Male,30s,Needs Improvement
E0499,Finance,Bachelor's,Hybrid,0,49,4,2,5,2,68,9,5,Female,20s,Meets Expectations
E0500,HR,Master's,On-site,1,4,5,4,4,1,77,5,6,Female,20s,Meets Expectations
E0501,Sales,Bachelor's,Hybrid,7,18,3,3,3,4,47,23,7,Male,40s,Needs Improvement
E0502,Operations,Bachelor's,Hybrid,10,24,1,3,5,2,62,26,3,Female,40s,Needs Improvement
E0503,Marketing,Master's,Hybrid,4,55,2,4,3,6,91,19,3,Female,30s,Exceeds Expectations
E0504,HR,High School,Hybrid,0,47,1,3,4,5,83,7,4,Male,20s,Meets Expectations
E0505,Finance,Bachelor's,On-site,0,28,3,4,4,5,48,7,0,Female,20s,Meets Expectations
E0506,Engineering,Bachelor's,On-site,5,43,2,3,4,6,74,2,6,Female,30s,Needs Improvement
E0507,Engineering,Bachelor's,Remote,18,19,4,3,3,5,54,4,7,Male,50+,Meets Expectations
E0508,Operations,Master's,Hybrid,2,81,4,4,4,8,63,30,7,Female,40s,Meets Expectations
E0509,Marketing,Bachelor's,Remote,3,51,4,4,3,2,92,29,6,Male,30s,Meets Expectations
E0510,Engineering,Bachelor's,On-site,6,56,5,3,4,4,39,23,4,Female,40s,Exceeds Expectations
E0511,Sales,Bachelor's,Hybrid,0,68,3,5,3,4,48,24,5,Male,20s,Needs Improvement
E0512,Operations,High School,On-site,4,60,3,3,5,3,70,3,3,Female,30s,Meets Expectations
E0513,Marketing,Master's,Remote,2,41,5,3,4,7,76,18,9,Male,30s,Exceeds Expectations
E0514,Marketing,Master's,On-site,2,36,4,3,4,4,63,16,5,Male,30s,Meets Expectations
E0515,Engineering,Master's,Hybrid,10,66,4,3,3,5,87,19,5,Male,40s,Exceeds Expectations
E0516,Operations,Master's,On-site,4,41,3,3,4,7,64,34,4,Male,30s,Needs Improvement
E0517,Operations,Bachelor's,On-site,10,25,3,2,4,2,72,2,6,Male,40s,Needs Improvement
E0518,HR,Bachelor's,On-site,1,79,2,2,1,8,69,2,7,Female,30s,Needs Improvement
E0519,Sales,Bachelor's,Hybrid,9,21,5,3,3,6,64,4,5,Male,40s,Exceeds Expectations
E0520,Finance,High School,Remote,9,5,2,4,4,5,80,3,7,Male,50+,Meets Expectations
E0521,Operations,Bachelor's,Remote,3,60,4,4,4,2,55,9,6,Male,20s,Meets Expectations
E0522,Operations,Bachelor's,Hybrid,3,25,4,4,4,2,89,13,4,Female,20s,Exceeds Expectations
E0523,Operations,High School,Hybrid,8,49,2,4,5,5,83,16,2,Male,40s,Exceeds Expectations
E0524,Marketing,Master's,Hybrid,5,76,4,3,4,4,84,2,9,Female,30s,Meets Expectations
E0525,Sales,High School,On-site,6,13,3,2,2,5,100,6,5,Male,40s,Meets Expectations
E0526,HR,Bachelor's,Remote,4,39,2,3,4,9,75,13,5,Male,30s,Meets Expectations
E0527,Operations,Master's,Hybrid,4,70,4,3,4,5,70,10,4,Female,40s,Meets Expectations
E0528,Engineering,Bachelor's,Hybrid,5,54,2,3,4,6,75,8,1,Male,30s,Meets Expectations
E0529,Engineering,Bachelor's,On-site,3,36,3,4,4,5,61,22,4,Female,30s,Meets Expectations
E0530,Finance,Bachelor's,On-site,16,88,3,4,3,4,67,6,10,Male,50+,Meets Expectations
E0531,Sales,Master's,On-site,4,38,2,1,4,2,55,29,13,Male,30s,Needs Improvement
E0532,Operations,Master's,Remote,3,48,2,3,3,6,90,5,6,Female,20s,Meets Expectations
E0533,Engineering,Bachelor's,Hybrid,3,73,4,1,4,5,52,5,8,Female,30s,Meets Expectations
E0534,Sales,High School,Hybrid,5,60,4,3,4,3,55,14,7,Male,40s,Meets Expectations
E0535,Engineering,Bachelor's,Hybrid,0,66,4,3,3,8,65,7,3,Male,20s,Meets Expectations
E0536,Finance,Bachelor's,Hybrid,12,22,3,5,4,4,50,7,9,Female,40s,Meets Expectations
E0537,Finance,Master's,On-site,5,65,3,5,4,7,58,6,5,Female,30s,Meets Expectations
E0538,Sales,Master's,On-site,4,43,3,4,5,7,62,13,2,Female,40s,Exceeds Expectations
E0539,Sales,Master's,Hybrid,0,25,3,2,4,7,81,2,3,Male,20s,Meets Expectations
E0540,Engineering,PhD,On-site,2,44,5,2,4,6,45,5,2,Female,20s,Meets Expectations
E0541,Finance,Bachelor's,On-site,0,44,4,2,3,8,60,8,4,Male,20s,Needs Improvement
E0542,Operations,Master's,Hybrid,3,77,3,5,3,5,73,14,8,Male,20s,Meets Expectations
E0543,Finance,Bachelor's,On-site,3,48,2,2,3,11,76,6,10,Male,30s,Needs Improvement
E0544,Engineering,Bachelor's,Remote,3,24,2,3,4,5,100,35,2,Non-binary,30s,Exceeds Expectations
E0545,Marketing,Master's,Remote,6,20,3,2,4,8,91,16,3,Male,30s,Exceeds Expectations
E0546,Sales,Master's,Remote,3,39,3,2,3,3,94,14,6,Male,30s,Meets Expectations
E0547,Engineering,PhD,Remote,9,13,3,4,4,5,43,10,6,Male,30s,Meets Expectations
E0548,Engineering,Bachelor's,On-site,3,26,3,3,3,1,73,12,9,Male,20s,Meets Expectations
E0549,Engineering,Bachelor's,On-site,11,35,4,1,4,4,78,8,7,Male,40s,Meets Expectations
E0550,Engineering,Master's,Hybrid,9,32,2,2,4,8,48,16,6,Female,40s,Meets Expectations
E0551,Operations,High School,On-site,10,55,5,3,3,4,64,19,5,Non-binary,30s,Meets Expectations
E0552,Sales,Bachelor's,Remote,6,25,3,3,3,5,81,11,5,Female,40s,Meets Expectations
E0553,Finance,Bachelor's,On-site,7,0,4,3,4,7,82,35,6,Male,30s,Meets Expectations
E0554,Operations,Bachelor's,Hybrid,12,6,3,4,3,7,88,6,1,Female,50+,Meets Expectations
E0555,Marketing,Bachelor's,Hybrid,8,40,4,2,2,7,70,29,4,Male,30s,Needs Improvement
E0556,HR,Master's,Remote,2,28,5,3,4,5,59,16,8,Male,30s,Meets Expectations
E0557,Finance,High School,Hybrid,3,15,2,4,4,6,78,8,6,Male,20s,Meets Expectations
E0558,Engineering,Master's,Hybrid,3,79,2,3,4,8,71,7,4,Male,20s,Meets Expectations
E0559,Sales,Master's,On-site,1,57,2,4,4,6,76,2,5,Female,20s,Meets Expectations
E0560,HR,Bachelor's,Hybrid,4,39,3,2,3,2,38,22,5,Female,20s,Needs Improvement
E0561,Operations,Bachelor's,Hybrid,4,45,3,2,4,3,68,28,4,Female,30s,Needs Improvement
E0562,Operations,High School,Hybrid,3,35,2,1,3,3,75,13,6,Male,30s,Needs Improvement
E0563,Operations,Master's,Hybrid,6,15,3,1,4,8,68,6,3,Female,30s,Meets Expectations
E0564,Finance,High School,On-site,2,61,5,3,4,10,66,4,4,Female,20s,Exceeds Expectations
E0565,HR,Bachelor's,On-site,2,57,3,4,3,6,66,14,7,Female,40s,Meets Expectations
E0566,Operations,PhD,Remote,3,0,3,3,2,4,54,13,2,Male,40s,Needs Improvement
E0567,Operations,Bachelor's,On-site,3,45,4,4,4,2,82,9,3,Male,30s,Exceeds Expectations
E0568,HR,Bachelor's,Hybrid,4,47,4,3,4,2,63,10,7,Female,30s,Meets Expectations
E0569,Operations,PhD,Hybrid,11,34,5,1,4,7,28,17,7,Non-binary,40s,Meets Expectations
E0570,Operations,High School,Remote,6,82,4,4,2,5,58,12,2,Female,30s,Needs Improvement
E0571,HR,Bachelor's,On-site,0,80,3,2,3,12,56,11,3,Female,20s,Needs Improvement
E0572,Engineering,Bachelor's,On-site,5,32,2,3,3,8,63,15,9,Female,30s,Meets Expectations
E0573,Engineering,Master's,Remote,9,36,4,1,3,4,58,31,8,Male,30s,Meets Expectations
E0574,Finance,Master's,Hybrid,3,33,2,3,3,10,66,3,8,Female,20s,Needs Improvement
E0575,Engineering,Master's,Hybrid,4,28,2,4,2,9,71,10,5,Female,30s,Needs Improvement
E0576,Sales,PhD,On-site,0,22,3,4,5,5,55,3,5,Male,20s,Meets Expectations
E0577,Marketing,High School,Hybrid,15,50,5,3,5,7,69,2,8,Male,40s,Exceeds Expectations
E0578,Operations,Bachelor's,Remote,14,79,4,3,4,7,79,13,7,Male,40s,Exceeds Expectations
E0579,Operations,High School,Hybrid,2,71,3,3,3,5,62,18,6,Male,30s,Needs Improvement
E0580,Finance,Master's,Remote,9,56,2,3,5,5,79,6,7,Male,30s,Meets Expectations
E0581,Sales,PhD,Remote,0,0,5,4,5,10,89,11,8,Female,20s,Exceeds Expectations
E0582,Engineering,Bachelor's,Hybrid,1,3,3,2,3,10,53,14,5,Male,20s,Needs Improvement
E0583,Marketing,Master's,Hybrid,6,61,3,3,4,5,73,26,2,Female,30s,Meets Expectations
E0584,Engineering,Bachelor's,Hybrid,2,72,4,2,3,7,100,2,3,Female,20s,Exceeds Expectations
E0585,Marketing,High School,Remote,6,51,3,4,3,7,72,13,3,Non-binary,40s,Exceeds Expectations
E0586,Operations,Bachelor's,Hybrid,18,34,3,3,3,9,55,21,5,Female,50+,Meets Expectations
E0587,HR,PhD,On-site,2,67,3,2,3,7,76,14,8,Female,20s,Meets Expectations
E0588,Marketing,Bachelor's,Remote,1,55,3,4,4,6,65,4,6,Female,20s,Meets Expectations
E0589,Marketing,High School,Hybrid,7,63,2,3,4,10,48,6,6,Male,30s,Meets Expectations
E0590,Operations,PhD,Remote,15,3,2,2,5,6,65,9,6,Non-binary,50+,Meets Expectations
E0591,Sales,Bachelor's,Hybrid,2,47,4,4,3,4,50,1,1,Female,20s,Meets Expectations
E0592,HR,Bachelor's,Hybrid,10,75,4,3,4,9,42,27,5,Female,30s,Meets Expectations
E0593,Engineering,Master's,Hybrid,14,51,2,2,2,5,82,2,7,Male,50+,Meets Expectations
E0594,Marketing,Bachelor's,Hybrid,0,59,4,4,4,8,31,6,8,Male,20s,Meets Expectations
E0595,Sales,Bachelor's,On-site,1,41,4,2,4,9,90,12,5,Female,20s,Exceeds Expectations
E0596,HR,High School,Hybrid,6,42,3,5,4,9,77,4,2,Female,30s,Exceeds Expectations
E0597,Finance,Master's,Hybrid,6,68,2,3,3,10,92,7,9,Male,30s,Meets Expectations
E0598,Engineering,Bachelor's,Remote,3,27,4,1,4,5,95,24,6,Female,40s,Exceeds Expectations
E0599,Marketing,Master's,On-site,3,25,5,5,5,3,86,29,3,Male,30s,Exceeds Expectations
E0600,Engineering,Master's,On-site,0,30,3,3,3,3,61,7,3,Female,20s,Meets Expectations
E0601,Engineering,High School,Hybrid,3,40,4,3,4,5,58,9,8,Male,40s,Meets Expectations
E0602,Engineering,Master's,On-site,1,8,3,4,4,7,70,3,7,Male,30s,Needs Improvement
E0603,Engineering,Master's,On-site,14,55,4,2,3,5,84,5,7,Male,40s,Meets Expectations
E0604,Operations,PhD,Hybrid,5,37,3,1,5,2,98,13,3,Male,30s,Exceeds Expectations
E0605,Operations,Bachelor's,Hybrid,5,57,1,5,5,4,52,11,4,Female,30s,Meets Expectations
E0606,Finance,Bachelor's,Hybrid,9,0,3,2,4,4,81,16,6,Female,40s,Meets Expectations
E0607,Marketing,Master's,On-site,6,57,3,5,4,11,69,8,3,Male,40s,Exceeds Expectations
E0608,Finance,Master's,Remote,11,67,4,4,2,4,69,18,6,Male,40s,Exceeds Expectations
E0609,Operations,PhD,Hybrid,0,49,3,3,2,3,78,13,7,Male,20s,Needs Improvement
E0610,HR,Bachelor's,Hybrid,5,41,3,3,3,8,27,4,3,Female,40s,Needs Improvement
E0611,Engineering,Bachelor's,On-site,3,57,3,5,3,9,68,12,4,Male,20s,Meets Expectations
E0612,Finance,Bachelor's,Remote,7,65,5,2,4,5,48,22,7,Female,30s,Meets Expectations
E0613,Operations,Master's,Remote,1,50,5,2,1,5,80,1,5,Female,20s,Meets Expectations
E0614,Engineering,Master's,On-site,3,52,3,4,4,5,73,9,6,Female,40s,Meets Expectations
E0615,Sales,Master's,Hybrid,5,73,2,2,3,10,95,5,6,Male,20s,Exceeds Expectations
E0616,Sales,Bachelor's,Hybrid,1,55,1,2,3,6,92,13,7,Male,20s,Needs Improvement
E0617,Sales,PhD,Hybrid,9,24,4,3,5,4,58,7,5,Male,40s,Exceeds Expectations
E0618,Finance,High School,Hybrid,9,65,3,4,3,2,72,14,6,Male,30s,Meets Expectations
E0619,Sales,Bachelor's,On-site,3,38,3,5,2,5,94,18,4,Female,30s,Exceeds Expectations
E0620,Operations,Bachelor's,Hybrid,13,41,4,5,4,7,76,8,6,Female,40s,Exceeds Expectations
E0621,Operations,Bachelor's,Remote,5,42,2,1,4,5,80,12,6,Female,30s,Needs Improvement
E0622,Engineering,Master's,On-site,7,59,4,4,3,5,94,23,6,Female,30s,Exceeds Expectations
E0623,Operations,Bachelor's,On-site,9,75,3,2,5,6,92,12,5,Female,30s,Exceeds Expectations
E0624,Finance,High School,On-site,4,40,2,2,4,7,72,3,8,Female,30s,Needs Improvement
E0625,HR,Bachelor's,Remote,3,75,3,3,4,4,86,3,8,Male,40s,Exceeds Expectations
E0626,HR,Bachelor's,On-site,2,43,3,3,4,5,83,7,3,Male,30s,Meets Expectations
E0627,Operations,Master's,On-site,6,68,4,2,5,5,96,10,7,Male,30s,Exceeds Expectations
E0628,Sales,Bachelor's,Hybrid,16,44,4,1,3,9,70,15,4,Female,40s,Meets Expectations
E0629,Engineering,Bachelor's,Hybrid,4,30,4,5,2,6,89,8,4,Male,20s,Exceeds Expectations
E0630,Sales,High School,Hybrid,0,78,3,4,4,1,62,3,6,Female,20s,Meets Expectations
E0631,Engineering,Master's,Remote,8,28,3,3,4,10,76,20,3,Female,50+,Meets Expectations
E0632,Finance,Bachelor's,On-site,18,27,3,2,4,5,83,13,6,Male,50+,Meets Expectations
E0633,Engineering,Bachelor's,Hybrid,5,15,2,4,3,4,80,4,10,Female,30s,Needs Improvement
E0634,Marketing,Bachelor's,Hybrid,0,65,3,3,4,10,74,1,2,Male,20s,Meets Expectations
E0635,Sales,Bachelor's,On-site,5,70,2,3,2,8,69,13,6,Male,30s,Meets Expectations
E0636,Operations,Bachelor's,Remote,2,47,5,2,3,4,81,9,3,Female,30s,Exceeds Expectations
E0637,HR,High School,Hybrid,5,20,3,4,3,4,77,13,8,Male,30s,Meets Expectations
E0638,Operations,Master's,On-site,1,40,4,3,4,5,71,6,5,Female,20s,Meets Expectations
E0639,Operations,Bachelor's,On-site,3,34,3,3,3,6,80,17,7,Non-binary,40s,Meets Expectations
E0640,Engineering,Bachelor's,On-site,3,19,3,3,2,8,45,4,2,Male,40s,Needs Improvement
E0641,Finance,PhD,Remote,1,30,4,4,3,3,76,11,4,Female,20s,Meets Expectations
E0642,Engineering,Bachelor's,On-site,10,50,4,3,4,3,42,20,5,Female,40s,Meets Expectations
E0643,Operations,Bachelor's,Remote,19,28,4,3,4,4,55,13,6,Female,50+,Meets Expectations
E0644,Marketing,Bachelor's,On-site,6,46,3,4,3,7,74,3,6,Male,30s,Meets Expectations
E0645,Sales,Bachelor's,Remote,4,4,4,4,4,6,68,19,3,Female,30s,Exceeds Expectations
E0646,Engineering,High School,Remote,4,74,4,5,5,6,42,12,3,Male,30s,Exceeds Expectations
E0647,Sales,Master's,On-site,9,32,1,2,4,6,39,16,4,Female,40s,Needs Improvement
E0648,Operations,Bachelor's,On-site,0,57,3,4,1,7,63,3,6,Non-binary,20s,Needs Improvement
E0649,Operations,Master's,Remote,8,44,4,2,4,2,40,15,6,Female,30s,Meets Expectations
E0650,Engineering,PhD,On-site,6,48,2,4,3,9,47,3,5,Male,30s,Meets Expectations
E0651,Sales,High School,On-site,17,17,2,3,2,4,59,15,5,Male,50+,Meets Expectations
E0652,Sales,Master's,Remote,3,25,3,4,2,5,82,11,5,Female,30s,Meets Expectations
E0653,Marketing,High School,Remote,11,25,4,5,4,3,50,6,6,Female,50+,Meets Expectations
E0654,Engineering,Bachelor's,Hybrid,1,41,3,3,4,7,34,10,5,Male,20s,Meets Expectations
E0655,Sales,Master's,Remote,2,67,5,3,3,7,90,4,8,Male,40s,Exceeds Expectations
E0656,Operations,High School,Hybrid,8,49,5,3,3,4,82,6,6,Male,30s,Exceeds Expectations
E0657,Sales,PhD,Hybrid,3,22,1,3,4,4,74,8,2,Female,20s,Needs Improvement
E0658,Finance,Bachelor's,On-site,8,42,3,4,2,9,67,13,6,Male,30s,Meets Expectations
E0659,HR,Bachelor's,Hybrid,4,38,1,3,3,2,100,5,2,Male,40s,Meets Expectations
E0660,Sales,High School,Hybrid,7,33,4,1,3,7,73,9,7,Male,30s,Meets Expectations
E0661,Marketing,Bachelor's,Hybrid,0,40,3,4,2,1,69,19,6,Female,20s,Needs Improvement
E0662,Engineering,Bachelor's,Remote,5,55,3,4,3,6,65,9,6,Female,30s,Meets Expectations
E0663,Engineering,Bachelor's,Hybrid,4,26,4,3,4,6,75,8,3,Non-binary,20s,Meets Expectations
E0664,Operations,Bachelor's,Hybrid,3,33,2,2,3,6,56,20,4,Male,30s,Meets Expectations
E0665,Operations,High School,Hybrid,7,60,2,2,4,5,86,7,3,Male,30s,Meets Expectations
E0666,Finance,PhD,On-site,0,49,1,2,4,3,89,6,3,Male,20s,Meets Expectations
E0667,Engineering,Bachelor's,On-site,0,66,5,3,3,7,88,21,5,Female,20s,Exceeds Expectations
E0668,Engineering,Bachelor's,Remote,10,69,4,1,2,8,67,12,3,Male,40s,Meets Expectations
E0669,Engineering,Master's,On-site,3,13,3,4,3,3,74,8,6,Male,30s,Meets Expectations
E0670,Operations,Master's,Hybrid,0,46,2,3,2,5,47,11,3,Male,20s,Needs Improvement
E0671,Operations,Master's,Hybrid,10,30,4,4,3,2,48,8,3,Male,40s,Meets Expectations
E0672,HR,PhD,Remote,3,16,5,4,4,8,80,7,7,Male,30s,Exceeds Expectations
E0673,Operations,Bachelor's,Hybrid,1,24,3,2,4,6,83,1,1,Female,30s,Meets Expectations
E0674,Engineering,Bachelor's,On-site,1,34,2,2,3,8,40,12,4,Male,20s,Needs Improvement
E0675,HR,Master's,On-site,9,34,5,2,3,3,47,19,4,Male,40s,Meets Expectations
E0676,Engineering,High School,Hybrid,6,28,2,5,3,2,53,10,4,Female,30s,Meets Expectations
E0677,Sales,Master's,On-site,20,40,3,3,3,5,74,27,6,Non-binary,50+,Meets Expectations
E0678,Operations,High School,Hybrid,8,89,1,4,4,3,61,10,2,Female,40s,Meets Expectations
E0679,Operations,Master's,On-site,5,5,3,3,4,5,49,5,2,Female,30s,Needs Improvement
E0680,Engineering,Master's,On-site,4,63,2,4,3,9,63,4,5,Non-binary,30s,Meets Expectations
E0681,Engineering,Bachelor's,Remote,9,40,5,2,4,11,63,16,4,Male,40s,Exceeds Expectations
E0682,Marketing,Bachelor's,Remote,10,31,2,4,3,6,83,8,5,Male,40s,Meets Expectations
E0683,Engineering,PhD,Hybrid,10,0,4,2,2,7,64,3,2,Male,40s,Meets Expectations
E0684,HR,Master's,On-site,4,55,3,1,2,5,91,4,1,Male,30s,Meets Expectations
E0685,Marketing,Master's,Remote,5,11,3,5,4,5,35,10,4,Female,30s,Needs Improvement
E0686,Sales,Master's,Hybrid,5,57,4,3,2,6,75,19,5,Male,30s,Meets Expectations
E0687,Sales,High School,Remote,11,75,3,3,3,8,100,6,3,Male,40s,Exceeds Expectations
E0688,Engineering,High School,On-site,4,14,3,1,3,8,66,10,8,Male,40s,Meets Expectations
E0689,Operations,Bachelor's,On-site,5,63,2,4,2,9,64,20,4,Male,30s,Meets Expectations
E0690,Sales,Master's,Hybrid,4,41,4,4,2,6,57,35,2,Female,30s,Needs Improvement
E0691,Marketing,Bachelor's,Remote,2,0,1,3,2,5,45,7,6,Female,30s,Needs Improvement
E0692,Sales,Bachelor's,On-site,6,16,5,4,2,6,85,7,5,Male,30s,Exceeds Expectations
E0693,Finance,PhD,On-site,11,44,3,4,4,4,55,10,6,Male,40s,Meets Expectations
E0694,Engineering,High School,Hybrid,0,48,3,4,4,8,83,10,0,Female,20s,Exceeds Expectations
E0695,Engineering,Master's,Remote,4,8,4,1,3,4,74,17,5,Female,20s,Meets Expectations
E0696,Finance,Bachelor's,Hybrid,2,41,3,2,2,6,79,11,3,Female,20s,Meets Expectations
E0697,Finance,Bachelor's,Remote,0,56,3,5,4,8,53,6,5,Male,20s,Meets Expectations
E0698,Engineering,High School,Hybrid,2,60,2,3,4,7,73,6,6,Female,20s,Meets Expectations
E0699,Sales,Master's,Remote,2,32,4,3,3,2,68,8,4,Male,20s,Meets Expectations
E0700,Operations,Master's,Hybrid,6,49,3,2,4,10,71,14,4,Male,30s,Meets Expectations
E0701,Engineering,Bachelor's,On-site,13,61,3,3,4,3,28,3,6,Female,40s,Meets Expectations
E0702,Engineering,Bachelor's,Hybrid,6,57,5,4,4,11,76,15,3,Male,30s,Exceeds Expectations
E0703,Sales,Bachelor's,Hybrid,1,58,2,5,2,5,100,2,3,Male,20s,Meets Expectations
E0704,Sales,Bachelor's,Hybrid,4,42,3,4,2,6,48,4,1,Female,30s,Meets Expectations
E0705,Marketing,Bachelor's,On-site,4,38,2,4,2,5,83,1,9,Female,40s,Needs Improvement
E0706,Finance,Bachelor's,Hybrid,3,45,4,4,5,8,64,24,4,Female,20s,Exceeds Expectations
E0707,HR,Master's,Remote,2,25,3,3,3,6,51,11,4,Male,20s,Meets Expectations
E0708,Marketing,Master's,On-site,7,62,3,2,3,7,57,13,7,Male,40s,Meets Expectations
E0709,Sales,High School,Remote,6,9,3,2,4,7,91,3,5,Male,30s,Exceeds Expectations
E0710,Finance,Master's,On-site,9,30,3,5,3,8,73,11,7,Non-binary,40s,Meets Expectations
E0711,Engineering,Bachelor's,On-site,4,39,5,3,3,4,66,11,7,Male,30s,Meets Expectations
E0712,Sales,PhD,On-site,6,49,3,4,3,3,43,7,4,Female,40s,Needs Improvement
E0713,Finance,Bachelor's,Hybrid,3,53,4,3,4,10,77,14,4,Female,20s,Exceeds Expectations
E0714,Sales,High School,On-site,6,70,2,3,2,5,85,12,7,Male,30s,Meets Expectations
E0715,Engineering,Master's,Hybrid,2,42,4,4,3,6,73,9,5,Male,30s,Exceeds Expectations
E0716,Sales,High School,Hybrid,2,26,3,4,1,8,50,12,10,Male,20s,Needs Improvement
E0717,Finance,Master's,Hybrid,0,37,4,2,2,7,76,11,6,Male,20s,Needs Improvement
E0718,Engineering,PhD,Remote,7,34,4,4,2,6,98,19,4,Female,40s,Exceeds Expectations
E0719,Finance,Master's,Remote,2,50,3,2,4,7,65,3,1,Female,30s,Meets Expectations
E0720,Finance,Bachelor's,Hybrid,2,19,3,3,3,9,85,24,2,Male,20s,Meets Expectations
E0721,Marketing,Bachelor's,On-site,4,36,1,2,4,11,64,8,4,Male,30s,Meets Expectations
E0722,Engineering,Bachelor's,On-site,6,72,3,3,4,7,65,10,9,Male,40s,Meets Expectations
E0723,Operations,High School,Hybrid,0,44,3,3,4,9,71,3,10,Female,20s,Meets Expectations
E0724,Engineering,Master's,Hybrid,1,19,2,3,3,7,62,5,8,Male,20s,Needs Improvement
E0725,Operations,Bachelor's,Hybrid,4,33,5,4,3,4,61,10,7,Female,20s,Meets Expectations
E0726,Finance,Bachelor's,Hybrid,16,0,4,3,4,13,68,12,3,Female,40s,Meets Expectations
E0727,Engineering,Bachelor's,Hybrid,4,39,1,5,5,6,83,18,4,Male,30s,Exceeds Expectations
E0728,Operations,PhD,On-site,3,73,3,4,3,1,69,2,4,Male,40s,Meets Expectations
E0729,HR,PhD,On-site,2,16,2,3,4,7,67,6,8,Male,20s,Meets Expectations
E0730,Sales,Bachelor's,On-site,3,11,4,3,3,7,71,4,3,Female,20s,Meets Expectations
E0731,Sales,Bachelor's,Remote,10,27,3,4,3,3,93,7,7,Female,40s,Meets Expectations
E0732,Marketing,Master's,Hybrid,2,58,3,4,4,8,52,11,3,Male,30s,Meets Expectations
E0733,Finance,Bachelor's,Hybrid,5,74,4,2,5,7,79,15,8,Male,40s,Exceeds Expectations
E0734,Operations,PhD,Hybrid,2,49,4,4,4,6,81,31,8,Male,30s,Exceeds Expectations
E0735,Engineering,Master's,Hybrid,9,14,5,2,3,3,65,7,5,Female,30s,Meets Expectations
E0736,Marketing,Master's,On-site,6,40,3,4,4,9,88,9,6,Male,30s,Exceeds Expectations
E0737,Finance,High School,On-site,8,76,2,4,4,9,83,19,3,Female,40s,Meets Expectations
E0738,Marketing,Master's,On-site,8,34,4,3,5,9,81,7,1,Female,40s,Exceeds Expectations
E0739,HR,PhD,On-site,0,43,4,1,4,4,48,27,7,Male,20s,Needs Improvement
E0740,Sales,Bachelor's,On-site,0,45,4,1,3,4,59,5,5,Female,20s,Needs Improvement
E0741,Finance,Master's,Hybrid,3,9,3,4,5,8,57,7,3,Male,40s,Exceeds Expectations
E0742,Sales,Bachelor's,On-site,11,60,2,1,4,7,80,13,7,Male,40s,Meets Expectations
E0743,Engineering,PhD,On-site,3,57,4,4,4,7,82,16,5,Female,20s,Exceeds Expectations
E0744,HR,Master's,On-site,0,0,2,4,4,8,64,9,4,Female,20s,Needs Improvement
E0745,Engineering,High School,On-site,4,13,3,4,4,1,64,42,3,Male,30s,Needs Improvement
E0746,Engineering,Bachelor's,On-site,12,21,5,3,4,5,100,12,9,Male,40s,Exceeds Expectations
E0747,Engineering,High School,On-site,14,55,5,4,3,8,71,6,8,Male,50+,Exceeds Expectations
E0748,Finance,Bachelor's,On-site,3,25,4,3,4,7,75,9,7,Female,40s,Meets Expectations
E0749,Operations,Master's,Remote,2,48,3,2,3,3,64,3,6,Male,30s,Needs Improvement
E0750,Sales,Bachelor's,On-site,3,36,3,4,4,7,89,5,8,Male,20s,Exceeds Expectations
E0751,Engineering,PhD,On-site,4,41,4,5,3,4,75,5,5,Female,30s,Exceeds Expectations
E0752,Operations,High School,Hybrid,2,50,5,4,3,3,71,9,8,Female,30s,Meets Expectations
E0753,Engineering,Master's,On-site,1,45,3,3,3,5,72,8,4,Male,20s,Exceeds Expectations
E0754,Operations,PhD,Hybrid,6,40,3,4,3,2,61,15,6,Female,50+,Meets Expectations
E0755,Marketing,Master's,Hybrid,11,47,3,4,2,3,53,5,2,Female,50+,Meets Expectations
E0756,Engineering,Master's,Remote,10,44,2,4,4,6,68,13,6,Non-binary,40s,Meets Expectations
E0757,HR,PhD,Remote,1,36,2,4,4,7,93,23,5,Female,20s,Exceeds Expectations
E0758,Sales,Bachelor's,Hybrid,10,31,2,2,3,10,63,18,4,Male,40s,Meets Expectations
E0759,Finance,Master's,On-site,5,78,4,4,4,3,85,6,8,Male,40s,Exceeds Expectations
E0760,Engineering,High School,Hybrid,5,31,4,4,3,5,62,24,5,Male,40s,Exceeds Expectations
E0761,Operations,Bachelor's,On-site,6,67,4,4,3,6,38,5,5,Female,40s,Meets Expectations
E0762,Finance,Bachelor's,Hybrid,10,26,2,4,4,3,60,15,6,Female,40s,Meets Expectations
E0763,Operations,Master's,On-site,13,56,2,5,5,8,42,10,4,Male,40s,Meets Expectations
E0764,Operations,Master's,Hybrid,7,76,4,1,4,10,80,7,7,Male,40s,Meets Expectations
E0765,Engineering,Bachelor's,On-site,2,33,2,4,3,3,39,7,2,Female,30s,Needs Improvement
E0766,HR,PhD,Hybrid,0,27,3,4,3,8,69,16,8,Female,20s,Needs Improvement
E0767,Operations,High School,On-site,3,31,4,4,4,6,56,5,4,Male,30s,Meets Expectations
E0768,Sales,PhD,On-site,5,40,3,5,4,9,58,34,4,Female,30s,Meets Expectations
E0769,Engineering,High School,Hybrid,0,46,3,2,4,6,82,12,3,Male,20s,Meets Expectations
E0770,Sales,Bachelor's,Hybrid,17,39,3,5,4,7,66,23,2,Male,50+,Exceeds Expectations
E0771,Engineering,Bachelor's,On-site,12,32,3,4,4,6,68,9,3,Female,50+,Meets Expectations
E0772,Operations,Bachelor's,On-site,10,79,4,3,5,4,67,9,7,Male,40s,Exceeds Expectations
E0773,Sales,Master's,Remote,9,36,2,2,2,3,62,24,0,Male,30s,Meets Expectations
E0774,Finance,Master's,Hybrid,3,28,3,3,5,8,55,11,5,Male,40s,Meets Expectations
E0775,Operations,Master's,Hybrid,7,57,4,3,4,7,41,24,3,Male,30s,Meets Expectations
E0776,Sales,Bachelor's,Hybrid,3,57,5,4,5,8,74,6,5,Female,30s,Exceeds Expectations
E0777,Finance,Bachelor's,Hybrid,3,68,2,3,3,4,73,10,2,Male,20s,Needs Improvement
E0778,Engineering,High School,Hybrid,7,79,4,4,4,7,86,1,6,Female,40s,Exceeds Expectations
E0779,Engineering,Bachelor's,On-site,2,47,3,3,4,2,74,13,6,Male,30s,Meets Expectations
E0780,Engineering,High School,Hybrid,2,34,3,4,4,6,61,10,3,Male,20s,Meets Expectations
E0781,Sales,Bachelor's,Hybrid,2,2,3,5,4,5,65,5,7,Female,30s,Meets Expectations
E0782,Sales,Master's,On-site,2,21,4,2,4,5,77,7,5,Male,30s,Meets Expectations
E0783,Sales,PhD,Hybrid,15,44,4,3,4,7,86,14,7,Male,50+,Exceeds Expectations
E0784,Engineering,Master's,On-site,8,16,5,4,3,5,62,12,3,Female,40s,Exceeds Expectations
E0785,Engineering,High School,On-site,8,8,2,3,3,6,86,3,10,Male,30s,Meets Expectations
E0786,Marketing,Bachelor's,Remote,7,41,2,2,4,3,67,17,6,Female,30s,Meets Expectations
E0787,Engineering,Bachelor's,Remote,6,56,5,4,3,4,57,10,6,Female,30s,Meets Expectations
E0788,Operations,Bachelor's,On-site,3,35,3,3,3,4,58,29,5,Female,30s,Needs Improvement
E0789,Operations,Bachelor's,Hybrid,1,58,3,3,2,6,63,23,6,Male,20s,Needs Improvement
E0790,Finance,PhD,On-site,8,52,3,2,3,7,68,7,7,Male,30s,Meets Expectations
E0791,Marketing,Bachelor's,Hybrid,1,63,2,4,3,8,86,14,7,Male,20s,Exceeds Expectations
E0792,Marketing,Bachelor's,Hybrid,1,83,4,3,3,7,98,21,6,Male,20s,Exceeds Expectations
E0793,Marketing,Bachelor's,Hybrid,5,92,3,4,2,2,65,5,6,Male,40s,Meets Expectations
E0794,Operations,PhD,On-site,4,55,4,3,3,7,46,16,6,Female,40s,Meets Expectations
E0795,Operations,High School,On-site,0,31,4,3,4,3,59,20,5,Female,20s,Meets Expectations
E0796,Sales,Master's,Remote,7,41,4,4,3,8,63,18,5,Male,30s,Meets Expectations
E0797,Marketing,Bachelor's,On-site,12,71,3,2,3,3,72,6,1,Female,40s,Meets Expectations
E0798,Operations,Bachelor's,On-site,13,22,5,5,4,9,39,7,4,Male,40s,Meets Expectations
E0799,Engineering,Master's,Hybrid,6,69,4,3,4,4,85,2,4,Female,40s,Exceeds Expectations
E0800,HR,High School,Hybrid,5,37,3,3,4,3,54,25,5,Male,30s,Meets Expectations
E0801,Marketing,Master's,On-site,1,45,2,3,3,6,73,11,4,Female,20s,Meets Expectations
E0802,Finance,High School,Hybrid,2,24,3,3,3,12,66,7,3,Male,20s,Meets Expectations
E0803,Sales,Bachelor's,On-site,5,14,4,4,3,4,57,8,5,Male,30s,Meets Expectations
E0804,Sales,Bachelor's,Hybrid,7,34,2,2,3,6,89,7,7,Female,30s,Meets Expectations
E0805,Engineering,Master's,Remote,5,66,3,3,2,2,61,2,7,Female,40s,Needs Improvement
E0806,HR,Master's,Hybrid,13,26,2,3,3,4,53,14,6,Male,40s,Meets Expectations
E0807,Operations,Master's,Hybrid,7,72,2,5,5,3,77,7,7,Female,30s,Meets Expectations
E0808,Operations,Bachelor's,Hybrid,2,29,2,4,4,8,82,5,4,Female,20s,Meets Expectations
E0809,Sales,Bachelor's,On-site,1,19,3,5,5,2,65,4,7,Male,30s,Meets Expectations
E0810,Engineering,Bachelor's,Hybrid,10,45,4,3,4,5,71,1,7,Female,30s,Meets Expectations
E0811,Operations,Bachelor's,Remote,3,54,3,5,3,7,83,5,5,Female,30s,Meets Expectations
E0812,Finance,High School,Remote,3,44,1,4,3,6,65,9,8,Female,30s,Needs Improvement
E0813,HR,PhD,Remote,4,43,5,4,4,6,64,6,8,Female,30s,Meets Expectations
E0814,Sales,Bachelor's,Hybrid,2,72,4,4,4,5,81,3,5,Male,30s,Meets Expectations
E0815,Engineering,High School,Hybrid,3,42,4,3,4,5,66,4,4,Female,30s,Meets Expectations
E0816,Operations,Master's,On-site,4,31,5,5,3,8,56,11,3,Female,30s,Meets Expectations
E0817,Marketing,Bachelor's,Remote,3,17,3,3,4,6,68,4,7,Male,30s,Meets Expectations
E0818,Sales,Master's,Hybrid,7,65,3,4,3,10,53,2,6,Male,30s,Meets Expectations
E0819,Operations,Bachelor's,On-site,9,31,5,4,3,8,67,30,4,Female,30s,Meets Expectations
E0820,Marketing,Bachelor's,Remote,2,33,5,2,3,7,84,6,4,Male,20s,Meets Expectations
E0821,Operations,Bachelor's,Hybrid,4,61,4,3,3,4,49,2,5,Male,30s,Needs Improvement
E0822,Sales,Bachelor's,Remote,5,81,4,3,3,5,67,5,4,Female,40s,Exceeds Expectations
E0823,Sales,Master's,Hybrid,3,45,2,3,3,9,78,18,6,Female,20s,Meets Expectations
E0824,Operations,Bachelor's,Remote,0,37,3,3,4,6,67,18,4,Male,20s,Meets Expectations
E0825,Operations,Bachelor's,Hybrid,0,40,5,5,2,5,90,10,4,Female,20s,Exceeds Expectations
E0826,Operations,High School,Hybrid,2,31,4,2,4,6,69,13,5,Female,30s,Meets Expectations
E0827,Operations,Bachelor's,Hybrid,7,33,2,2,3,9,74,3,3,Male,30s,Meets Expectations
E0828,Sales,Bachelor's,On-site,4,33,3,3,3,3,90,10,5,Female,30s,Exceeds Expectations
E0829,Engineering,Master's,On-site,11,58,5,4,3,4,76,2,4,Female,40s,Exceeds Expectations
E0830,Sales,Bachelor's,Remote,0,38,4,4,4,9,68,24,4,Female,20s,Meets Expectations
E0831,Operations,Bachelor's,Remote,6,67,3,4,1,4,61,4,3,Male,40s,Needs Improvement
E0832,Sales,Bachelor's,Remote,10,38,4,4,4,5,66,10,5,Male,50+,Exceeds Expectations
E0833,Finance,Bachelor's,On-site,1,33,3,3,3,7,74,2,2,Female,20s,Meets Expectations
E0834,Operations,Bachelor's,On-site,4,66,3,3,3,3,56,23,1,Female,30s,Needs Improvement
E0835,Operations,Master's,Remote,3,40,2,2,4,4,89,24,7,Non-binary,20s,Meets Expectations
E0836,Operations,Master's,On-site,3,37,4,2,2,6,100,17,6,Male,20s,Exceeds Expectations
E0837,HR,Master's,Hybrid,2,41,4,3,3,9,68,16,4,Male,30s,Meets Expectations
E0838,HR,Bachelor's,On-site,12,69,4,4,2,8,41,22,4,Female,40s,Meets Expectations
E0839,Operations,High School,Remote,8,46,4,3,5,11,80,1,3,Female,50+,Exceeds Expectations
E0840,Engineering,Master's,Hybrid,1,65,5,3,4,4,70,14,3,Female,30s,Meets Expectations
E0841,Engineering,Bachelor's,On-site,6,35,4,2,4,7,79,8,5,Male,50+,Exceeds Expectations
E0842,Operations,Bachelor's,Hybrid,5,62,4,5,3,1,68,15,3,Male,30s,Meets Expectations
E0843,Finance,PhD,On-site,8,45,3,2,3,4,83,10,3,Female,50+,Meets Expectations
E0844,HR,Bachelor's,Hybrid,6,58,2,3,3,5,57,15,6,Male,30s,Needs Improvement
E0845,Engineering,Master's,Hybrid,4,59,3,4,4,5,75,12,10,Male,30s,Meets Expectations
E0846,HR,Bachelor's,Hybrid,9,21,4,3,4,6,73,1,5,Male,30s,Meets Expectations
E0847,Operations,Bachelor's,Hybrid,10,41,4,2,4,7,75,10,7,Female,50+,Exceeds Expectations
E0848,Marketing,High School,On-site,9,59,5,4,4,3,81,33,6,Female,40s,Meets Expectations
E0849,Sales,Bachelor's,On-site,4,62,3,2,3,6,83,8,5,Male,30s,Meets Expectations
E0850,HR,Bachelor's,Remote,7,65,4,5,4,5,50,11,7,Female,40s,Meets Expectations
E0851,Operations,Master's,Hybrid,1,42,3,3,3,3,81,24,3,Female,30s,Meets Expectations
E0852,Operations,Master's,Hybrid,4,71,5,3,2,12,71,3,7,Female,30s,Meets Expectations
E0853,Sales,Bachelor's,On-site,14,27,4,2,5,4,65,9,9,Male,40s,Exceeds Expectations
E0854,Marketing,Bachelor's,Remote,9,10,4,2,4,6,73,12,4,Female,30s,Meets Expectations
E0855,Engineering,Bachelor's,Hybrid,4,34,3,3,5,8,72,6,7,Male,30s,Exceeds Expectations
E0856,Sales,Bachelor's,On-site,7,64,3,5,3,5,70,5,4,Male,30s,Meets Expectations
E0857,Engineering,Master's,Hybrid,5,18,2,3,5,4,40,17,3,Male,30s,Meets Expectations
E0858,HR,High School,Hybrid,3,11,2,4,3,4,70,21,3,Male,40s,Needs Improvement
E0859,Marketing,PhD,Hybrid,0,6,3,4,4,6,65,22,2,Male,20s,Meets Expectations
E0860,Sales,High School,Remote,7,55,3,5,3,6,74,4,2,Male,40s,Meets Expectations
E0861,Engineering,Bachelor's,Hybrid,2,11,3,3,4,5,67,15,3,Male,20s,Needs Improvement
E0862,Engineering,Master's,Remote,1,51,4,5,3,5,100,10,6,Male,20s,Exceeds Expectations
E0863,Engineering,High School,Hybrid,4,33,3,3,3,2,65,10,4,Male,30s,Needs Improvement
E0864,Finance,Bachelor's,On-site,7,25,3,2,4,7,44,6,6,Female,30s,Needs Improvement
E0865,Engineering,Bachelor's,Hybrid,3,20,3,3,3,5,66,16,3,Male,30s,Meets Expectations
E0866,Engineering,Master's,Hybrid,3,44,4,3,4,6,61,1,6,Male,40s,Meets Expectations
E0867,Operations,Bachelor's,On-site,1,25,3,4,4,4,71,17,7,Male,20s,Meets Expectations
E0868,Engineering,High School,Hybrid,6,40,4,1,5,4,61,16,4,Female,30s,Meets Expectations
E0869,Operations,Bachelor's,On-site,3,48,3,3,4,4,78,6,4,Female,30s,Meets Expectations
E0870,Marketing,Bachelor's,On-site,2,52,4,3,2,2,68,4,7,Male,30s,Needs Improvement
E0871,Finance,PhD,Remote,8,59,2,2,3,9,74,4,6,Male,30s,Meets Expectations
E0872,Marketing,High School,On-site,3,43,4,2,3,5,92,8,4,Female,20s,Exceeds Expectations
E0873,Engineering,Bachelor's,Remote,12,19,5,3,3,12,69,5,2,Male,40s,Exceeds Expectations
E0874,Operations,Bachelor's,On-site,6,49,2,3,5,8,47,21,4,Male,30s,Meets Expectations
E0875,Operations,Bachelor's,Hybrid,0,53,4,3,4,5,60,14,4,Female,20s,Meets Expectations
E0876,Sales,PhD,Remote,0,36,3,2,3,7,46,23,7,Male,20s,Needs Improvement
E0877,Finance,Bachelor's,Hybrid,8,34,4,3,5,4,59,4,1,Female,30s,Exceeds Expectations
E0878,HR,Master's,Remote,7,90,4,2,3,4,12,27,7,Male,30s,Needs Improvement
E0879,Operations,Bachelor's,On-site,7,14,1,2,3,9,81,6,2,Female,30s,Meets Expectations
E0880,Operations,Master's,On-site,5,50,4,3,2,6,44,6,6,Female,30s,Needs Improvement
E0881,Engineering,Bachelor's,Hybrid,3,61,4,2,2,6,80,17,2,Non-binary,30s,Meets Expectations
E0882,Operations,Bachelor's,Hybrid,9,33,5,3,2,5,58,12,4,Female,40s,Meets Expectations
E0883,Operations,High School,Hybrid,1,37,2,3,4,7,64,10,3,Male,20s,Meets Expectations
E0884,Finance,High School,Hybrid,1,32,3,2,4,3,94,19,6,Male,20s,Exceeds Expectations
E0885,Engineering,PhD,On-site,2,40,3,2,3,8,63,1,7,Female,20s,Needs Improvement
E0886,Operations,Master's,On-site,8,58,1,1,3,9,52,6,5,Male,30s,Needs Improvement
E0887,Marketing,Bachelor's,Remote,14,36,3,4,4,3,60,2,7,Female,40s,Meets Expectations
E0888,Sales,Bachelor's,Hybrid,5,102,2,4,2,4,48,8,7,Male,30s,Needs Improvement
E0889,Operations,Master's,Hybrid,0,31,4,5,5,14,82,26,6,Male,20s,Exceeds Expectations
E0890,Marketing,Bachelor's,Hybrid,0,68,2,3,4,3,77,25,4,Male,20s,Meets Expectations
E0891,Operations,Bachelor's,Remote,4,51,2,4,4,8,63,3,2,Female,20s,Meets Expectations
E0892,Marketing,Master's,Remote,1,42,3,4,4,5,80,9,5,Male,30s,Needs Improvement
E0893,Sales,Bachelor's,On-site,5,69,4,2,2,6,78,21,4,Male,30s,Meets Expectations
E0894,Operations,Bachelor's,Remote,2,8,5,3,3,6,64,7,4,Male,30s,Meets Expectations
E0895,Marketing,Bachelor's,On-site,2,49,4,3,5,3,72,8,5,Male,30s,Exceeds Expectations
E0896,HR,High School,Hybrid,4,26,2,3,3,10,64,3,2,Female,40s,Meets Expectations
E0897,Sales,Master's,Remote,5,31,3,4,4,7,57,5,4,Female,30s,Meets Expectations
E0898,Engineering,Master's,On-site,3,30,4,3,5,8,27,7,8,Female,20s,Meets Expectations
E0899,Finance,PhD,On-site,11,21,2,3,4,4,63,7,6,Female,40s,Meets Expectations
E0900,Sales,Bachelor's,Hybrid,1,7,4,5,3,4,68,11,7,Male,20s,Meets Expectations
E0901,Operations,Master's,Remote,10,48,4,3,4,11,46,13,6,Female,40s,Exceeds Expectations
E0902,Operations,PhD,On-site,3,39,3,3,2,10,81,26,1,Female,30s,Meets Expectations
E0903,Finance,Bachelor's,Hybrid,8,34,2,3,4,8,64,9,5,Female,30s,Meets Expectations
E0904,Engineering,PhD,Hybrid,15,55,4,3,4,4,74,10,4,Female,50+,Exceeds Expectations
E0905,Finance,PhD,Hybrid,5,49,3,2,4,5,72,8,7,Male,30s,Meets Expectations
E0906,Engineering,Master's,Hybrid,6,35,3,2,4,10,66,7,5,Male,50+,Exceeds Expectations
E0907,Operations,PhD,Hybrid,2,101,3,5,4,7,59,7,2,Female,30s,Exceeds Expectations
E0908,HR,Bachelor's,Hybrid,2,60,2,2,4,2,56,15,5,Female,20s,Meets Expectations
E0909,Operations,Bachelor's,Hybrid,3,89,3,3,5,7,41,6,8,Female,30s,Meets Expectations
E0910,Sales,Master's,Remote,1,32,2,4,3,9,91,17,5,Male,20s,Exceeds Expectations
E0911,Engineering,Master's,Remote,3,45,3,4,5,5,73,15,4,Female,20s,Exceeds Expectations
E0912,Operations,High School,On-site,3,15,4,4,5,5,52,12,5,Male,40s,Meets Expectations
E0913,HR,Bachelor's,Hybrid,2,33,4,5,4,2,77,10,7,Male,40s,Exceeds Expectations
E0914,Operations,Bachelor's,Hybrid,5,28,3,3,3,7,49,20,3,Female,30s,Needs Improvement
E0915,Operations,Master's,On-site,13,100,2,5,4,4,77,19,7,Female,40s,Exceeds Expectations
E0916,HR,Bachelor's,Hybrid,14,26,3,4,3,8,75,25,6,Female,40s,Meets Expectations
E0917,Sales,Bachelor's,Hybrid,7,35,3,5,3,4,57,10,4,Female,40s,Meets Expectations
E0918,HR,Bachelor's,On-site,4,11,1,3,4,6,42,7,2,Female,40s,Needs Improvement
E0919,Operations,High School,Hybrid,8,51,3,4,3,8,60,17,5,Male,40s,Meets Expectations
E0920,Operations,PhD,Hybrid,0,22,2,3,3,9,69,5,3,Female,20s,Needs Improvement
E0921,Sales,Bachelor's,Hybrid,1,58,3,3,2,8,42,29,5,Female,30s,Needs Improvement
E0922,Finance,Bachelor's,Remote,3,4,2,3,4,8,56,4,7,Male,20s,Needs Improvement
E0923,Sales,Bachelor's,On-site,10,38,2,1,5,13,88,11,8,Male,30s,Exceeds Expectations
E0924,Marketing,Master's,Hybrid,4,3,4,3,5,3,66,6,5,Female,30s,Meets Expectations
E0925,Operations,Bachelor's,Hybrid,4,30,3,4,2,3,100,18,5,Male,30s,Meets Expectations
E0926,Operations,Bachelor's,Hybrid,9,34,1,2,3,9,75,10,5,Female,50+,Needs Improvement
E0927,Sales,Bachelor's,Hybrid,2,28,3,2,3,8,64,13,7,Male,30s,Meets Expectations
E0928,Sales,Master's,On-site,4,30,4,4,4,4,53,3,2,Male,40s,Meets Expectations
E0929,Engineering,Master's,On-site,5,59,3,5,3,3,49,17,8,Male,30s,Meets Expectations
E0930,Engineering,Master's,Hybrid,5,83,3,3,4,6,70,15,5,Female,30s,Exceeds Expectations
E0931,Sales,Bachelor's,On-site,6,47,4,3,4,7,60,14,5,Female,30s,Meets Expectations
E0932,Operations,PhD,Remote,10,23,3,3,2,6,62,11,4,Male,40s,Meets Expectations
E0933,Sales,Master's,Hybrid,5,41,2,4,4,8,71,4,3,Female,40s,Meets Expectations
E0934,Sales,Bachelor's,On-site,3,33,3,3,2,4,57,9,7,Male,50+,Needs Improvement
E0935,Finance,PhD,On-site,2,58,3,3,3,9,81,12,3,Female,30s,Meets Expectations
E0936,Engineering,Master's,Remote,3,46,5,5,3,8,72,8,11,Male,40s,Exceeds Expectations
E0937,Engineering,Master's,On-site,2,8,3,2,4,5,58,12,8,Female,20s,Meets Expectations
E0938,Operations,Master's,Hybrid,7,62,3,3,3,7,71,13,6,Male,30s,Meets Expectations
E0939,Engineering,Bachelor's,On-site,12,59,4,3,3,6,31,1,7,Male,40s,Meets Expectations
E0940,Sales,Bachelor's,Remote,10,70,3,5,5,9,74,5,8,Female,40s,Exceeds Expectations
E0941,Marketing,Bachelor's,Hybrid,5,30,3,2,3,6,74,10,8,Female,30s,Meets Expectations
E0942,Engineering,Bachelor's,Hybrid,4,46,4,2,4,5,35,21,9,Male,40s,Meets Expectations
E0943,Sales,Bachelor's,Hybrid,6,16,4,4,4,3,38,13,6,Female,40s,Meets Expectations
E0944,Engineering,Bachelor's,On-site,7,39,5,4,4,6,63,10,3,Female,40s,Exceeds Expectations
E0945,Sales,PhD,Hybrid,10,48,4,3,3,9,58,10,3,Female,30s,Exceeds Expectations
E0946,Operations,Bachelor's,On-site,4,27,4,3,3,2,67,17,3,Female,30s,Meets Expectations
E0947,Sales,Master's,On-site,4,47,4,3,4,4,69,4,3,Male,30s,Meets Expectations
E0948,Sales,Bachelor's,On-site,0,43,3,2,4,5,92,13,7,Female,20s,Meets Expectations
E0949,Sales,High School,Hybrid,3,31,2,3,3,9,62,20,4,Male,30s,Meets Expectations
E0950,Operations,High School,Remote,0,68,2,5,2,5,78,2,5,Male,20s,Needs Improvement
E0951,Engineering,Bachelor's,On-site,0,35,4,2,4,6,60,4,5,Male,20s,Meets Expectations
E0952,Operations,Bachelor's,Remote,2,43,5,2,5,8,74,6,8,Female,40s,Exceeds Expectations
E0953,Sales,Bachelor's,Remote,4,11,4,3,3,9,61,37,5,Male,40s,Meets Expectations
E0954,Operations,Master's,On-site,3,50,3,3,3,4,47,10,8,Male,20s,Needs Improvement
E0955,Sales,Bachelor's,On-site,3,30,5,5,4,8,58,7,10,Female,30s,Meets Expectations
E0956,Engineering,High School,On-site,11,59,3,2,4,11,74,5,6,Female,40s,Exceeds Expectations
E0957,HR,Bachelor's,On-site,3,14,2,2,3,8,49,6,2,Female,30s,Needs Improvement
E0958,Engineering,High School,Hybrid,5,49,4,4,4,5,69,15,6,Female,50+,Exceeds Expectations
E0959,Finance,High School,Hybrid,8,0,5,3,5,5,73,7,5,Female,30s,Exceeds Expectations
E0960,Marketing,Bachelor's,Hybrid,4,52,2,4,2,3,73,6,7,Female,40s,Needs Improvement
E0961,Finance,Master's,Hybrid,3,37,2,3,2,6,80,6,1,Male,50+,Meets Expectations
E0962,Engineering,Master's,On-site,6,48,3,4,3,7,100,20,5,Male,30s,Exceeds Expectations
E0963,Finance,Master's,Remote,1,28,4,2,4,2,47,6,2,Female,20s,Meets Expectations
E0964,Sales,Master's,Hybrid,2,21,1,4,4,2,62,2,1,Male,30s,Needs Improvement
E0965,Operations,Bachelor's,On-site,8,31,4,3,4,5,67,12,4,Female,30s,Exceeds Expectations
E0966,Finance,Bachelor's,Hybrid,1,44,2,3,2,7,60,7,2,Female,20s,Needs Improvement
E0967,Marketing,High School,On-site,3,52,4,2,4,9,87,5,5,Female,30s,Exceeds Expectations
E0968,Operations,Bachelor's,Remote,2,46,1,3,1,5,88,12,5,Female,20s,Needs Improvement
E0969,Marketing,Bachelor's,Hybrid,11,21,2,4,5,6,100,10,7,Male,40s,Exceeds Expectations
E0970,HR,Bachelor's,Remote,2,77,4,3,5,4,66,4,3,Female,30s,Exceeds Expectations
E0971,Engineering,PhD,Remote,2,47,5,3,3,3,49,16,5,Male,30s,Meets Expectations
E0972,Marketing,Bachelor's,Hybrid,6,28,3,4,1,9,64,16,2,Male,30s,Meets Expectations
E0973,Sales,High School,Hybrid,7,48,5,5,3,5,52,8,6,Female,30s,Exceeds Expectations
E0974,Engineering,PhD,Hybrid,12,45,2,4,5,4,81,15,4,Male,40s,Exceeds Expectations
E0975,Operations,Bachelor's,On-site,2,36,2,3,4,7,80,14,8,Male,20s,Meets Expectations
E0976,Engineering,Bachelor's,Remote,1,34,3,3,5,3,80,13,5,Male,20s,Meets Expectations
E0977,Marketing,High School,Hybrid,9,60,3,3,3,10,100,11,4,Female,40s,Exceeds Expectations
E0978,Engineering,Bachelor's,Remote,5,75,4,2,5,6,68,9,3,Male,30s,Exceeds Expectations
E0979,Sales,PhD,Hybrid,0,0,3,3,2,4,58,15,5,Female,20s,Needs Improvement
E0980,Operations,Master's,On-site,7,65,4,4,3,5,67,6,9,Female,40s,Meets Expectations
E0981,Engineering,Bachelor's,Hybrid,4,40,4,3,2,3,52,27,2,Male,40s,Needs Improvement
E0982,Marketing,Bachelor's,On-site,1,45,5,3,4,11,57,15,2,Female,20s,Exceeds Expectations
E0983,Marketing,Bachelor's,On-site,9,67,3,2,2,5,68,14,6,Female,30s,Meets Expectations
E0984,Operations,Bachelor's,Hybrid,7,0,4,3,4,2,76,6,7,Female,40s,Meets Expectations
E0985,Engineering,Bachelor's,On-site,11,56,4,2,4,7,55,4,3,Male,30s,Exceeds Expectations
E0986,Operations,Bachelor's,Remote,12,66,3,2,4,5,47,6,8,Female,40s,Needs Improvement
E0987,Sales,Master's,Hybrid,0,26,3,5,3,6,79,24,4,Female,20s,Meets Expectations
E0988,Sales,Master's,Hybrid,5,12,1,2,3,4,54,7,5,Male,30s,Needs Improvement
E0989,Sales,Master's,On-site,5,73,3,2,4,12,70,6,7,Female,30s,Exceeds Expectations
E0990,Sales,Master's,On-site,2,5,4,3,3,5,86,32,6,Female,30s,Meets Expectations
E0991,HR,Bachelor's,Hybrid,7,48,3,3,4,2,81,17,4,Male,40s,Meets Expectations
E0992,Engineering,Master's,On-site,6,60,3,3,5,5,77,9,5,Male,40s,Exceeds Expectations
E0993,Sales,Master's,Hybrid,18,48,2,4,3,7,85,8,5,Male,50+,Meets Expectations
E0994,Marketing,High School,Hybrid,8,51,4,2,5,5,72,9,3,Female,40s,Exceeds Expectations
E0995,HR,Bachelor's,On-site,7,35,3,4,4,7,50,26,7,Female,30s,Needs Improvement
E0996,Engineering,Bachelor's,Hybrid,5,49,5,3,4,4,100,8,6,Male,30s,Exceeds Expectations
E0997,Sales,PhD,On-site,4,26,2,3,2,8,75,5,8,Female,40s,Needs Improvement
E0998,Sales,Master's,On-site,9,28,3,5,3,7,76,10,7,Male,30s,Meets Expectations
E0999,Marketing,Master's,Hybrid,2,41,2,2,3,4,71,7,7,Male,30s,Meets Expectations
E1000,Operations,Bachelor's,On-site,3,9,4,4,5,6,41,17,8,Male,40s,Meets Expectations
E1001,HR,PhD,On-site,4,52,5,4,3,5,54,8,5,Female,30s,Meets Expectations
E1002,Marketing,High School,Hybrid,4,0,5,3,4,11,94,6,3,Male,20s,Exceeds Expectations
E1003,Engineering,Bachelor's,Hybrid,3,47,4,3,3,4,37,12,3,Female,30s,Meets Expectations
E1004,Operations,Bachelor's,Remote,3,49,4,3,3,4,66,9,9,Male,40s,Meets Expectations
E1005,Sales,Master's,Remote,4,24,4,3,2,6,72,3,4,Female,30s,Meets Expectations
E1006,Sales,Master's,Hybrid,4,15,4,3,2,7,62,13,6,Male,30s,Meets Expectations
E1007,Engineering,Bachelor's,Hybrid,2,32,3,4,3,5,100,4,2,Female,40s,Exceeds Expectations
E1008,Engineering,Bachelor's,Hybrid,4,53,4,3,3,7,43,1,2,Female,30s,Meets Expectations
E1009,Operations,Bachelor's,On-site,3,47,5,4,3,8,56,7,4,Female,40s,Meets Expectations
E1010,Engineering,High School,Remote,4,18,4,5,4,13,73,14,5,Female,30s,Exceeds Expectations
E1011,Sales,Master's,Hybrid,2,42,3,4,5,6,74,9,3,Male,20s,Exceeds Expectations
E1012,Engineering,Bachelor's,On-site,13,45,3,4,5,8,70,15,2,Male,40s,Exceeds Expectations
E1013,Operations,Bachelor's,Hybrid,2,44,3,3,3,5,72,8,4,Male,30s,Meets Expectations
E1014,Operations,Bachelor's,Hybrid,0,20,4,1,4,6,58,20,5,Female,20s,Meets Expectations
E1015,Operations,Master's,Hybrid,1,43,3,4,4,5,63,11,4,Female,20s,Meets Expectations
E1016,Operations,Master's,On-site,3,58,4,4,4,3,51,16,8,Female,20s,Meets Expectations
E1017,Operations,Bachelor's,Remote,3,51,4,3,4,5,74,36,10,Female,30s,Needs Improvement
E1018,Sales,Bachelor's,On-site,2,48,5,4,4,3,41,25,4,Male,30s,Meets Expectations
E1019,Engineering,PhD,Remote,4,73,3,3,4,6,46,26,2,Male,30s,Meets Expectations
E1020,Sales,Bachelor's,Hybrid,4,43,4,4,3,5,82,16,3,Female,40s,Exceeds Expectations
E1021,Sales,Bachelor's,Remote,3,23,4,5,4,5,59,10,5,Female,30s,Meets Expectations
E1022,Finance,Bachelor's,Remote,3,23,3,4,1,5,100,12,5,Female,30s,Meets Expectations
E1023,Engineering,PhD,Hybrid,8,44,4,5,4,9,61,7,3,Female,40s,Exceeds Expectations
E1024,Engineering,Master's,Remote,9,11,2,5,2,6,61,18,5,Female,40s,Needs Improvement
E1025,Finance,Bachelor's,On-site,0,34,4,2,4,6,89,16,7,Female,20s,Exceeds Expectations
E1026,Engineering,High School,On-site,6,49,5,4,3,6,84,3,3,Female,30s,Exceeds Expectations
E1027,Engineering,Bachelor's,On-site,0,63,5,3,5,6,65,19,8,Female,20s,Exceeds Expectations
E1028,Engineering,Bachelor's,Hybrid,8,9,5,2,4,10,67,17,5,Male,30s,Exceeds Expectations
E1029,Finance,High School,On-site,7,42,4,3,3,5,84,13,9,Non-binary,30s,Meets Expectations
E1030,Engineering,Bachelor's,Hybrid,12,39,3,5,4,3,71,10,2,Female,40s,Exceeds Expectations
E1031,Engineering,High School,Remote,12,41,3,3,3,6,63,10,6,Female,40s,Meets Expectations
E1032,Engineering,Bachelor's,Remote,5,43,3,1,4,3,65,7,3,Female,30s,Meets Expectations
E1033,Finance,Bachelor's,On-site,2,39,2,2,4,3,100,8,9,Male,30s,Meets Expectations
E1034,Engineering,Bachelor's,Hybrid,6,68,4,4,3,0,63,17,13,Male,40s,Meets Expectations
E1035,Engineering,Master's,On-site,1,65,5,2,2,8,63,11,8,Male,30s,Meets Expectations
E1036,Operations,Bachelor's,On-site,5,83,4,1,3,8,67,29,7,Male,30s,Meets Expectations
E1037,Operations,Master's,Remote,3,40,4,2,3,8,69,10,1,Male,40s,Meets Expectations
E1038,Engineering,Master's,Remote,1,32,4,3,2,5,56,3,3,Female,30s,Needs Improvement
E1039,Engineering,PhD,On-site,12,21,4,4,3,7,94,20,8,Female,40s,Exceeds Expectations
E1040,Engineering,Bachelor's,On-site,9,30,1,3,3,8,62,8,1,Female,40s,Meets Expectations
E1041,Finance,Bachelor's,On-site,2,54,4,4,3,9,76,31,6,Male,20s,Meets Expectations
E1042,Engineering,Bachelor's,Hybrid,6,57,3,4,3,5,94,24,7,Female,40s,Meets Expectations
E1043,Operations,High School,On-site,8,54,3,2,4,7,63,15,4,Male,40s,Meets Expectations
E1044,Operations,High School,On-site,9,27,4,3,3,5,75,6,5,Male,30s,Meets Expectations
E1045,Marketing,High School,Hybrid,3,27,3,3,4,6,49,11,7,Male,20s,Needs Improvement
E1046,Engineering,Bachelor's,On-site,3,79,2,4,4,5,56,13,4,Male,20s,Meets Expectations
E1047,Operations,Master's,Remote,3,23,3,3,3,4,70,1,5,Male,30s,Needs Improvement
E1048,Finance,Bachelor's,Hybrid,5,68,2,2,4,2,62,7,4,Male,40s,Meets Expectations
E1049,Operations,PhD,Hybrid,3,48,2,3,1,9,80,2,3,Male,20s,Needs Improvement
E1050,Engineering,Master's,Hybrid,11,25,2,4,3,5,60,7,2,Female,40s,Meets Expectations
E1051,Finance,High School,Remote,1,16,2,4,3,8,64,11,4,Male,20s,Meets Expectations
E1052,Operations,Bachelor's,On-site,4,26,4,4,4,2,58,17,6,Male,30s,Meets Expectations
E1053,Operations,High School,Remote,5,48,2,4,3,5,86,6,3,Male,30s,Meets Expectations
E1054,Marketing,Master's,On-site,12,22,1,3,4,4,65,13,7,Male,50+,Meets Expectations
E1055,HR,Master's,Remote,2,71,3,3,4,3,58,17,3,Female,20s,Meets Expectations
E1056,Sales,Master's,On-site,13,36,2,2,2,5,54,9,8,Male,40s,Needs Improvement
E1057,Finance,Master's,Remote,4,54,5,2,4,7,51,5,5,Female,30s,Meets Expectations
E1058,Operations,Bachelor's,On-site,5,52,3,4,2,7,79,11,2,Male,40s,Meets Expectations
E1059,Marketing,PhD,Remote,5,72,2,3,4,10,67,13,4,Male,30s,Exceeds Expectations
E1060,Engineering,Master's,Hybrid,2,31,4,1,3,3,100,4,8,Male,40s,Exceeds Expectations
E1061,Engineering,Master's,On-site,5,42,3,4,3,6,60,7,3,Female,30s,Meets Expectations
E1062,Marketing,Bachelor's,Hybrid,14,12,3,3,2,2,43,1,4,Male,40s,Needs Improvement
E1063,Operations,High School,On-site,5,42,5,4,3,5,65,1,6,Female,30s,Meets Expectations
E1064,Engineering,High School,Hybrid,5,63,2,3,2,5,100,4,4,Female,40s,Meets Expectations
E1065,Sales,High School,On-site,4,44,4,2,2,9,74,24,5,Female,30s,Meets Expectations
E1066,Operations,Bachelor's,Hybrid,6,86,3,4,4,7,67,10,5,Male,30s,Meets Expectations
E1067,HR,Master's,Remote,1,50,3,4,4,3,60,5,3,Female,20s,Meets Expectations
E1068,Engineering,PhD,Hybrid,8,29,3,3,4,9,63,5,5,Female,40s,Meets Expectations
E1069,Sales,Bachelor's,Hybrid,11,49,3,5,2,8,87,8,7,Male,40s,Exceeds Expectations
E1070,Sales,Bachelor's,Remote,7,11,3,4,3,6,55,15,2,Female,30s,Meets Expectations
E1071,Engineering,High School,Hybrid,2,24,1,4,4,2,69,4,4,Male,30s,Needs Improvement
E1072,Marketing,PhD,On-site,1,16,4,2,3,7,70,0,5,Male,20s,Needs Improvement
E1073,Marketing,Master's,Hybrid,4,40,3,2,4,6,68,3,6,Female,30s,Meets Expectations
E1074,Marketing,Bachelor's,On-site,0,39,2,4,3,4,63,8,4,Male,20s,Needs Improvement
E1075,Marketing,Bachelor's,Hybrid,2,64,4,1,3,4,45,10,3,Female,20s,Needs Improvement
E1076,Engineering,Bachelor's,On-site,8,38,5,3,3,6,72,24,3,Male,30s,Meets Expectations
E1077,Engineering,Bachelor's,Remote,5,20,3,3,4,3,64,5,4,Female,40s,Meets Expectations
E1078,Engineering,Bachelor's,Hybrid,13,71,3,3,4,5,88,12,4,Male,50+,Exceeds Expectations
E1079,Engineering,Bachelor's,Hybrid,6,0,4,3,3,10,65,31,4,Male,30s,Meets Expectations
E1080,Finance,Bachelor's,On-site,10,41,4,4,4,6,67,25,5,Male,40s,Exceeds Expectations
E1081,Engineering,Bachelor's,On-site,6,44,3,3,2,5,71,10,5,Female,30s,Meets Expectations
E1082,Marketing,Bachelor's,Hybrid,5,40,4,4,3,7,76,10,3,Male,30s,Exceeds Expectations
E1083,Engineering,Master's,Hybrid,4,50,4,4,2,4,39,8,6,Female,40s,Needs Improvement
E1084,Engineering,Bachelor's,Remote,3,42,5,3,2,7,73,3,13,Male,30s,Meets Expectations
E1085,Engineering,Bachelor's,Hybrid,7,50,3,2,2,7,41,15,4,Female,30s,Needs Improvement
E1086,HR,PhD,On-site,3,28,4,3,3,11,62,17,4,Female,30s,Meets Expectations
E1087,Marketing,Bachelor's,Hybrid,0,11,4,5,4,7,78,13,4,Male,20s,Exceeds Expectations
E1088,Operations,Bachelor's,Hybrid,0,39,1,2,3,8,100,13,5,Male,20s,Meets Expectations
E1089,Engineering,High School,On-site,11,19,4,5,3,5,52,5,2,Male,40s,Meets Expectations
E1090,Marketing,Master's,Hybrid,2,25,3,1,3,5,55,8,6,Male,30s,Meets Expectations
E1091,Finance,Bachelor's,On-site,5,63,4,2,2,6,41,16,3,Female,30s,Meets Expectations
E1092,Sales,Bachelor's,On-site,4,71,5,3,4,10,56,5,4,Male,30s,Exceeds Expectations
E1093,Engineering,High School,On-site,9,63,3,4,1,4,100,9,4,Female,40s,Meets Expectations
E1094,Engineering,Master's,Hybrid,4,59,3,3,3,3,43,1,7,Male,30s,Needs Improvement
E1095,Engineering,Master's,Hybrid,2,41,3,5,3,2,18,6,5,Female,30s,Needs Improvement
E1096,Operations,Master's,On-site,10,60,2,3,4,8,82,2,3,Female,40s,Meets Expectations
E1097,Sales,Bachelor's,Hybrid,13,47,5,3,4,2,82,8,5,Male,50+,Exceeds Expectations
E1098,HR,Bachelor's,Hybrid,4,79,3,3,3,3,69,16,8,Male,40s,Meets Expectations
E1099,Finance,Bachelor's,Hybrid,8,22,5,5,5,6,70,12,4,Male,40s,Exceeds Expectations
E1100,Sales,Bachelor's,On-site,8,53,3,2,5,7,81,10,10,Male,40s,Meets Expectations
E1101,Marketing,Bachelor's,On-site,5,15,3,3,3,9,81,12,4,Female,40s,Exceeds Expectations
E1102,Engineering,Bachelor's,On-site,8,54,4,2,3,4,52,8,8,Female,40s,Meets Expectations
E1103,HR,Master's,Remote,3,6,2,4,3,10,48,14,6,Female,40s,Needs Improvement
E1104,Engineering,Bachelor's,Remote,7,16,3,2,3,8,52,3,2,Male,40s,Meets Expectations
E1105,Engineering,Bachelor's,On-site,1,14,4,5,4,8,56,14,5,Female,20s,Meets Expectations
E1106,Sales,PhD,Hybrid,7,45,3,3,5,6,80,3,4,Non-binary,40s,Exceeds Expectations
E1107,Finance,Master's,On-site,1,47,3,4,1,3,85,5,4,Female,20s,Meets Expectations
E1108,Marketing,Bachelor's,On-site,3,89,4,4,3,9,63,23,6,Female,20s,Meets Expectations
E1109,Finance,Master's,On-site,9,38,5,3,5,10,73,8,7,Male,40s,Exceeds Expectations
E1110,Engineering,High School,On-site,13,55,5,3,4,7,67,16,5,Female,40s,Exceeds Expectations
E1111,Operations,Master's,On-site,10,43,3,3,4,7,55,4,5,Female,40s,Meets Expectations
E1112,Engineering,Bachelor's,On-site,7,54,3,4,2,11,54,17,5,Male,30s,Meets Expectations
E1113,Operations,Bachelor's,Hybrid,1,43,3,2,4,7,69,16,5,Male,20s,Meets Expectations
E1114,Finance,PhD,Hybrid,4,62,4,2,4,5,80,31,10,Female,30s,Meets Expectations
E1115,Marketing,High School,Hybrid,2,19,2,4,4,6,75,22,2,Female,30s,Meets Expectations
E1116,Sales,Master's,On-site,5,0,2,3,3,8,65,2,7,Female,30s,Needs Improvement
E1117,Finance,Bachelor's,Hybrid,11,48,3,1,4,8,90,5,5,Male,40s,Exceeds Expectations
E1118,Finance,High School,Hybrid,6,4,2,3,2,6,93,11,4,Female,30s,Meets Expectations
E1119,Engineering,PhD,Remote,7,66,4,5,2,10,44,12,3,Male,30s,Exceeds Expectations
E1120,Operations,Bachelor's,On-site,3,29,4,3,4,7,49,8,6,Male,20s,Meets Expectations
E1121,Engineering,Master's,Hybrid,4,19,3,3,4,5,45,16,3,Male,40s,Needs Improvement
E1122,HR,Master's,On-site,2,94,3,2,3,5,82,14,9,Male,30s,Meets Expectations
E1123,Marketing,High School,On-site,4,40,1,3,2,6,64,4,5,Male,20s,Needs Improvement
E1124,Operations,Bachelor's,Hybrid,2,36,3,2,3,9,69,12,3,Male,30s,Meets Expectations
E1125,Sales,Bachelor's,Hybrid,2,55,5,4,4,6,78,3,9,Female,30s,Exceeds Expectations
E1126,Engineering,Bachelor's,Remote,7,56,3,3,2,6,68,7,5,Female,30s,Meets Expectations
E1127,HR,High School,Hybrid,18,63,2,3,5,4,58,13,5,Male,50+,Meets Expectations
E1128,Engineering,Bachelor's,On-site,6,13,5,2,3,6,50,14,2,Female,30s,Meets Expectations
E1129,HR,Master's,Hybrid,4,51,2,5,4,5,64,17,10,Female,30s,Meets Expectations
E1130,Sales,Bachelor's,On-site,0,34,5,2,3,3,81,3,3,Female,20s,Meets Expectations
E1131,Operations,Master's,Hybrid,1,22,5,2,4,3,41,11,4,Female,20s,Meets Expectations
E1132,Engineering,Bachelor's,Remote,4,41,3,3,4,8,60,8,4,Female,30s,Meets Expectations
E1133,Engineering,High School,Hybrid,3,4,5,3,2,5,37,10,5,Male,30s,Needs Improvement
E1134,Sales,Bachelor's,Hybrid,15,58,2,4,3,3,83,12,5,Male,40s,Exceeds Expectations
E1135,Engineering,High School,On-site,8,34,2,4,3,9,41,12,3,Female,30s,Needs Improvement
E1136,Engineering,Bachelor's,On-site,11,30,3,4,3,6,42,14,7,Male,40s,Needs Improvement
E1137,Sales,High School,Remote,2,37,4,5,4,3,81,5,3,Female,30s,Meets Expectations
E1138,HR,Master's,On-site,5,37,3,2,3,9,58,26,9,Non-binary,30s,Needs Improvement
E1139,Engineering,Master's,On-site,3,63,3,3,4,6,39,20,4,Male,30s,Meets Expectations
E1140,Marketing,High School,Hybrid,8,18,2,3,4,5,76,7,6,Male,30s,Meets Expectations
E1141,Operations,Master's,On-site,5,32,3,5,3,11,70,12,2,Male,50+,Meets Expectations
E1142,HR,PhD,On-site,0,36,3,3,4,3,99,26,4,Male,20s,Meets Expectations
E1143,Sales,High School,On-site,0,19,2,1,2,3,48,13,2,Female,20s,Needs Improvement
E1144,Engineering,PhD,Hybrid,3,43,2,4,3,6,52,8,4,Female,30s,Meets Expectations
E1145,Engineering,Bachelor's,Hybrid,8,26,3,3,3,4,56,21,6,Non-binary,30s,Meets Expectations
E1146,Marketing,Master's,Hybrid,3,12,3,4,3,3,84,10,8,Male,40s,Meets Expectations
E1147,Finance,Bachelor's,On-site,10,51,3,2,3,6,36,6,4,Male,40s,Needs Improvement
E1148,Engineering,Master's,Remote,1,71,2,4,3,9,62,12,6,Male,30s,Needs Improvement
E1149,Engineering,Master's,On-site,3,41,4,3,3,6,72,7,3,Female,40s,Meets Expectations
E1150,Sales,PhD,On-site,8,38,4,3,4,6,87,18,7,Male,40s,Exceeds Expectations
E1151,Sales,PhD,Remote,4,38,3,4,4,8,54,5,4,Female,30s,Meets Expectations
E1152,Operations,High School,Remote,10,30,3,3,4,8,72,18,3,Female,40s,Meets Expectations
E1153,Engineering,Master's,On-site,2,63,4,4,2,10,57,13,3,Male,30s,Meets Expectations
E1154,Engineering,Bachelor's,On-site,1,42,2,3,4,7,48,13,5,Male,30s,Meets Expectations
E1155,Sales,High School,Remote,10,0,3,4,2,7,66,8,6,Male,40s,Needs Improvement
E1156,Engineering,High School,On-site,3,64,2,2,1,4,63,3,2,Male,30s,Needs Improvement
E1157,Engineering,PhD,On-site,6,59,3,5,5,13,75,4,6,Female,30s,Exceeds Expectations
E1158,Sales,Master's,Hybrid,13,52,3,2,3,6,99,29,4,Male,40s,Exceeds Expectations
E1159,Sales,High School,Remote,0,0,3,4,3,2,74,18,4,Female,20s,Meets Expectations
E1160,Engineering,PhD,Hybrid,1,40,4,3,2,5,67,2,3,Male,20s,Meets Expectations
E1161,Marketing,Master's,Hybrid,1,58,4,3,3,3,76,13,5,Female,20s,Meets Expectations
E1162,HR,Bachelor's,Remote,4,48,4,4,4,9,56,17,5,Male,30s,Meets Expectations
E1163,Engineering,Bachelor's,On-site,2,44,3,1,4,4,80,13,7,Male,30s,Meets Expectations
E1164,Operations,Master's,Hybrid,1,58,4,3,2,11,57,4,6,Female,20s,Meets Expectations
E1165,Sales,Master's,On-site,2,43,4,4,3,4,72,14,4,Female,20s,Meets Expectations
E1166,Operations,Bachelor's,Hybrid,2,64,3,5,4,3,64,5,4,Female,20s,Meets Expectations
E1167,Operations,Bachelor's,Hybrid,22,43,3,3,4,4,63,6,6,Female,50+,Meets Expectations
E1168,Sales,High School,On-site,8,42,3,1,4,4,93,3,4,Male,50+,Exceeds Expectations
E1169,Engineering,Bachelor's,Hybrid,6,58,5,3,4,9,53,5,4,Female,30s,Exceeds Expectations
E1170,Operations,Bachelor's,Remote,6,32,4,3,3,10,75,2,5,Female,30s,Meets Expectations
E1171,Sales,Bachelor's,Hybrid,3,18,3,4,5,8,60,18,6,Female,20s,Meets Expectations
E1172,Engineering,Bachelor's,On-site,0,40,3,3,3,5,82,6,6,Female,20s,Meets Expectations
E1173,HR,Bachelor's,On-site,8,52,4,2,4,4,46,28,3,Female,30s,Needs Improvement
E1174,HR,Bachelor's,Hybrid,1,59,5,4,4,8,62,19,2,Male,20s,Exceeds Expectations
E1175,Operations,Bachelor's,Hybrid,7,59,4,4,2,6,52,18,4,Male,30s,Meets Expectations
E1176,Finance,Bachelor's,Hybrid,1,39,4,3,4,7,92,28,5,Male,20s,Exceeds Expectations
E1177,Operations,PhD,On-site,3,37,5,4,3,6,88,0,4,Female,20s,Exceeds Expectations
E1178,Finance,Bachelor's,Hybrid,4,28,3,3,2,9,56,15,5,Female,30s,Meets Expectations
E1179,Marketing,Bachelor's,On-site,10,45,3,3,3,6,49,22,3,Female,30s,Needs Improvement
E1180,HR,Bachelor's,On-site,4,7,4,3,4,7,60,19,2,Male,40s,Meets Expectations
E1181,Operations,Master's,Hybrid,1,40,3,3,2,8,80,13,5,Female,20s,Meets Expectations
E1182,Operations,Bachelor's,Hybrid,8,97,5,4,3,2,72,3,4,Female,40s,Exceeds Expectations
E1183,Operations,Bachelor's,Remote,1,10,3,1,3,6,61,3,5,Male,20s,Needs Improvement
E1184,Finance,Master's,Hybrid,10,43,3,4,4,3,86,7,8,Female,40s,Exceeds Expectations
E1185,Marketing,Master's,On-site,2,48,5,3,3,4,73,10,5,Male,30s,Meets Expectations
E1186,Engineering,Bachelor's,Remote,1,50,1,3,4,4,54,6,0,Male,20s,Meets Expectations
E1187,Operations,Bachelor's,On-site,6,21,4,3,4,11,34,36,5,Male,30s,Needs Improvement
E1188,Engineering,PhD,Remote,5,50,3,2,3,7,100,28,5,Female,30s,Exceeds Expectations
E1189,Engineering,PhD,On-site,10,29,3,2,5,6,63,7,4,Male,40s,Meets Expectations
E1190,Sales,Master's,Remote,2,11,2,2,5,9,30,4,12,Female,30s,Needs Improvement
E1191,Marketing,Master's,Remote,15,59,3,1,3,7,73,15,4,Female,50+,Meets Expectations
E1192,Marketing,Master's,Remote,14,53,3,2,3,2,41,9,6,Female,40s,Meets Expectations
E1193,Engineering,PhD,On-site,2,21,4,2,4,10,88,17,2,Female,30s,Exceeds Expectations
E1194,Engineering,High School,Remote,10,29,4,4,2,6,87,21,5,Female,40s,Exceeds Expectations
E1195,Engineering,PhD,Hybrid,11,28,1,2,2,11,64,2,11,Male,50+,Needs Improvement
E1196,Sales,Master's,On-site,12,7,3,3,5,10,50,9,4,Male,50+,Meets Expectations
E1197,Engineering,Bachelor's,Hybrid,2,55,3,4,4,5,76,6,3,Female,20s,Meets Expectations
E1198,Finance,Bachelor's,Hybrid,2,56,3,4,3,6,87,34,5,Female,20s,Exceeds Expectations
E1199,Engineering,Bachelor's,Remote,11,33,3,3,5,4,66,5,6,Female,40s,Meets Expectations
E1200,Sales,Master's,Hybrid,1,39,2,3,2,3,62,6,7,Non-binary,20s,Needs Improvement
E1201,Sales,Master's,Hybrid,1,42,2,3,4,5,56,17,3,Female,20s,Meets Expectations
E1202,HR,Bachelor's,Hybrid,6,45,4,5,3,11,62,6,3,Female,30s,Meets Expectations
E1203,Operations,Bachelor's,On-site,3,13,2,4,5,7,65,3,3,Female,40s,Meets Expectations
E1204,Engineering,High School,Hybrid,6,50,4,4,3,4,60,29,6,Male,30s,Meets Expectations
E1205,Sales,Bachelor's,Hybrid,2,16,2,5,3,4,52,11,1,Female,30s,Meets Expectations
E1206,Finance,Bachelor's,Hybrid,5,54,4,3,2,13,94,5,9,Female,30s,Exceeds Expectations
E1207,Engineering,Bachelor's,Hybrid,4,19,3,4,5,4,64,3,3,Male,30s,Exceeds Expectations
E1208,Operations,High School,Hybrid,2,14,3,4,3,6,59,5,4,Male,20s,Needs Improvement
E1209,Operations,High School,On-site,8,39,3,4,4,6,71,6,4,Male,50+,Meets Expectations
E1210,Marketing,Bachelor's,Hybrid,6,39,3,2,3,5,72,9,3,Male,30s,Meets Expectations
E1211,Operations,Bachelor's,On-site,13,42,3,2,3,4,67,21,1,Male,40s,Meets Expectations
E1212,Sales,PhD,Remote,4,22,4,3,1,6,50,14,5,Male,30s,Needs Improvement
E1213,Sales,Master's,Remote,4,44,2,4,3,3,68,21,7,Male,30s,Needs Improvement
E1214,Engineering,Master's,Remote,4,46,3,4,3,5,70,15,4,Male,30s,Meets Expectations
E1215,Engineering,Bachelor's,Remote,0,63,4,5,4,10,73,12,0,Female,20s,Exceeds Expectations
E1216,Engineering,High School,Hybrid,1,44,4,3,5,8,72,3,5,Male,20s,Meets Expectations
E1217,Sales,Master's,Hybrid,0,28,5,4,4,4,71,18,1,Male,20s,Exceeds Expectations
E1218,HR,Bachelor's,Remote,0,13,3,4,4,9,51,5,5,Male,20s,Needs Improvement
E1219,Engineering,High School,On-site,2,9,2,3,3,7,100,19,5,Male,20s,Meets Expectations
E1220,Marketing,Bachelor's,Remote,14,46,2,3,2,5,75,29,7,Male,40s,Needs Improvement
E1221,Engineering,Master's,On-site,8,56,3,2,3,11,80,14,5,Male,30s,Meets Expectations
E1222,Sales,Bachelor's,Remote,15,22,4,3,3,6,78,7,7,Female,40s,Exceeds Expectations
E1223,Engineering,High School,Hybrid,6,45,3,3,3,6,66,2,5,Male,40s,Meets Expectations
E1224,Finance,Bachelor's,Remote,5,37,3,4,3,6,52,15,5,Male,40s,Meets Expectations
E1225,HR,High School,Hybrid,3,54,4,4,2,10,64,10,6,Male,20s,Meets Expectations
E1226,Finance,Bachelor's,Hybrid,12,57,3,3,5,10,53,2,4,Female,40s,Meets Expectations
E1227,Engineering,Master's,Remote,10,0,3,5,3,8,44,11,8,Female,40s,Needs Improvement
E1228,Sales,PhD,Hybrid,3,61,2,3,3,11,100,39,7,Female,30s,Meets Expectations
E1229,Operations,Bachelor's,On-site,9,45,4,4,2,9,81,5,4,Female,40s,Exceeds Expectations
E1230,Engineering,High School,On-site,10,29,4,3,3,6,70,4,8,Female,40s,Meets Expectations
E1231,Sales,Bachelor's,Hybrid,6,30,2,2,3,7,69,20,6,Female,30s,Needs Improvement
E1232,Engineering,Bachelor's,Hybrid,2,41,3,3,2,5,78,11,3,Female,20s,Meets Expectations
E1233,Engineering,Master's,Hybrid,1,30,4,5,4,9,66,4,3,Male,20s,Exceeds Expectations
E1234,Sales,Master's,On-site,4,21,2,3,3,7,58,5,1,Female,30s,Needs Improvement
E1235,Engineering,Bachelor's,On-site,6,26,4,3,4,11,90,12,6,Female,30s,Exceeds Expectations
E1236,HR,Master's,Remote,2,19,3,3,3,9,53,3,8,Male,20s,Needs Improvement
E1237,Operations,Bachelor's,Hybrid,9,67,2,3,4,7,87,14,4,Female,30s,Exceeds Expectations
E1238,Engineering,Bachelor's,On-site,7,41,5,4,3,5,68,1,4,Male,40s,Exceeds Expectations
E1239,Engineering,Master's,On-site,7,85,3,5,4,4,72,12,2,Male,40s,Exceeds Expectations
E1240,Operations,Bachelor's,On-site,8,47,4,3,3,8,62,11,3,Female,50+,Meets Expectations
E1241,Sales,Bachelor's,Remote,11,52,2,4,4,9,49,38,6,Male,40s,Needs Improvement
E1242,Operations,Master's,Hybrid,2,19,5,4,2,4,56,6,6,Female,20s,Needs Improvement
E1243,Sales,Bachelor's,Hybrid,5,36,5,3,3,5,73,10,4,Female,50+,Exceeds Expectations
E1244,Marketing,Bachelor's,Hybrid,5,41,2,2,2,3,54,3,6,Male,30s,Needs Improvement
E1245,Operations,High School,Remote,7,27,3,3,3,6,54,13,3,Female,40s,Needs Improvement
E1246,Engineering,Bachelor's,On-site,5,31,5,4,4,6,79,32,9,Female,30s,Exceeds Expectations
E1247,Operations,Bachelor's,On-site,2,48,3,4,4,8,74,7,4,Male,30s,Meets Expectations
E1248,Marketing,Bachelor's,Hybrid,0,49,4,1,4,3,47,7,5,Female,20s,Needs Improvement
E1249,Operations,Bachelor's,Remote,6,13,2,3,3,6,87,10,6,Female,30s,Needs Improvement
E1250,Engineering,Bachelor's,Hybrid,1,46,3,2,4,8,88,6,6,Male,20s,Exceeds Expectations
E1251,Sales,Bachelor's,Hybrid,3,51,4,4,3,9,64,14,7,Female,40s,Meets Expectations
E1252,Engineering,Master's,Remote,17,28,3,3,3,7,40,4,3,Male,50+,Meets Expectations
E1253,Operations,Bachelor's,On-site,4,26,3,3,4,1,45,14,1,Male,20s,Meets Expectations
E1254,Engineering,Bachelor's,Hybrid,4,49,2,3,4,5,59,2,5,Male,30s,Needs Improvement
E1255,Engineering,Master's,Hybrid,2,0,4,4,3,4,87,6,5,Female,20s,Meets Expectations
E1256,Operations,Bachelor's,Remote,2,40,2,4,4,2,70,5,6,Female,30s,Meets Expectations
E1257,Sales,Bachelor's,On-site,12,73,5,4,4,7,48,9,5,Male,40s,Exceeds Expectations
E1258,Marketing,High School,Hybrid,4,0,3,4,4,7,91,12,6,Male,30s,Meets Expectations
E1259,Sales,Bachelor's,Remote,10,56,4,4,3,6,67,16,8,Non-binary,50+,Meets Expectations
E1260,Marketing,PhD,Hybrid,5,51,4,1,3,6,81,7,8,Male,30s,Meets Expectations
E1261,Engineering,Bachelor's,Hybrid,13,11,2,4,3,5,63,7,6,Female,40s,Needs Improvement
E1262,Sales,Master's,On-site,7,50,3,3,4,7,37,14,5,Female,30s,Meets Expectations
E1263,HR,High School,On-site,10,60,3,2,3,5,40,7,7,Male,40s,Meets Expectations
E1264,Sales,Bachelor's,On-site,2,16,3,3,2,5,54,5,9,Male,30s,Needs Improvement
E1265,Engineering,Bachelor's,On-site,8,26,2,4,1,5,73,15,4,Male,30s,Meets Expectations
E1266,Engineering,Bachelor's,Remote,3,41,4,5,4,6,75,17,6,Male,30s,Exceeds Expectations
E1267,Finance,Bachelor's,Hybrid,1,60,3,2,4,3,98,18,3,Male,20s,Exceeds Expectations
E1268,Engineering,Master's,Remote,12,29,3,4,2,4,68,10,2,Male,40s,Meets Expectations
E1269,Sales,Bachelor's,On-site,4,39,4,5,3,11,66,36,2,Male,40s,Meets Expectations
E1270,Sales,Master's,On-site,3,27,4,5,3,7,52,4,4,Male,40s,Meets Expectations
E1271,Sales,Master's,Hybrid,12,40,3,1,4,8,83,8,7,Male,50+,Meets Expectations
E1272,Finance,Bachelor's,On-site,7,61,4,5,3,10,91,8,2,Male,40s,Exceeds Expectations
E1273,Sales,PhD,On-site,2,42,4,4,4,5,58,15,4,Male,30s,Meets Expectations
E1274,Operations,High School,On-site,7,33,3,1,3,4,66,1,8,Male,30s,Needs Improvement
E1275,Marketing,Bachelor's,On-site,4,39,3,2,3,11,74,3,5,Male,30s,Meets Expectations
E1276,Operations,Bachelor's,On-site,7,24,4,4,4,4,55,11,8,Male,30s,Meets Expectations
E1277,Finance,Bachelor's,On-site,2,20,4,4,4,5,39,6,6,Male,30s,Meets Expectations
E1278,Engineering,Bachelor's,Remote,11,64,2,3,2,16,70,18,6,Male,50+,Meets Expectations
E1279,Operations,Bachelor's,On-site,9,73,2,3,4,4,77,11,5,Female,30s,Meets Expectations
E1280,Operations,Master's,Hybrid,2,4,4,4,3,5,53,22,3,Male,30s,Meets Expectations
E1281,Marketing,Bachelor's,Hybrid,5,52,2,3,1,7,68,1,7,Male,40s,Needs Improvement
E1282,Engineering,Master's,Hybrid,0,57,4,3,3,7,100,11,2,Male,20s,Exceeds Expectations
E1283,Engineering,Bachelor's,Hybrid,0,16,5,4,4,4,86,9,7,Female,20s,Exceeds Expectations
E1284,Marketing,Bachelor's,On-site,4,31,4,2,2,3,76,14,4,Male,40s,Meets Expectations
E1285,Sales,Bachelor's,On-site,7,28,2,2,2,4,59,9,3,Male,30s,Needs Improvement
E1286,Marketing,Bachelor's,Hybrid,10,78,3,3,3,6,78,7,8,Female,30s,Meets Expectations
E1287,Sales,Bachelor's,Remote,1,73,4,2,3,5,42,5,3,Male,20s,Meets Expectations
E1288,HR,Master's,Hybrid,6,22,3,3,5,5,66,7,9,Male,30s,Exceeds Expectations
E1289,Engineering,Bachelor's,Hybrid,7,11,4,1,3,4,60,12,8,Male,50+,Meets Expectations
E1290,Engineering,Bachelor's,Remote,2,55,3,3,4,4,80,3,4,Female,40s,Meets Expectations
E1291,Engineering,Master's,Hybrid,8,51,3,4,4,11,33,2,5,Female,30s,Meets Expectations
E1292,Operations,Master's,Hybrid,3,65,4,2,5,5,100,2,0,Male,30s,Exceeds Expectations
E1293,HR,PhD,Hybrid,6,19,3,3,3,8,61,16,9,Male,30s,Meets Expectations
E1294,Operations,Bachelor's,Remote,0,54,1,3,3,8,94,7,6,Female,20s,Meets Expectations
E1295,Finance,Master's,Hybrid,3,25,3,2,2,6,80,6,2,Male,30s,Meets Expectations
E1296,Finance,Bachelor's,Hybrid,7,52,4,4,4,7,73,7,2,Male,40s,Exceeds Expectations
E1297,HR,Master's,Hybrid,0,39,4,2,4,1,72,17,4,Female,20s,Meets Expectations
E1298,Operations,Bachelor's,Hybrid,5,78,5,3,4,3,69,1,9,Male,30s,Meets Expectations
E1299,Operations,High School,Remote,2,49,3,2,3,7,60,18,3,Female,20s,Meets Expectations
E1300,Finance,PhD,Remote,2,34,4,4,2,4,75,4,8,Female,20s,Meets Expectations
E1301,Engineering,Master's,Hybrid,5,43,3,3,3,2,65,19,6,Male,30s,Meets Expectations
E1302,Marketing,Bachelor's,On-site,0,38,4,5,3,6,77,33,6,Male,20s,Meets Expectations
E1303,Engineering,Bachelor's,Hybrid,10,17,3,4,4,8,75,8,4,Female,40s,Exceeds Expectations
E1304,Engineering,Master's,On-site,3,78,4,4,3,6,62,6,4,Male,40s,Exceeds Expectations
E1305,Finance,High School,Hybrid,1,72,3,3,3,4,60,24,4,Male,30s,Needs Improvement
E1306,Operations,Bachelor's,On-site,0,36,5,2,5,6,72,4,2,Male,20s,Meets Expectations
E1307,Engineering,High School,Remote,2,54,1,3,4,5,75,9,2,Female,20s,Meets Expectations
E1308,Engineering,High School,Remote,9,81,4,3,4,1,60,6,5,Female,40s,Exceeds Expectations
E1309,Operations,High School,On-site,0,65,4,1,3,4,52,10,6,Male,20s,Needs Improvement
E1310,Engineering,Master's,Hybrid,4,34,4,4,2,7,72,4,5,Male,30s,Meets Expectations
E1311,Engineering,Bachelor's,Remote,1,38,2,3,4,7,74,14,3,Male,20s,Meets Expectations
E1312,Finance,Master's,On-site,3,6,2,2,5,5,70,10,6,Female,40s,Meets Expectations
E1313,Operations,Master's,On-site,5,55,4,4,2,3,66,10,4,Male,30s,Meets Expectations
E1314,HR,Bachelor's,On-site,8,65,5,3,3,9,81,12,5,Non-binary,40s,Exceeds Expectations
E1315,HR,Master's,Remote,6,65,4,5,3,5,52,4,7,Female,40s,Meets Expectations
E1316,Sales,Bachelor's,Hybrid,11,54,4,4,4,6,55,15,7,Female,50+,Exceeds Expectations
E1317,Engineering,Master's,On-site,3,47,3,3,4,6,59,2,7,Male,30s,Meets Expectations
E1318,Finance,Bachelor's,On-site,9,20,4,4,3,6,66,9,6,Male,30s,Exceeds Expectations
E1319,Operations,Bachelor's,Hybrid,1,46,5,3,3,14,58,22,5,Female,20s,Exceeds Expectations
E1320,Sales,Bachelor's,On-site,9,27,3,3,2,7,58,3,7,Female,40s,Needs Improvement
E1321,Engineering,Master's,Hybrid,4,51,4,4,3,8,83,6,2,Male,20s,Exceeds Expectations
E1322,Engineering,Bachelor's,On-site,5,25,2,2,5,5,67,8,5,Male,30s,Meets Expectations
E1323,Engineering,Master's,Hybrid,8,50,3,2,4,1,81,9,7,Female,30s,Meets Expectations
E1324,Sales,Bachelor's,Hybrid,0,66,4,3,4,6,68,7,2,Female,20s,Exceeds Expectations
E1325,Engineering,Bachelor's,Remote,3,48,5,3,3,4,57,18,6,Female,30s,Exceeds Expectations
E1326,Operations,Bachelor's,On-site,11,47,3,4,3,2,86,2,10,Male,40s,Meets Expectations
E1327,Engineering,High School,Hybrid,6,58,2,2,3,3,62,20,5,Male,30s,Needs Improvement
E1328,Finance,High School,Hybrid,0,75,5,3,4,7,73,7,4,Male,20s,Exceeds Expectations
E1329,HR,Bachelor's,Hybrid,7,38,3,3,5,8,80,15,2,Male,30s,Exceeds Expectations
E1330,Operations,Master's,On-site,5,50,4,5,3,5,65,15,5,Male,40s,Exceeds Expectations
E1331,Operations,Master's,On-site,0,70,3,4,3,9,64,7,8,Male,20s,Meets Expectations
E1332,Sales,Bachelor's,Hybrid,2,53,3,3,3,7,55,6,6,Female,20s,Needs Improvement
E1333,Engineering,Bachelor's,Hybrid,5,0,3,4,2,8,70,29,6,Female,40s,Needs Improvement
E1334,Finance,High School,Remote,7,26,5,2,4,5,56,29,4,Female,30s,Meets Expectations
E1335,Engineering,Master's,Remote,9,55,4,5,5,7,64,10,1,Female,40s,Exceeds Expectations
E1336,Engineering,Master's,Hybrid,11,32,5,2,4,6,62,18,5,Male,50+,Exceeds Expectations
E1337,Engineering,Master's,Remote,9,69,3,4,4,6,59,8,5,Male,40s,Meets Expectations
E1338,Operations,Master's,Hybrid,7,77,1,4,5,8,72,7,2,Female,40s,Exceeds Expectations
E1339,Engineering,Bachelor's,On-site,18,28,3,3,4,4,86,11,5,Male,50+,Meets Expectations
E1340,HR,Bachelor's,On-site,3,19,5,4,4,7,80,4,6,Male,30s,Exceeds Expectations
E1341,Sales,Master's,Remote,4,33,3,4,4,7,37,4,5,Male,20s,Needs Improvement
E1342,Marketing,High School,On-site,9,32,4,3,4,9,69,23,4,Female,40s,Exceeds Expectations
E1343,Sales,High School,Remote,4,71,2,3,3,4,100,14,7,Non-binary,40s,Meets Expectations
E1344,Operations,Bachelor's,On-site,4,19,2,3,4,3,69,5,5,Male,30s,Meets Expectations
E1345,Finance,Master's,On-site,3,55,3,3,2,4,63,15,5,Male,20s,Meets Expectations
E1346,Sales,Master's,Hybrid,8,68,5,4,4,3,88,7,1,Male,50+,Exceeds Expectations
E1347,Sales,PhD,Remote,8,56,4,4,3,5,68,8,6,Male,30s,Exceeds Expectations
E1348,Operations,Bachelor's,Remote,5,49,1,4,4,3,87,6,5,Female,20s,Meets Expectations
E1349,Finance,Bachelor's,On-site,12,37,4,3,5,4,65,11,0,Male,40s,Exceeds Expectations
E1350,Sales,Bachelor's,On-site,4,77,2,3,4,6,75,13,5,Female,30s,Meets Expectations
E1351,Sales,Master's,Hybrid,5,35,3,4,4,8,58,8,7,Male,30s,Meets Expectations
E1352,Engineering,Bachelor's,Remote,12,59,4,2,4,3,84,4,2,Female,40s,Exceeds Expectations
E1353,Engineering,PhD,On-site,1,37,5,2,1,13,67,15,1,Female,20s,Meets Expectations
E1354,Engineering,Bachelor's,Hybrid,3,3,5,4,3,9,70,6,9,Male,30s,Meets Expectations
E1355,Engineering,Master's,On-site,4,35,4,4,4,5,83,13,3,Male,50+,Exceeds Expectations
E1356,Engineering,Master's,Hybrid,9,37,4,3,2,6,75,24,2,Male,40s,Meets Expectations
E1357,Operations,Bachelor's,On-site,4,37,5,3,3,4,65,24,5,Male,30s,Meets Expectations
E1358,Operations,Master's,Remote,2,27,2,4,3,4,46,3,6,Male,30s,Needs Improvement
E1359,Operations,Bachelor's,On-site,3,53,5,4,2,10,66,6,8,Male,30s,Meets Expectations
E1360,Marketing,Master's,Hybrid,6,55,3,3,3,4,62,12,2,Female,30s,Exceeds Expectations
E1361,Marketing,Master's,Hybrid,4,34,4,2,5,9,68,18,7,Male,30s,Meets Expectations
E1362,Engineering,Bachelor's,On-site,12,34,3,4,1,9,65,3,3,Male,40s,Needs Improvement
E1363,Finance,Bachelor's,On-site,0,19,2,5,4,8,88,20,6,Female,20s,Exceeds Expectations
E1364,Sales,PhD,Hybrid,14,45,4,2,4,5,77,13,4,Female,40s,Exceeds Expectations
E1365,HR,PhD,Hybrid,7,68,4,3,3,6,62,21,3,Female,30s,Exceeds Expectations
E1366,Operations,Bachelor's,Hybrid,4,68,3,3,5,5,79,3,5,Male,30s,Meets Expectations
E1367,Operations,PhD,Hybrid,2,28,3,5,3,4,91,7,2,Male,20s,Exceeds Expectations
E1368,Engineering,Bachelor's,On-site,3,80,5,2,3,2,58,13,5,Female,40s,Needs Improvement
E1369,Finance,Bachelor's,Remote,15,33,5,3,3,4,64,9,5,Female,40s,Meets Expectations
E1370,Engineering,Bachelor's,On-site,6,20,5,3,3,10,57,8,6,Female,40s,Exceeds Expectations
E1371,Engineering,High School,Hybrid,0,13,4,2,3,5,74,2,5,Male,20s,Meets Expectations
E1372,Engineering,Bachelor's,Remote,12,18,2,2,3,6,100,8,7,Female,40s,Exceeds Expectations
E1373,Engineering,Master's,Remote,3,47,4,4,3,7,87,3,2,Male,40s,Exceeds Expectations
E1374,Finance,High School,On-site,1,35,4,4,3,6,63,34,9,Male,20s,Needs Improvement
E1375,Sales,Bachelor's,On-site,2,27,4,3,2,9,78,13,3,Male,30s,Meets Expectations
E1376,Engineering,Master's,Hybrid,6,23,2,5,4,7,88,49,5,Male,30s,Needs Improvement
E1377,Operations,Master's,On-site,7,18,4,1,3,7,42,6,5,Non-binary,40s,Needs Improvement
E1378,HR,PhD,Hybrid,5,22,5,2,2,6,52,9,4,Male,30s,Meets Expectations
E1379,Sales,Bachelor's,Hybrid,7,60,2,2,2,6,83,24,6,Male,30s,Needs Improvement
E1380,HR,Master's,On-site,16,76,4,3,4,10,44,8,5,Male,40s,Exceeds Expectations
E1381,HR,Bachelor's,Hybrid,7,77,2,3,4,4,69,26,5,Male,40s,Needs Improvement
E1382,Sales,High School,Hybrid,0,54,3,3,4,6,80,30,3,Female,20s,Meets Expectations
E1383,Marketing,Master's,Hybrid,6,30,2,4,4,6,73,11,6,Female,30s,Meets Expectations
E1384,Operations,Bachelor's,On-site,7,27,3,5,4,5,66,23,4,Male,30s,Meets Expectations
E1385,Sales,Master's,On-site,0,55,3,4,3,8,90,17,10,Male,20s,Exceeds Expectations
E1386,HR,Bachelor's,On-site,9,35,4,3,4,7,81,2,7,Male,30s,Exceeds Expectations
E1387,Engineering,Bachelor's,Hybrid,3,48,4,3,4,5,100,26,7,Female,40s,Exceeds Expectations
E1388,Operations,Bachelor's,Hybrid,2,79,5,4,3,7,50,15,2,Male,20s,Meets Expectations
E1389,Sales,High School,Remote,7,44,3,5,2,6,60,11,4,Male,30s,Meets Expectations
E1390,Engineering,Bachelor's,Remote,3,86,4,4,5,7,67,10,4,Male,20s,Exceeds Expectations
E1391,Operations,Bachelor's,Hybrid,2,17,2,3,4,4,89,33,8,Male,30s,Needs Improvement
E1392,Marketing,Bachelor's,Remote,5,49,3,3,4,8,80,10,11,Female,40s,Meets Expectations
E1393,Engineering,Master's,On-site,5,46,3,4,2,3,62,14,6,Female,30s,Meets Expectations
E1394,Engineering,High School,Hybrid,3,20,2,3,3,6,52,19,1,Male,40s,Needs Improvement
E1395,Sales,Bachelor's,Hybrid,0,56,4,4,2,8,51,17,5,Female,20s,Meets Expectations
E1396,Operations,Bachelor's,Hybrid,15,71,3,3,4,5,96,9,8,Male,50+,Exceeds Expectations
E1397,Sales,Bachelor's,Hybrid,9,84,3,4,3,3,68,35,8,Female,40s,Meets Expectations
E1398,Engineering,Bachelor's,On-site,3,48,5,2,3,9,71,4,6,Non-binary,30s,Meets Expectations
E1399,Marketing,Master's,Remote,5,2,3,1,5,9,52,16,6,Female,40s,Meets Expectations
E1400,Sales,Master's,Remote,1,50,4,3,4,7,68,7,5,Male,20s,Exceeds Expectations
E1401,Engineering,Bachelor's,Remote,8,55,5,3,4,8,54,12,6,Male,40s,Exceeds Expectations
E1402,Operations,Master's,Hybrid,1,35,5,1,2,8,70,12,6,Male,30s,Meets Expectations
E1403,Engineering,High School,Remote,3,44,3,3,2,4,63,7,5,Male,30s,Needs Improvement
E1404,Operations,Bachelor's,Hybrid,3,30,2,4,4,2,57,22,2,Female,30s,Needs Improvement
E1405,Operations,Bachelor's,Hybrid,6,37,3,4,1,9,87,19,11,Female,30s,Meets Expectations
E1406,Engineering,Bachelor's,Hybrid,5,60,2,3,3,6,88,5,5,Female,40s,Exceeds Expectations
E1407,Finance,High School,Remote,2,68,4,2,3,5,76,36,5,Male,30s,Needs Improvement
E1408,Finance,High School,Hybrid,7,15,4,4,3,7,39,9,6,Male,40s,Needs Improvement
E1409,Marketing,High School,Hybrid,2,30,3,3,3,7,51,13,6,Female,30s,Needs Improvement
E1410,Marketing,Bachelor's,Remote,5,8,2,3,2,9,52,3,6,Male,40s,Needs Improvement
E1411,Engineering,Bachelor's,On-site,7,77,3,4,2,8,98,11,3,Female,30s,Exceeds Expectations
E1412,Engineering,Master's,Hybrid,16,57,5,3,4,6,85,18,4,Female,50+,Exceeds Expectations
E1413,Finance,Master's,On-site,0,0,4,5,4,8,90,5,5,Female,20s,Exceeds Expectations
E1414,Engineering,Bachelor's,Hybrid,8,39,4,4,2,6,56,11,5,Male,40s,Meets Expectations
E1415,Engineering,Bachelor's,On-site,5,34,5,4,4,4,43,13,6,Female,40s,Meets Expectations
E1416,HR,Bachelor's,On-site,1,25,4,3,4,2,84,14,11,Male,20s,Meets Expectations
E1417,Engineering,Master's,On-site,14,61,1,4,4,8,32,1,4,Male,50+,Meets Expectations
E1418,Operations,Bachelor's,On-site,8,60,2,3,3,7,69,6,4,Male,40s,Meets Expectations
E1419,Operations,High School,On-site,11,45,4,3,3,3,78,13,7,Female,40s,Meets Expectations
E1420,Operations,PhD,Hybrid,8,27,3,3,4,6,50,16,5,Male,30s,Meets Expectations
E1421,Engineering,Bachelor's,On-site,3,27,3,3,4,6,92,9,4,Male,30s,Exceeds Expectations
E1422,Sales,Bachelor's,On-site,7,41,3,2,2,7,63,25,1,Male,30s,Meets Expectations
E1423,Operations,Master's,On-site,7,31,3,3,3,8,73,13,4,Female,40s,Meets Expectations
E1424,Sales,Master's,On-site,6,40,4,3,3,8,77,10,4,Female,40s,Exceeds Expectations
E1425,Finance,Bachelor's,On-site,9,51,5,5,2,6,71,9,5,Female,30s,Exceeds Expectations
E1426,Marketing,Bachelor's,Remote,1,9,5,4,3,3,59,11,2,Female,20s,Meets Expectations
E1427,Sales,Bachelor's,Hybrid,8,25,5,3,4,8,55,4,3,Male,40s,Exceeds Expectations
E1428,Engineering,Bachelor's,On-site,11,39,2,3,3,9,74,11,4,Female,40s,Meets Expectations
E1429,Marketing,Bachelor's,Hybrid,5,71,3,4,4,2,78,7,9,Male,40s,Meets Expectations
E1430,Engineering,Bachelor's,On-site,12,57,3,5,3,6,84,12,5,Female,40s,Exceeds Expectations
E1431,Operations,Bachelor's,Hybrid,3,40,4,4,2,5,66,7,9,Male,30s,Meets Expectations
E1432,Marketing,Master's,Remote,4,48,3,1,4,8,69,9,6,Male,20s,Meets Expectations
E1433,Engineering,PhD,On-site,1,38,3,4,4,9,54,10,2,Female,20s,Meets Expectations
E1434,Finance,Master's,On-site,0,62,5,4,2,5,84,6,7,Female,20s,Meets Expectations
E1435,Sales,High School,Hybrid,5,49,3,5,4,12,54,12,4,Male,30s,Meets Expectations
E1436,Engineering,Bachelor's,On-site,7,66,3,3,3,0,77,14,3,Male,30s,Exceeds Expectations
E1437,Operations,Bachelor's,On-site,2,13,4,3,1,8,84,15,7,Male,30s,Meets Expectations
E1438,Finance,Bachelor's,Hybrid,0,24,4,4,2,12,84,24,4,Male,20s,Needs Improvement
E1439,Marketing,High School,Hybrid,1,45,4,2,4,7,46,8,1,Male,20s,Meets Expectations
E1440,Operations,Master's,On-site,8,50,5,2,2,7,43,15,6,Non-binary,40s,Meets Expectations
E1441,HR,Bachelor's,Remote,2,88,2,4,3,5,53,19,8,Female,30s,Needs Improvement
E1442,Sales,High School,On-site,3,4,4,2,3,3,51,5,2,Female,30s,Needs Improvement
E1443,Engineering,Bachelor's,On-site,1,39,3,2,4,9,100,12,4,Female,20s,Exceeds Expectations
E1444,Engineering,PhD,Hybrid,9,38,3,4,4,4,74,21,7,Male,40s,Exceeds Expectations
E1445,Sales,Master's,Hybrid,6,45,4,4,5,6,48,12,4,Female,30s,Exceeds Expectations
E1446,Sales,Bachelor's,Hybrid,7,75,5,4,3,7,52,22,5,Female,30s,Meets Expectations
E1447,Finance,Bachelor's,Hybrid,13,58,3,4,3,8,93,14,3,Non-binary,50+,Exceeds Expectations
E1448,Sales,Master's,Hybrid,12,8,5,3,4,10,89,23,8,Female,50+,Exceeds Expectations
E1449,Marketing,High School,Remote,7,71,2,4,4,4,47,22,4,Female,30s,Meets Expectations
E1450,Operations,Bachelor's,Hybrid,4,70,4,3,4,4,80,21,3,Female,30s,Exceeds Expectations
E1451,Operations,Master's,Hybrid,4,45,2,3,3,4,63,13,2,Female,30s,Meets Expectations
E1452,Sales,Master's,Hybrid,8,8,3,3,4,4,65,15,3,Female,40s,Meets Expectations
E1453,Operations,Bachelor's,On-site,6,37,3,4,3,4,46,12,4,Female,30s,Meets Expectations
E1454,Operations,Master's,Hybrid,3,49,3,3,3,6,62,4,6,Female,30s,Meets Expectations
E1455,Engineering,Bachelor's,On-site,12,60,1,2,4,9,51,5,5,Male,40s,Meets Expectations
E1456,Sales,High School,Hybrid,5,5,4,3,4,8,88,18,7,Female,30s,Exceeds Expectations
E1457,Engineering,High School,Hybrid,17,25,4,3,4,8,53,41,9,Male,50+,Meets Expectations
E1458,Marketing,Bachelor's,Hybrid,9,62,3,3,3,8,87,7,5,Male,30s,Exceeds Expectations
E1459,HR,High School,On-site,18,70,3,3,3,3,62,11,0,Male,50+,Meets Expectations
E1460,HR,Master's,Hybrid,9,49,3,4,4,9,37,12,5,Male,30s,Meets Expectations
E1461,Finance,Master's,Remote,10,63,2,2,5,6,57,8,2,Male,40s,Meets Expectations
E1462,Sales,High School,Remote,4,49,1,4,4,5,48,13,5,Female,20s,Needs Improvement
E1463,Sales,Master's,Hybrid,1,59,4,5,4,7,75,15,6,Female,20s,Exceeds Expectations
E1464,Operations,PhD,On-site,6,43,4,3,2,5,48,18,8,Female,40s,Needs Improvement
E1465,Operations,High School,On-site,5,50,4,3,3,4,60,13,5,Male,40s,Meets Expectations
E1466,Finance,Master's,Hybrid,2,16,4,3,3,4,72,3,5,Male,30s,Meets Expectations
E1467,Engineering,PhD,On-site,2,54,4,3,4,7,48,28,3,Female,20s,Meets Expectations
E1468,Engineering,Master's,Remote,2,15,4,2,3,8,89,12,5,Female,20s,Meets Expectations
E1469,Engineering,Bachelor's,Hybrid,1,54,3,5,4,6,70,8,2,Male,20s,Exceeds Expectations
E1470,Sales,Master's,Hybrid,0,31,4,4,4,7,68,8,7,Male,20s,Exceeds Expectations
E1471,Engineering,Master's,On-site,7,47,3,3,4,2,43,4,3,Female,30s,Meets Expectations
E1472,Operations,Bachelor's,On-site,8,21,3,2,3,4,59,10,3,Male,40s,Needs Improvement
E1473,Marketing,Bachelor's,Hybrid,8,30,4,3,3,4,62,8,1,Male,30s,Meets Expectations
E1474,Sales,Bachelor's,Hybrid,0,47,5,1,3,7,47,21,8,Male,20s,Meets Expectations
E1475,Engineering,Bachelor's,On-site,4,55,1,4,4,5,81,5,2,Female,30s,Meets Expectations
E1476,Sales,Bachelor's,Hybrid,3,62,3,3,3,2,67,6,6,Male,30s,Meets Expectations
E1477,Sales,Bachelor's,Hybrid,8,17,3,4,2,10,53,15,4,Female,50+,Meets Expectations
E1478,Finance,Master's,Hybrid,0,10,4,4,4,6,61,9,2,Non-binary,20s,Meets Expectations
E1479,Engineering,Master's,Remote,3,20,2,4,5,6,67,29,4,Male,30s,Meets Expectations
E1480,Operations,Bachelor's,On-site,3,19,1,4,3,4,98,7,6,Male,50+,Meets Expectations
E1481,Engineering,Bachelor's,On-site,3,71,4,4,5,6,73,16,6,Male,40s,Exceeds Expectations
E1482,Engineering,High School,Remote,5,67,4,4,1,7,54,17,9,Non-binary,40s,Needs Improvement
E1483,Operations,High School,On-site,3,20,2,3,3,6,56,3,3,Female,30s,Needs Improvement
E1484,Engineering,Bachelor's,Hybrid,8,74,3,5,4,6,60,10,9,Female,30s,Meets Expectations
E1485,Engineering,High School,Remote,3,66,5,4,3,6,76,4,2,Male,40s,Exceeds Expectations
E1486,Marketing,PhD,Hybrid,4,7,2,3,3,2,73,8,7,Female,20s,Needs Improvement
E1487,Sales,Bachelor's,Remote,5,19,3,2,3,8,74,2,6,Male,40s,Meets Expectations
E1488,Engineering,High School,Hybrid,0,7,4,3,4,4,65,6,10,Male,20s,Needs Improvement
E1489,Engineering,Master's,Hybrid,2,38,2,4,5,8,41,13,7,Female,30s,Meets Expectations
E1490,Engineering,Bachelor's,On-site,8,40,3,3,4,4,75,6,2,Female,30s,Exceeds Expectations
E1491,HR,Bachelor's,On-site,2,40,2,5,3,7,54,12,6,Male,30s,Needs Improvement
E1492,Engineering,High School,Hybrid,5,0,3,3,3,7,75,35,4,Female,30s,Needs Improvement
E1493,Finance,Master's,On-site,1,11,3,4,3,6,47,16,6,Female,30s,Needs Improvement
E1494,Operations,Bachelor's,Hybrid,3,45,4,2,3,7,66,21,11,Female,20s,Meets Expectations
E1495,Engineering,Master's,On-site,2,52,4,5,3,6,78,3,4,Female,30s,Meets Expectations
E1496,Sales,Bachelor's,On-site,2,0,5,2,3,8,98,3,3,Male,20s,Exceeds Expectations
E1497,Engineering,Master's,Hybrid,9,14,5,5,2,6,58,7,2,Non-binary,30s,Exceeds Expectations
E1498,Sales,Bachelor's,Hybrid,1,60,4,3,4,5,90,3,5,Male,20s,Exceeds Expectations
E1499,Engineering,Master's,On-site,5,16,3,1,4,11,83,1,3,Male,40s,Meets Expectations
E1500,Operations,Master's,Hybrid,2,40,3,5,3,6,61,7,4,Female,20s,Meets Expectations
E1501,Sales,Bachelor's,On-site,2,14,2,3,4,8,67,12,3,Non-binary,30s,Meets Expectations
E1502,HR,Master's,On-site,1,57,4,3,3,5,58,6,2,Male,30s,Meets Expectations
E1503,Marketing,Master's,Remote,8,0,3,4,3,5,55,8,6,Male,40s,Meets Expectations
E1504,Operations,High School,Remote,2,34,4,4,4,6,43,9,7,Female,30s,Meets Expectations
E1505,Sales,Master's,Hybrid,7,59,2,4,4,4,51,6,6,Female,30s,Meets Expectations
E1506,Engineering,Bachelor's,Hybrid,8,52,3,4,3,5,26,4,3,Female,40s,Meets Expectations
E1507,Operations,Bachelor's,Remote,0,31,4,3,4,6,69,12,3,Female,20s,Meets Expectations
E1508,Sales,High School,Hybrid,3,26,3,4,3,6,91,8,7,Female,30s,Exceeds Expectations
E1509,Marketing,High School,On-site,15,35,1,3,3,5,71,5,3,Male,50+,Meets Expectations
E1510,Marketing,High School,On-site,7,14,3,4,3,3,68,28,6,Female,30s,Needs Improvement
E1511,HR,Bachelor's,On-site,2,38,2,3,4,11,57,10,5,Female,30s,Needs Improvement
E1512,Engineering,High School,Hybrid,11,38,4,2,4,8,98,3,6,Male,40s,Exceeds Expectations
E1513,Engineering,High School,Hybrid,9,32,4,3,2,12,84,7,5,Male,40s,Meets Expectations
E1514,HR,Bachelor's,On-site,0,60,1,3,4,7,47,16,3,Female,20s,Needs Improvement
E1515,HR,Bachelor's,On-site,0,19,4,4,3,6,100,8,4,Female,20s,Meets Expectations
E1516,Finance,PhD,On-site,3,6,4,2,2,10,92,7,5,Male,30s,Meets Expectations
E1517,Finance,Master's,Hybrid,4,29,2,4,3,6,51,10,9,Non-binary,30s,Needs Improvement
E1518,Operations,High School,Remote,13,42,4,3,4,5,80,4,4,Male,40s,Exceeds Expectations
E1519,Operations,Bachelor's,Hybrid,4,38,2,1,5,7,64,2,6,Female,30s,Meets Expectations
E1520,Finance,Bachelor's,Hybrid,0,37,4,2,2,8,36,21,4,Male,20s,Needs Improvement
E1521,Engineering,Bachelor's,On-site,2,17,3,3,4,5,53,12,10,Male,20s,Meets Expectations
E1522,Sales,Bachelor's,Hybrid,0,20,2,4,2,3,80,11,3,Female,20s,Needs Improvement
E1523,Marketing,Master's,Hybrid,4,30,5,3,5,5,78,9,6,Female,30s,Exceeds Expectations
E1524,Marketing,Bachelor's,On-site,5,29,2,2,3,3,100,10,4,Male,30s,Meets Expectations
E1525,Engineering,Bachelor's,Hybrid,2,62,2,2,3,9,70,31,2,Male,30s,Needs Improvement
E1526,Marketing,Master's,Remote,3,45,3,2,4,8,38,6,5,Female,40s,Needs Improvement
E1527,Sales,Bachelor's,On-site,3,29,3,3,3,7,52,20,5,Male,40s,Needs Improvement
E1528,Sales,Master's,Hybrid,7,62,4,3,4,4,60,21,6,Male,30s,Exceeds Expectations
E1529,Operations,PhD,Remote,0,49,3,4,3,7,63,13,9,Female,20s,Meets Expectations
E1530,Sales,Bachelor's,Hybrid,9,13,4,1,1,12,62,20,8,Female,40s,Needs Improvement
E1531,HR,Master's,Hybrid,12,0,4,3,3,6,72,11,2,Female,40s,Meets Expectations
E1532,Marketing,Master's,On-site,8,13,2,5,4,4,91,7,5,Non-binary,30s,Meets Expectations
E1533,Marketing,Bachelor's,Remote,9,52,4,4,4,8,73,13,6,Female,40s,Exceeds Expectations
E1534,Engineering,High School,On-site,2,58,4,3,4,8,36,45,4,Male,20s,Needs Improvement
E1535,Marketing,Master's,On-site,10,7,3,2,4,10,73,12,2,Male,50+,Exceeds Expectations
E1536,Sales,Bachelor's,On-site,2,53,5,4,3,6,38,13,4,Male,20s,Meets Expectations
E1537,Marketing,Bachelor's,Hybrid,13,52,4,5,4,3,56,2,4,Non-binary,40s,Meets Expectations
E1538,Engineering,Bachelor's,Hybrid,0,68,4,2,4,6,95,4,5,Male,20s,Exceeds Expectations
E1539,Operations,Bachelor's,Remote,2,59,4,2,2,6,34,7,7,Male,20s,Needs Improvement
E1540,Finance,High School,Hybrid,8,67,3,3,4,1,98,10,3,Female,50+,Exceeds Expectations
E1541,Sales,PhD,Remote,7,50,4,4,4,5,75,16,8,Female,30s,Exceeds Expectations
E1542,Sales,Bachelor's,Hybrid,4,49,4,4,3,7,72,28,4,Female,40s,Meets Expectations
E1543,Sales,Bachelor's,Hybrid,9,33,3,5,3,7,45,4,7,Male,30s,Meets Expectations
E1544,Finance,Master's,On-site,3,56,2,2,2,4,68,10,1,Female,30s,Meets Expectations
E1545,Marketing,High School,On-site,12,13,3,3,4,12,59,17,5,Female,40s,Meets Expectations
E1546,Finance,Master's,Hybrid,7,37,4,4,4,3,53,6,7,Female,30s,Meets Expectations
E1547,Operations,Bachelor's,Hybrid,0,51,3,4,4,5,65,30,6,Male,20s,Needs Improvement
E1548,Sales,Bachelor's,On-site,2,68,3,3,3,7,100,11,6,Female,20s,Exceeds Expectations
E1549,Marketing,Bachelor's,Hybrid,10,30,3,3,4,2,79,7,8,Female,40s,Meets Expectations
E1550,Sales,PhD,On-site,5,59,3,3,3,5,63,9,3,Male,40s,Meets Expectations
E1551,Marketing,Master's,Hybrid,0,36,5,5,4,5,73,2,1,Male,20s,Exceeds Expectations
E1552,Sales,High School,On-site,3,60,4,2,4,5,60,24,8,Male,20s,Meets Expectations
E1553,Finance,Bachelor's,On-site,3,24,3,3,4,7,78,11,6,Male,30s,Meets Expectations
E1554,Engineering,Bachelor's,On-site,5,55,1,4,3,5,47,26,3,Male,30s,Needs Improvement
E1555,Engineering,Master's,Remote,1,38,3,2,2,10,80,10,4,Female,20s,Meets Expectations
E1556,Sales,Master's,Remote,3,16,3,3,2,8,42,34,7,Female,30s,Needs Improvement
E1557,Operations,Bachelor's,On-site,4,37,3,1,3,6,62,4,6,Male,20s,Needs Improvement
E1558,HR,Master's,On-site,3,66,4,3,5,7,84,18,5,Female,40s,Exceeds Expectations
E1559,Sales,Bachelor's,Hybrid,7,20,3,3,3,6,96,7,4,Male,40s,Exceeds Expectations
E1560,Sales,Bachelor's,On-site,6,10,2,3,3,11,31,27,4,Male,30s,Needs Improvement
E1561,Sales,Bachelor's,Remote,6,48,4,2,3,5,48,8,7,Female,30s,Meets Expectations
E1562,Operations,Bachelor's,Hybrid,6,6,2,3,2,13,67,2,10,Male,30s,Needs Improvement
E1563,Operations,Bachelor's,Remote,4,71,4,3,3,9,78,4,6,Female,20s,Meets Expectations
E1564,Operations,Bachelor's,On-site,1,71,3,4,4,4,57,5,4,Female,20s,Meets Expectations
E1565,Operations,Master's,Remote,2,61,3,4,3,5,66,5,5,Female,20s,Meets Expectations
E1566,Engineering,PhD,Hybrid,5,40,3,2,3,4,67,4,4,Male,30s,Meets Expectations
E1567,Engineering,Bachelor's,Hybrid,3,73,3,2,3,6,66,20,3,Non-binary,20s,Meets Expectations
E1568,Marketing,Bachelor's,Remote,6,67,4,3,4,6,67,11,5,Female,30s,Exceeds Expectations
E1569,Marketing,Master's,Hybrid,7,29,3,3,4,7,68,6,4,Male,40s,Meets Expectations
E1570,Engineering,Bachelor's,On-site,0,69,5,3,2,6,94,9,5,Female,20s,Exceeds Expectations
E1571,Finance,Master's,Hybrid,2,22,4,3,3,4,64,25,3,Female,30s,Meets Expectations
E1572,Engineering,Bachelor's,Remote,7,36,4,5,3,4,88,13,1,Male,30s,Exceeds Expectations
E1573,Engineering,High School,Remote,9,4,3,3,4,6,67,7,4,Male,30s,Meets Expectations
E1574,Sales,Master's,Hybrid,5,43,4,5,4,3,56,6,9,Male,30s,Meets Expectations
E1575,Operations,Bachelor's,Hybrid,0,34,2,3,4,7,64,26,7,Male,20s,Meets Expectations
E1576,Finance,Bachelor's,On-site,1,31,4,1,2,8,40,6,4,Female,20s,Needs Improvement
E1577,HR,Bachelor's,On-site,2,37,2,3,4,6,50,1,6,Male,30s,Needs Improvement
E1578,Operations,Master's,Hybrid,11,28,2,4,5,7,56,18,3,Female,40s,Meets Expectations
E1579,Operations,PhD,Hybrid,0,41,2,4,3,6,70,3,5,Male,20s,Needs Improvement
E1580,Sales,Bachelor's,On-site,4,66,4,3,3,6,94,18,2,Female,30s,Exceeds Expectations
E1581,Operations,High School,Hybrid,11,19,3,3,4,4,62,5,6,Female,40s,Meets Expectations
E1582,Engineering,High School,Hybrid,8,57,4,3,3,8,51,4,2,Male,30s,Meets Expectations
E1583,HR,Master's,Hybrid,3,44,2,4,3,8,81,2,4,Female,40s,Meets Expectations
E1584,Engineering,Bachelor's,On-site,3,47,4,3,3,8,71,12,5,Male,30s,Meets Expectations
E1585,Sales,Bachelor's,On-site,5,39,4,3,2,8,87,16,6,Non-binary,30s,Meets Expectations
E1586,HR,Bachelor's,Hybrid,0,26,4,4,4,1,84,10,5,Female,20s,Meets Expectations
E1587,Engineering,Bachelor's,Remote,0,49,3,3,4,5,77,8,4,Male,20s,Meets Expectations
E1588,Sales,Bachelor's,On-site,9,50,3,4,2,7,74,6,4,Non-binary,40s,Meets Expectations
E1589,Marketing,Bachelor's,Remote,1,24,2,4,4,4,84,7,7,Male,20s,Meets Expectations
E1590,Marketing,Bachelor's,Hybrid,2,13,2,2,3,4,82,10,1,Female,30s,Meets Expectations
E1591,Engineering,Bachelor's,Remote,2,42,4,2,5,4,83,8,1,Male,20s,Exceeds Expectations
E1592,Engineering,Bachelor's,Hybrid,1,55,3,3,5,2,83,7,6,Male,20s,Meets Expectations
E1593,Sales,Bachelor's,On-site,5,60,4,5,4,5,67,7,6,Male,30s,Exceeds Expectations
E1594,Operations,High School,Hybrid,3,64,5,3,4,6,55,21,6,Male,20s,Meets Expectations
E1595,Operations,Bachelor's,Hybrid,9,47,3,4,3,8,68,3,7,Female,30s,Meets Expectations
E1596,Sales,Bachelor's,On-site,9,35,3,2,4,5,62,54,5,Male,40s,Needs Improvement
E1597,Finance,Bachelor's,Hybrid,9,40,3,2,3,3,53,33,8,Female,30s,Needs Improvement
E1598,Marketing,Bachelor's,Hybrid,7,15,3,3,3,9,94,4,5,Male,30s,Exceeds Expectations
E1599,Operations,Bachelor's,Hybrid,9,26,4,5,3,8,68,24,3,Male,50+,Meets Expectations
E1600,Engineering,Bachelor's,Remote,1,39,3,2,3,9,51,8,1,Non-binary,20s,Needs Improvement
E1601,HR,Master's,Hybrid,4,35,5,3,3,2,89,2,1,Female,30s,Exceeds Expectations
E1602,Marketing,Bachelor's,On-site,8,42,4,4,3,8,70,13,3,Female,40s,Exceeds Expectations
E1603,Sales,Bachelor's,Remote,4,13,4,5,3,7,84,7,3,Female,40s,Meets Expectations
E1604,Engineering,Master's,On-site,1,17,3,4,4,4,62,22,2,Female,20s,Meets Expectations
E1605,Engineering,Bachelor's,On-site,4,56,4,4,3,3,78,36,8,Female,30s,Meets Expectations
E1606,Sales,Master's,Remote,3,23,3,2,2,7,78,3,6,Male,40s,Needs Improvement
E1607,Finance,Bachelor's,Remote,5,26,3,2,4,4,70,5,5,Female,40s,Meets Expectations
E1608,Finance,Master's,Hybrid,8,42,4,2,4,4,58,9,3,Male,30s,Exceeds Expectations
E1609,Engineering,Master's,Hybrid,5,21,3,2,4,4,74,12,5,Female,30s,Exceeds Expectations
E1610,Operations,High School,Hybrid,6,62,4,3,2,6,78,5,2,Female,30s,Meets Expectations
E1611,Sales,Bachelor's,Remote,7,15,4,2,3,6,49,15,7,Male,30s,Meets Expectations
E1612,Operations,Master's,Remote,7,40,3,3,4,8,100,3,4,Female,30s,Exceeds Expectations
E1613,Engineering,Bachelor's,On-site,7,25,3,3,2,8,94,4,6,Male,30s,Meets Expectations
E1614,Operations,Bachelor's,Remote,2,43,3,3,3,5,70,19,7,Male,30s,Meets Expectations
E1615,Operations,PhD,Hybrid,5,30,4,4,3,5,82,9,6,Male,30s,Meets Expectations
E1616,Operations,Master's,On-site,2,40,3,2,4,3,68,8,6,Male,40s,Meets Expectations
E1617,Operations,PhD,On-site,16,64,3,5,4,4,58,17,9,Male,50+,Exceeds Expectations
E1618,Sales,Master's,On-site,0,26,4,4,3,7,83,1,5,Non-binary,20s,Meets Expectations
E1619,Finance,Master's,Remote,5,26,4,2,3,4,55,8,5,Female,30s,Needs Improvement
E1620,Marketing,Master's,Hybrid,3,34,4,4,3,5,74,10,4,Male,20s,Meets Expectations
E1621,Sales,Bachelor's,Hybrid,6,69,3,2,3,4,57,3,5,Male,40s,Meets Expectations
E1622,Operations,Master's,On-site,2,38,5,4,4,9,55,9,5,Female,30s,Exceeds Expectations
E1623,Sales,Bachelor's,Hybrid,2,65,3,4,2,4,70,21,4,Male,40s,Meets Expectations
E1624,Sales,High School,Hybrid,4,36,4,2,5,5,85,15,10,Male,40s,Exceeds Expectations
E1625,Operations,Bachelor's,Remote,3,64,3,2,5,7,72,1,0,Female,30s,Meets Expectations
E1626,Sales,High School,Hybrid,10,48,5,3,4,6,69,9,7,Female,40s,Exceeds Expectations
E1627,Engineering,PhD,Hybrid,0,51,3,4,3,4,39,21,3,Male,20s,Needs Improvement
E1628,Sales,Bachelor's,Hybrid,10,11,3,3,4,5,65,16,5,Female,50+,Meets Expectations
E1629,Finance,Bachelor's,Hybrid,8,8,3,3,4,5,45,8,4,Female,30s,Meets Expectations
E1630,Operations,Bachelor's,Remote,3,61,3,3,3,5,69,18,4,Male,40s,Meets Expectations
E1631,Engineering,Bachelor's,Hybrid,1,61,4,1,3,6,68,20,5,Male,20s,Meets Expectations
E1632,Marketing,Bachelor's,Remote,4,88,5,4,3,9,67,6,7,Male,20s,Exceeds Expectations
E1633,Marketing,Master's,On-site,9,10,3,5,4,6,68,17,2,Female,30s,Exceeds Expectations
E1634,Marketing,Bachelor's,Hybrid,5,50,3,4,4,2,76,6,6,Female,30s,Meets Expectations
E1635,Marketing,Bachelor's,Remote,3,20,3,3,4,10,77,5,5,Male,30s,Exceeds Expectations
E1636,Operations,Bachelor's,Remote,12,25,3,2,4,9,73,12,5,Female,40s,Meets Expectations
E1637,Sales,Bachelor's,Hybrid,0,30,3,2,3,10,84,4,2,Male,20s,Meets Expectations
E1638,Sales,Bachelor's,Hybrid,7,48,3,2,4,6,29,8,3,Male,40s,Meets Expectations
E1639,Marketing,Master's,Remote,3,27,4,5,3,12,52,5,2,Female,30s,Meets Expectations
E1640,Sales,Master's,On-site,2,41,2,3,5,6,75,8,8,Male,30s,Meets Expectations
E1641,Sales,Master's,Remote,1,57,5,4,3,9,68,29,5,Male,20s,Meets Expectations
E1642,Engineering,Bachelor's,On-site,11,63,3,4,4,3,54,38,3,Male,40s,Meets Expectations
E1643,Engineering,High School,On-site,0,54,3,3,5,13,75,4,7,Male,20s,Meets Expectations
E1644,Operations,Master's,Hybrid,5,49,2,2,4,5,80,32,8,Female,40s,Meets Expectations
E1645,Engineering,PhD,Hybrid,1,37,4,4,4,7,56,6,4,Male,20s,Exceeds Expectations
E1646,Marketing,High School,On-site,8,29,2,2,4,11,58,18,6,Male,30s,Meets Expectations
E1647,Finance,Master's,On-site,5,51,4,4,3,8,42,5,5,Male,30s,Meets Expectations
E1648,Engineering,Bachelor's,Remote,13,19,4,2,3,3,66,12,5,Female,40s,Meets Expectations
E1649,Engineering,High School,Hybrid,4,42,3,3,3,5,67,15,7,Male,30s,Meets Expectations
E1650,Sales,PhD,Remote,2,18,1,3,2,2,51,19,2,Male,30s,Needs Improvement
E1651,HR,PhD,On-site,4,39,5,5,4,4,60,33,6,Female,30s,Meets Expectations
E1652,Sales,PhD,Hybrid,9,19,2,1,2,1,67,7,11,Female,40s,Needs Improvement
E1653,Marketing,High School,On-site,12,32,4,5,4,4,83,16,2,Female,40s,Exceeds Expectations
E1654,Engineering,Bachelor's,Hybrid,4,26,3,2,3,8,62,12,2,Female,30s,Meets Expectations
E1655,Engineering,Master's,On-site,4,24,4,3,3,8,54,29,9,Female,30s,Meets Expectations
E1656,Engineering,Master's,On-site,0,38,3,4,5,5,92,22,4,Male,20s,Exceeds Expectations
E1657,Sales,Bachelor's,Hybrid,7,0,3,4,2,1,79,19,9,Female,30s,Needs Improvement
E1658,Sales,Bachelor's,Hybrid,0,4,4,4,3,6,47,1,3,Female,20s,Needs Improvement
E1659,Operations,High School,Hybrid,10,56,2,4,3,7,79,37,7,Female,40s,Meets Expectations
E1660,Engineering,Bachelor's,Hybrid,5,43,3,5,4,3,60,3,4,Female,30s,Meets Expectations
E1661,HR,Master's,Hybrid,11,26,4,4,3,8,84,3,6,Female,50+,Exceeds Expectations
E1662,Marketing,High School,Hybrid,2,59,5,3,5,6,61,7,1,Female,20s,Exceeds Expectations
E1663,Finance,Bachelor's,Hybrid,2,27,2,3,2,6,39,11,4,Male,30s,Needs Improvement
E1664,Marketing,Bachelor's,Remote,13,28,3,3,5,10,59,16,5,Male,50+,Exceeds Expectations
E1665,Engineering,Bachelor's,Remote,9,24,4,4,2,6,54,16,6,Male,40s,Meets Expectations
E1666,Marketing,Bachelor's,On-site,3,78,1,5,5,6,57,10,4,Female,30s,Meets Expectations
E1667,Sales,High School,Hybrid,8,45,5,4,4,7,31,18,2,Female,30s,Exceeds Expectations
E1668,Finance,Master's,Remote,7,44,2,1,3,7,66,49,5,Female,30s,Needs Improvement
E1669,Engineering,Bachelor's,Remote,9,49,3,1,4,7,35,29,7,Female,30s,Meets Expectations
E1670,Finance,Bachelor's,Hybrid,3,3,4,3,3,5,66,7,1,Male,30s,Meets Expectations
E1671,Marketing,Bachelor's,Hybrid,4,28,3,3,4,8,29,8,6,Male,30s,Needs Improvement
E1672,Marketing,Bachelor's,Hybrid,0,49,2,3,3,9,50,5,2,Male,20s,Needs Improvement
E1673,Engineering,Bachelor's,Remote,6,40,5,4,4,4,77,15,5,Female,30s,Exceeds Expectations
E1674,Marketing,Master's,Hybrid,8,84,1,4,4,6,79,4,4,Female,40s,Needs Improvement
E1675,Finance,Bachelor's,On-site,5,29,2,3,3,3,55,5,5,Male,30s,Needs Improvement
E1676,HR,Bachelor's,Remote,0,59,3,2,4,8,77,10,2,Female,20s,Meets Expectations
E1677,Sales,Bachelor's,Hybrid,5,56,2,2,4,8,39,11,7,Female,40s,Needs Improvement
E1678,Engineering,Bachelor's,On-site,7,43,5,3,3,3,84,13,5,Female,30s,Exceeds Expectations
E1679,Sales,Bachelor's,On-site,1,46,2,4,3,9,87,2,4,Non-binary,20s,Meets Expectations
E1680,Finance,Bachelor's,Hybrid,4,34,5,2,4,8,65,5,3,Male,30s,Exceeds Expectations
E1681,Sales,Bachelor's,Hybrid,0,1,3,4,4,4,61,11,4,Female,20s,Needs Improvement
E1682,Finance,Bachelor's,Hybrid,2,47,2,1,3,8,30,24,3,Female,20s,Needs Improvement
E1683,Finance,Master's,On-site,3,49,1,1,4,3,67,8,3,Male,30s,Needs Improvement
E1684,Marketing,High School,On-site,14,52,3,2,4,3,79,31,6,Female,40s,Meets Expectations
E1685,Marketing,Master's,Hybrid,4,41,3,5,5,7,74,22,4,Female,30s,Exceeds Expectations
E1686,Marketing,Bachelor's,On-site,8,59,4,5,4,7,70,2,5,Female,40s,Exceeds Expectations
E1687,HR,High School,Hybrid,6,23,3,2,3,9,45,20,3,Female,30s,Needs Improvement
E1688,Engineering,Master's,Hybrid,5,69,4,2,4,5,70,5,6,Female,30s,Meets Expectations
E1689,Operations,Bachelor's,On-site,7,20,3,4,3,7,54,14,5,Male,30s,Meets Expectations
E1690,Operations,Master's,Hybrid,4,38,3,3,4,7,91,5,7,Male,40s,Exceeds Expectations
E1691,Sales,PhD,On-site,2,54,4,5,3,7,78,3,2,Male,30s,Meets Expectations
E1692,Operations,Master's,Hybrid,0,30,4,4,3,1,72,4,7,Female,20s,Meets Expectations
E1693,Operations,Bachelor's,Hybrid,0,55,4,4,3,9,69,13,3,Female,20s,Exceeds Expectations
E1694,HR,Master's,Hybrid,4,33,4,2,2,4,53,16,6,Male,30s,Needs Improvement
E1695,Finance,Bachelor's,Remote,1,42,3,4,3,7,55,3,8,Female,20s,Meets Expectations
E1696,Marketing,Master's,On-site,8,36,3,5,2,7,99,4,6,Female,40s,Exceeds Expectations
E1697,Engineering,Bachelor's,Remote,2,28,4,3,4,7,54,5,4,Female,30s,Exceeds Expectations
E1698,Engineering,Master's,On-site,6,85,1,3,2,5,68,2,1,Female,50+,Needs Improvement
E1699,Sales,Master's,Remote,0,23,3,3,3,12,70,7,4,Male,20s,Meets Expectations
E1700,Operations,Bachelor's,On-site,7,0,3,2,3,5,68,35,6,Female,30s,Needs Improvement
E1701,Sales,PhD,Hybrid,3,24,4,2,5,10,71,12,4,Male,20s,Exceeds Expectations
E1702,Operations,Master's,On-site,4,43,2,2,3,4,98,9,5,Female,30s,Meets Expectations
E1703,Marketing,Master's,Hybrid,2,32,4,2,2,3,70,17,5,Male,30s,Meets Expectations
E1704,Finance,High School,On-site,0,60,3,2,2,7,76,19,7,Male,20s,Meets Expectations
E1705,Sales,Bachelor's,On-site,6,60,3,1,3,7,63,5,3,Female,30s,Needs Improvement
E1706,Sales,Master's,On-site,3,34,3,2,3,10,65,5,3,Male,50+,Meets Expectations
E1707,Engineering,High School,On-site,6,6,5,4,5,5,75,7,7,Male,30s,Exceeds Expectations
E1708,Engineering,Master's,Hybrid,7,14,1,3,4,6,90,3,3,Female,30s,Meets Expectations
E1709,Engineering,Master's,Hybrid,11,39,5,3,3,5,89,4,2,Male,40s,Exceeds Expectations
E1710,Engineering,Bachelor's,On-site,5,9,5,4,5,7,17,16,2,Male,30s,Meets Expectations
E1711,Engineering,Master's,Remote,4,33,3,5,3,4,41,4,4,Male,30s,Needs Improvement
E1712,Marketing,High School,Hybrid,0,68,4,5,3,5,100,4,7,Female,20s,Exceeds Expectations
E1713,Sales,Master's,On-site,12,47,3,3,3,5,59,26,4,Female,40s,Meets Expectations
E1714,Engineering,Master's,Hybrid,4,41,5,3,4,9,62,37,5,Female,30s,Meets Expectations
E1715,Operations,Bachelor's,Hybrid,1,19,4,3,3,5,59,8,4,Female,20s,Needs Improvement
E1716,HR,Bachelor's,Hybrid,2,44,5,4,5,5,47,14,4,Female,30s,Exceeds Expectations
E1717,Operations,Bachelor's,Remote,4,35,2,3,4,4,56,12,9,Male,30s,Needs Improvement
E1718,Marketing,Bachelor's,Hybrid,6,45,3,3,4,7,59,8,5,Female,30s,Meets Expectations
E1719,Engineering,Master's,Remote,11,55,2,3,2,6,60,20,5,Female,40s,Needs Improvement
E1720,Operations,Bachelor's,Hybrid,1,58,3,2,2,5,52,4,7,Female,20s,Needs Improvement
E1721,Operations,Bachelor's,Remote,14,43,5,1,2,7,83,8,1,Female,40s,Meets Expectations
E1722,Marketing,Bachelor's,Hybrid,1,50,4,3,3,4,67,9,7,Male,20s,Needs Improvement
E1723,HR,Master's,Hybrid,2,30,4,5,2,5,70,3,3,Male,30s,Meets Expectations
E1724,Sales,Master's,Hybrid,13,63,4,5,5,5,69,9,3,Female,50+,Exceeds Expectations
E1725,HR,Bachelor's,Hybrid,3,22,4,4,3,7,60,4,4,Female,40s,Meets Expectations
E1726,Finance,Bachelor's,On-site,3,36,3,3,4,3,57,12,2,Female,30s,Meets Expectations
E1727,HR,High School,On-site,2,65,3,2,3,2,44,13,5,Non-binary,20s,Needs Improvement
E1728,Engineering,Bachelor's,On-site,2,30,3,5,4,7,80,17,2,Female,30s,Exceeds Expectations
E1729,Engineering,Bachelor's,On-site,9,13,1,2,2,4,66,10,2,Female,30s,Needs Improvement
E1730,Engineering,Master's,Remote,9,32,3,3,3,7,88,12,3,Female,30s,Exceeds Expectations
E1731,Engineering,Bachelor's,Hybrid,4,68,4,5,4,3,74,16,5,Female,30s,Exceeds Expectations
E1732,Sales,High School,On-site,7,0,3,3,4,11,93,43,6,Female,30s,Meets Expectations
E1733,Operations,Bachelor's,Hybrid,4,42,3,3,3,2,62,3,3,Male,30s,Needs Improvement
E1734,Engineering,Master's,On-site,0,27,4,4,2,5,52,31,8,Female,20s,Needs Improvement
E1735,Sales,Bachelor's,Remote,3,37,4,3,4,11,98,1,3,Female,30s,Exceeds Expectations
E1736,Engineering,Bachelor's,Remote,5,33,2,3,3,10,86,5,6,Female,40s,Meets Expectations
E1737,HR,Master's,On-site,1,59,3,5,3,4,38,15,4,Female,20s,Needs Improvement
E1738,Marketing,High School,Hybrid,3,41,4,1,5,3,75,5,5,Male,30s,Exceeds Expectations
E1739,HR,Master's,Remote,1,60,4,4,3,8,79,9,3,Male,20s,Meets Expectations
E1740,Operations,Master's,Hybrid,3,66,5,2,3,7,64,15,3,Male,30s,Meets Expectations
E1741,Operations,Master's,Remote,7,41,5,3,3,8,47,3,2,Male,30s,Meets Expectations
E1742,Operations,High School,On-site,4,33,5,3,4,5,65,20,3,Male,40s,Exceeds Expectations
E1743,Operations,High School,On-site,5,48,3,3,3,5,71,6,1,Male,40s,Meets Expectations
E1744,Sales,Master's,Hybrid,1,51,5,3,4,3,57,24,1,Male,20s,Meets Expectations
E1745,Marketing,Bachelor's,On-site,6,17,2,4,4,9,80,11,7,Male,40s,Meets Expectations
E1746,Sales,Bachelor's,Remote,3,45,5,3,3,7,42,8,2,Male,20s,Meets Expectations
E1747,Operations,Bachelor's,Hybrid,1,35,4,3,4,3,71,2,4,Male,30s,Meets Expectations
E1748,Engineering,High School,On-site,8,32,4,3,3,6,99,5,3,Female,30s,Exceeds Expectations
E1749,Engineering,Bachelor's,Hybrid,4,26,4,3,3,5,78,11,5,Male,30s,Exceeds Expectations
E1750,Engineering,PhD,Hybrid,10,27,2,3,2,5,91,16,5,Female,40s,Exceeds Expectations
E1751,Marketing,Master's,Remote,3,65,2,2,4,8,66,6,10,Male,20s,Needs Improvement
E1752,Finance,Bachelor's,On-site,3,33,3,4,4,6,71,19,3,Male,30s,Meets Expectations
E1753,Engineering,PhD,Hybrid,2,63,4,3,4,7,61,18,2,Male,30s,Exceeds Expectations
E1754,HR,Master's,On-site,2,43,5,3,4,8,62,13,3,Male,30s,Meets Expectations
E1755,Sales,High School,Remote,9,17,2,4,5,12,76,4,5,Male,40s,Exceeds Expectations
E1756,Operations,Master's,Hybrid,2,44,5,3,3,7,53,5,6,Male,40s,Meets Expectations
E1757,Engineering,High School,On-site,8,16,3,4,4,7,81,24,5,Female,50+,Exceeds Expectations
E1758,Engineering,Bachelor's,Hybrid,15,52,3,4,3,7,76,5,6,Female,50+,Meets Expectations
E1759,Marketing,Bachelor's,Hybrid,1,36,3,3,4,7,49,12,3,Female,20s,Meets Expectations
E1760,Marketing,Bachelor's,Hybrid,2,57,3,4,3,4,84,6,3,Female,30s,Meets Expectations
E1761,Operations,High School,On-site,2,69,4,3,4,4,100,12,3,Female,20s,Exceeds Expectations
E1762,Marketing,Bachelor's,Hybrid,2,5,3,2,3,2,82,7,7,Male,20s,Needs Improvement
E1763,Operations,Bachelor's,Remote,5,31,2,4,4,7,37,13,3,Male,30s,Meets Expectations
E1764,Sales,Bachelor's,On-site,3,16,3,1,4,6,100,15,7,Female,20s,Exceeds Expectations
E1765,Sales,Bachelor's,On-site,3,83,4,1,2,6,33,4,6,Male,20s,Needs Improvement
E1766,Operations,Master's,Remote,4,31,2,4,2,7,41,2,4,Female,30s,Needs Improvement
E1767,Engineering,Master's,Hybrid,1,14,4,4,4,6,40,33,7,Male,20s,Needs Improvement
E1768,Operations,High School,Hybrid,9,85,4,4,4,4,64,6,4,Female,40s,Exceeds Expectations
E1769,Engineering,Master's,Remote,3,25,5,5,3,5,37,4,5,Male,20s,Meets Expectations
E1770,HR,Bachelor's,On-site,16,8,4,3,3,6,32,16,6,Female,50+,Meets Expectations
E1771,Engineering,Bachelor's,Remote,3,17,1,3,3,8,57,8,4,Female,30s,Needs Improvement
E1772,Marketing,Bachelor's,Hybrid,2,43,4,4,4,3,56,8,3,Female,30s,Exceeds Expectations
E1773,Operations,Bachelor's,On-site,1,41,4,2,3,10,63,2,5,Male,20s,Meets Expectations
E1774,Engineering,High School,Remote,5,23,3,3,4,8,75,12,3,Male,50+,Exceeds Expectations
E1775,Engineering,Master's,Hybrid,4,30,3,3,3,5,91,5,5,Male,40s,Exceeds Expectations
E1776,Sales,Master's,On-site,10,41,4,4,3,8,67,5,6,Male,30s,Exceeds Expectations
E1777,Engineering,PhD,Remote,0,66,5,3,4,6,75,3,6,Female,20s,Exceeds Expectations
E1778,Sales,PhD,Remote,7,47,3,3,4,9,63,16,5,Male,30s,Meets Expectations
E1779,Operations,Bachelor's,Remote,3,29,4,2,3,5,86,7,5,Male,20s,Exceeds Expectations
E1780,Engineering,High School,On-site,8,35,4,2,3,6,92,6,6,Female,40s,Exceeds Expectations
E1781,Sales,High School,On-site,8,55,3,5,4,7,58,11,1,Male,40s,Exceeds Expectations
E1782,Sales,Bachelor's,Hybrid,7,74,5,3,2,8,46,14,3,Female,30s,Meets Expectations
E1783,Sales,Master's,Remote,0,18,2,3,5,5,58,17,3,Female,20s,Meets Expectations
E1784,Engineering,Bachelor's,On-site,2,62,4,2,4,8,60,11,6,Female,20s,Meets Expectations
E1785,Finance,Bachelor's,Hybrid,11,34,3,5,3,4,64,12,1,Male,40s,Exceeds Expectations
E1786,Marketing,Bachelor's,On-site,12,8,2,2,3,3,68,10,4,Male,40s,Meets Expectations
E1787,Operations,Master's,Hybrid,13,4,5,2,5,7,64,5,2,Female,40s,Exceeds Expectations
E1788,Sales,Bachelor's,Hybrid,1,67,4,3,1,10,47,21,2,Male,20s,Meets Expectations
E1789,Marketing,Master's,On-site,5,69,3,2,4,7,64,9,5,Male,30s,Meets Expectations
E1790,Operations,Bachelor's,Hybrid,11,29,3,4,4,5,72,31,4,Male,40s,Meets Expectations
E1791,Operations,Bachelor's,Hybrid,0,36,3,2,3,7,92,16,3,Non-binary,20s,Meets Expectations
E1792,Operations,Bachelor's,Hybrid,6,4,4,4,3,12,59,4,6,Male,30s,Meets Expectations
E1793,Engineering,Master's,Remote,8,55,3,4,4,4,67,21,6,Female,30s,Meets Expectations
E1794,Operations,Master's,On-site,6,39,3,3,4,4,66,11,3,Male,30s,Meets Expectations
E1795,Operations,Bachelor's,On-site,0,9,3,2,3,6,59,7,7,Female,20s,Needs Improvement
E1796,Operations,Bachelor's,Hybrid,3,44,3,2,3,1,60,3,1,Female,30s,Meets Expectations
E1797,Marketing,High School,Hybrid,5,12,2,3,3,7,38,10,4,Female,30s,Needs Improvement
E1798,Operations,High School,On-site,3,51,4,2,4,7,75,7,5,Male,30s,Meets Expectations
E1799,Sales,High School,Remote,4,18,3,2,5,5,78,17,1,Non-binary,30s,Meets Expectations
E1800,Finance,Bachelor's,On-site,5,47,2,4,3,10,61,15,9,Female,30s,Needs Improvement
E1801,Finance,Master's,On-site,7,27,5,3,3,6,76,10,7,Male,30s,Exceeds Expectations
E1802,Finance,Master's,Remote,6,0,5,3,3,4,40,2,5,Female,40s,Needs Improvement
E1803,Finance,Master's,Remote,4,60,3,4,3,4,91,9,3,Male,30s,Exceeds Expectations
E1804,Engineering,Master's,Hybrid,3,61,4,3,2,3,55,4,3,Female,30s,Needs Improvement
E1805,Sales,PhD,On-site,3,30,4,3,2,8,63,9,9,Male,30s,Meets Expectations
E1806,Sales,PhD,On-site,0,45,3,4,4,6,82,6,4,Male,20s,Exceeds Expectations
E1807,Finance,Bachelor's,On-site,11,49,4,4,4,7,44,25,6,Female,40s,Meets Expectations
E1808,Finance,High School,Hybrid,4,49,3,4,3,8,60,3,4,Male,30s,Meets Expectations
E1809,Operations,Bachelor's,Hybrid,9,75,5,5,3,9,56,6,7,Non-binary,30s,Exceeds Expectations
E1810,Operations,Master's,On-site,5,48,5,3,3,7,76,14,6,Female,40s,Exceeds Expectations
E1811,Marketing,High School,Hybrid,0,33,5,2,2,6,52,20,4,Male,20s,Needs Improvement
E1812,Engineering,Bachelor's,Hybrid,0,49,4,4,3,7,80,29,6,Male,20s,Exceeds Expectations
E1813,Marketing,Bachelor's,On-site,8,31,5,3,4,4,72,16,4,Female,30s,Meets Expectations
E1814,Operations,Bachelor's,On-site,6,19,3,2,3,3,43,15,5,Female,30s,Needs Improvement
E1815,Marketing,Bachelor's,Remote,8,64,5,4,3,7,81,22,6,Male,30s,Exceeds Expectations
E1816,Operations,Master's,On-site,6,51,3,4,3,3,97,25,7,Male,30s,Meets Expectations
E1817,Operations,Bachelor's,On-site,8,3,2,2,4,2,53,31,6,Male,40s,Needs Improvement
E1818,Sales,Master's,On-site,3,26,5,4,4,8,59,30,2,Male,40s,Exceeds Expectations
E1819,Finance,High School,Hybrid,4,55,4,5,2,3,47,14,8,Male,40s,Meets Expectations
E1820,HR,Master's,Hybrid,6,9,4,4,4,7,67,5,9,Female,30s,Meets Expectations
E1821,Sales,Bachelor's,Hybrid,0,25,3,3,4,5,85,18,6,Female,20s,Exceeds Expectations
E1822,Engineering,Bachelor's,Hybrid,8,93,2,2,4,4,57,23,5,Female,40s,Meets Expectations
E1823,Engineering,PhD,Hybrid,10,33,3,5,5,6,53,13,3,Female,40s,Exceeds Expectations
E1824,Engineering,PhD,On-site,6,62,3,3,3,5,88,14,5,Male,40s,Exceeds Expectations
E1825,Marketing,Master's,Remote,3,70,3,2,4,1,55,3,2,Male,20s,Meets Expectations
E1826,Engineering,Master's,Remote,10,22,1,3,4,9,56,10,3,Female,40s,Meets Expectations
E1827,Sales,Bachelor's,Hybrid,11,45,5,4,4,5,64,6,4,Male,40s,Exceeds Expectations
E1828,HR,Bachelor's,On-site,13,81,3,4,3,5,40,4,5,Female,50+,Meets Expectations
E1829,Sales,Bachelor's,Hybrid,4,49,5,3,3,3,54,7,7,Male,20s,Meets Expectations
E1830,Operations,Master's,On-site,5,87,3,3,4,12,98,17,3,Male,30s,Exceeds Expectations
E1831,Sales,Master's,On-site,13,27,3,3,4,4,79,10,7,Female,40s,Meets Expectations
E1832,Engineering,PhD,Remote,3,76,4,4,5,10,78,5,7,Male,30s,Exceeds Expectations
E1833,Operations,Master's,On-site,2,40,4,4,4,9,78,8,6,Female,20s,Meets Expectations
E1834,Operations,Bachelor's,On-site,9,33,3,3,2,8,78,20,7,Female,40s,Meets Expectations
E1835,Marketing,High School,Hybrid,7,53,4,4,4,3,61,21,4,Male,40s,Meets Expectations
E1836,Finance,Bachelor's,Hybrid,4,38,4,2,3,6,67,7,3,Male,30s,Meets Expectations
E1837,Engineering,Bachelor's,Hybrid,6,38,3,4,5,7,74,18,9,Male,30s,Meets Expectations
E1838,Finance,Master's,On-site,4,50,2,3,4,12,60,20,6,Male,30s,Meets Expectations
E1839,Engineering,Bachelor's,Hybrid,16,4,3,3,4,8,89,25,3,Male,40s,Meets Expectations
E1840,HR,Master's,On-site,2,24,3,3,2,11,41,10,3,Male,20s,Needs Improvement
E1841,Engineering,Master's,Remote,2,54,3,3,3,5,63,2,4,Female,30s,Meets Expectations
E1842,Finance,Bachelor's,On-site,6,60,5,3,3,7,86,8,3,Female,30s,Exceeds Expectations
E1843,Engineering,Master's,On-site,7,47,4,5,3,7,84,22,5,Male,40s,Exceeds Expectations
E1844,Engineering,Bachelor's,Hybrid,0,46,2,5,4,3,60,4,4,Male,20s,Needs Improvement
E1845,Engineering,Master's,On-site,1,48,5,4,5,4,73,11,6,Female,20s,Exceeds Expectations
E1846,Finance,Bachelor's,Hybrid,0,59,3,3,4,5,73,3,4,Female,20s,Meets Expectations
E1847,Sales,Bachelor's,On-site,3,11,4,2,3,5,100,6,5,Female,30s,Meets Expectations
E1848,HR,High School,Hybrid,2,30,2,3,3,4,55,2,9,Female,20s,Needs Improvement
E1849,Sales,Bachelor's,On-site,5,39,3,3,3,9,71,14,8,Female,30s,Meets Expectations
E1850,Finance,Master's,Hybrid,10,44,4,2,3,5,61,9,8,Male,40s,Meets Expectations
E1851,Engineering,PhD,On-site,3,0,2,4,4,3,92,4,7,Male,30s,Meets Expectations
E1852,Operations,Master's,On-site,4,15,3,4,4,7,66,10,5,Non-binary,30s,Meets Expectations
E1853,Sales,High School,On-site,7,40,4,1,3,4,58,12,4,Male,30s,Meets Expectations
E1854,Engineering,PhD,Remote,8,60,2,2,3,3,80,4,4,Female,40s,Meets Expectations
E1855,Engineering,High School,Hybrid,2,32,2,4,5,1,55,5,6,Male,40s,Meets Expectations
E1856,Engineering,High School,On-site,5,27,4,4,2,2,71,6,5,Male,30s,Needs Improvement
E1857,Sales,Master's,On-site,3,51,5,2,4,7,79,2,2,Male,30s,Exceeds Expectations
E1858,Engineering,Master's,On-site,12,33,4,4,4,5,40,19,11,Male,40s,Meets Expectations
E1859,Operations,PhD,On-site,9,58,4,3,3,6,55,16,5,Male,40s,Meets Expectations
E1860,HR,Master's,Hybrid,1,36,2,3,3,3,99,4,2,Female,20s,Meets Expectations
E1861,Engineering,Bachelor's,On-site,12,18,5,2,4,9,72,8,3,Female,40s,Exceeds Expectations
E1862,Sales,Bachelor's,Remote,1,68,3,3,3,4,50,1,3,Female,20s,Meets Expectations
E1863,Engineering,High School,Hybrid,14,65,4,4,3,4,70,40,0,Female,40s,Meets Expectations
E1864,Engineering,Bachelor's,On-site,6,21,4,3,3,6,38,6,2,Male,40s,Needs Improvement
E1865,Sales,Bachelor's,On-site,7,48,4,4,5,11,71,9,4,Female,30s,Exceeds Expectations
E1866,Engineering,High School,On-site,6,33,4,3,3,6,74,11,6,Female,30s,Meets Expectations
E1867,Engineering,Bachelor's,On-site,2,52,4,4,4,6,67,11,4,Male,30s,Meets Expectations
E1868,Operations,Bachelor's,Hybrid,2,22,4,3,4,7,56,7,2,Male,40s,Meets Expectations
E1869,Marketing,Master's,On-site,2,57,4,5,3,3,97,9,3,Male,30s,Exceeds Expectations
E1870,Operations,Bachelor's,On-site,3,64,3,4,3,8,63,6,1,Female,30s,Meets Expectations
E1871,Engineering,Bachelor's,On-site,5,21,3,3,4,6,38,3,1,Female,40s,Needs Improvement
E1872,Operations,Master's,Hybrid,6,41,5,3,3,5,65,5,5,Male,30s,Exceeds Expectations
E1873,Sales,Master's,On-site,3,64,3,3,2,4,87,16,3,Male,30s,Exceeds Expectations
E1874,Engineering,Bachelor's,Remote,2,20,3,3,3,6,94,18,2,Female,20s,Exceeds Expectations
E1875,Operations,High School,On-site,3,27,4,3,5,1,25,16,3,Male,20s,Meets Expectations
E1876,Engineering,PhD,On-site,0,53,4,2,3,6,55,12,1,Male,20s,Meets Expectations
E1877,Sales,Master's,Hybrid,7,37,2,3,4,2,62,9,3,Male,40s,Meets Expectations
E1878,Operations,Bachelor's,Hybrid,16,8,4,2,2,8,71,4,4,Female,50+,Meets Expectations
E1879,Marketing,Bachelor's,Hybrid,13,34,3,4,5,6,46,4,5,Male,40s,Meets Expectations
E1880,HR,Bachelor's,Hybrid,0,75,4,4,3,4,77,0,6,Male,20s,Meets Expectations
E1881,Sales,High School,On-site,12,81,3,4,3,5,83,11,8,Female,40s,Exceeds Expectations
E1882,Engineering,Bachelor's,On-site,11,27,4,3,3,6,54,20,4,Female,40s,Meets Expectations
E1883,Operations,PhD,On-site,4,22,1,2,5,4,67,17,4,Female,30s,Needs Improvement
E1884,Engineering,Bachelor's,Hybrid,9,31,2,2,4,5,81,13,11,Female,30s,Meets Expectations
E1885,Engineering,Bachelor's,Hybrid,0,76,4,3,3,6,96,14,1,Female,20s,Exceeds Expectations
E1886,Engineering,Master's,Hybrid,9,57,5,5,1,6,85,1,7,Female,30s,Exceeds Expectations
E1887,Operations,Bachelor's,Remote,1,69,4,3,5,7,60,16,8,Male,20s,Meets Expectations
E1888,Finance,Bachelor's,Hybrid,2,60,3,3,3,7,75,8,5,Male,30s,Meets Expectations
E1889,Sales,Bachelor's,Remote,0,14,3,3,3,9,64,26,5,Male,20s,Needs Improvement
E1890,Operations,High School,Hybrid,3,21,2,3,3,10,56,12,8,Male,40s,Needs Improvement
E1891,Engineering,Bachelor's,Hybrid,14,26,5,4,5,4,76,15,9,Female,40s,Exceeds Expectations
E1892,Operations,PhD,Hybrid,1,30,3,5,3,10,76,4,4,Female,20s,Meets Expectations
E1893,Engineering,Bachelor's,On-site,2,26,4,4,2,1,68,10,2,Male,20s,Meets Expectations
E1894,Sales,Master's,On-site,0,29,3,4,3,9,84,16,5,Male,20s,Meets Expectations
E1895,Engineering,High School,Hybrid,8,53,4,3,3,6,63,13,3,Female,30s,Exceeds Expectations
E1896,Operations,Master's,On-site,3,43,2,3,4,11,67,15,8,Male,30s,Meets Expectations
E1897,Operations,Bachelor's,On-site,0,64,3,3,3,9,71,35,6,Male,20s,Needs Improvement
E1898,Marketing,Master's,Hybrid,2,45,4,3,2,4,73,13,2,Male,40s,Meets Expectations
E1899,Engineering,Bachelor's,Hybrid,4,26,3,3,3,5,53,13,11,Male,30s,Needs Improvement
E1900,Engineering,Bachelor's,On-site,3,44,4,4,3,5,98,5,5,Female,20s,Exceeds Expectations
E1901,Sales,High School,On-site,6,10,4,3,2,5,79,24,7,Male,30s,Needs Improvement
E1902,Sales,High School,Remote,7,0,4,3,2,6,68,2,3,Male,40s,Meets Expectations
E1903,Engineering,Master's,Remote,7,53,4,3,4,5,68,2,6,Male,40s,Meets Expectations
E1904,Marketing,High School,Hybrid,2,60,4,2,3,12,67,12,3,Male,30s,Meets Expectations
E1905,Marketing,High School,On-site,8,41,4,4,3,8,91,7,6,Male,40s,Exceeds Expectations
E1906,Operations,Master's,On-site,2,32,2,3,4,3,83,12,5,Male,20s,Meets Expectations
E1907,Sales,Bachelor's,On-site,3,13,3,2,2,5,78,22,7,Female,30s,Needs Improvement
E1908,Sales,Bachelor's,Hybrid,6,63,2,4,3,7,100,15,7,Male,30s,Exceeds Expectations
E1909,HR,Master's,Hybrid,6,50,4,4,4,3,77,8,6,Male,30s,Exceeds Expectations
E1910,Engineering,Master's,Hybrid,2,46,4,2,3,6,54,17,7,Male,40s,Needs Improvement
E1911,Marketing,High School,On-site,2,40,5,4,2,5,80,15,3,Male,20s,Meets Expectations
E1912,Finance,Bachelor's,Remote,4,31,4,4,3,4,77,8,7,Male,40s,Meets Expectations
E1913,Engineering,Bachelor's,Hybrid,3,18,3,5,3,12,90,6,3,Non-binary,40s,Exceeds Expectations
E1914,Sales,Bachelor's,Hybrid,0,45,3,3,2,6,80,25,10,Female,20s,Meets Expectations
E1915,Operations,Master's,Hybrid,11,29,1,3,4,5,70,3,5,Female,40s,Needs Improvement
E1916,HR,PhD,Hybrid,0,32,3,3,3,2,83,37,8,Male,20s,Needs Improvement
E1917,HR,High School,Remote,4,74,1,4,3,6,41,14,6,Female,30s,Needs Improvement
E1918,Finance,High School,Hybrid,13,39,4,3,4,13,76,1,7,Female,40s,Exceeds Expectations
E1919,Marketing,Master's,Remote,7,0,3,4,3,7,77,6,7,Male,30s,Meets Expectations
E1920,Engineering,Bachelor's,On-site,1,29,3,3,5,3,47,10,3,Male,20s,Meets Expectations
E1921,Operations,Master's,On-site,1,20,2,4,3,3,70,10,5,Female,20s,Needs Improvement
E1922,Operations,High School,On-site,3,37,3,3,3,1,57,19,4,Female,40s,Meets Expectations
E1923,Engineering,High School,On-site,0,12,4,1,3,9,61,4,6,Female,20s,Meets Expectations
E1924,Engineering,Master's,Remote,15,49,2,4,3,7,83,14,9,Male,40s,Exceeds Expectations
E1925,Finance,PhD,On-site,9,34,4,1,2,6,51,7,5,Female,30s,Needs Improvement
E1926,Marketing,High School,On-site,1,30,2,3,4,6,64,9,5,Female,20s,Meets Expectations
E1927,Sales,Master's,On-site,3,43,2,3,3,5,53,20,5,Male,30s,Meets Expectations
E1928,HR,Bachelor's,Hybrid,2,38,5,3,3,7,72,3,5,Non-binary,20s,Exceeds Expectations
E1929,Finance,High School,Remote,6,37,5,3,3,4,73,3,3,Female,40s,Meets Expectations
E1930,HR,Bachelor's,Remote,13,36,3,3,4,12,47,3,8,Male,40s,Meets Expectations
E1931,Engineering,Bachelor's,On-site,0,40,3,4,3,4,63,28,6,Male,20s,Needs Improvement
E1932,Engineering,Master's,Hybrid,3,47,3,3,4,5,65,10,8,Female,30s,Meets Expectations
E1933,Sales,Bachelor's,On-site,2,44,2,5,4,11,70,9,3,Male,20s,Meets Expectations
E1934,Operations,Bachelor's,Remote,4,63,3,3,2,6,83,11,7,Female,40s,Needs Improvement
E1935,HR,Bachelor's,On-site,1,29,4,2,4,8,53,24,5,Female,20s,Meets Expectations
E1936,Sales,Master's,Remote,15,45,5,2,4,7,61,6,7,Female,50+,Meets Expectations
E1937,Operations,Master's,Remote,3,89,3,4,4,4,89,7,3,Female,30s,Exceeds Expectations
E1938,Sales,Bachelor's,Hybrid,2,39,4,2,2,9,81,7,5,Male,20s,Meets Expectations
E1939,HR,Bachelor's,Hybrid,3,40,4,2,2,5,53,21,3,Male,30s,Needs Improvement
E1940,Engineering,PhD,On-site,1,15,2,2,3,1,66,3,6,Male,20s,Needs Improvement
E1941,Finance,High School,On-site,0,26,3,4,3,9,75,6,2,Male,20s,Meets Expectations
E1942,Finance,Master's,On-site,4,38,3,5,3,5,82,10,4,Female,30s,Meets Expectations
E1943,Operations,Bachelor's,On-site,1,51,5,2,3,8,73,12,5,Male,20s,Meets Expectations
E1944,Sales,Master's,Hybrid,0,53,5,4,4,8,75,8,4,Male,20s,Exceeds Expectations
E1945,Sales,Bachelor's,Hybrid,6,47,4,1,1,9,75,11,2,Female,30s,Meets Expectations
E1946,Engineering,Bachelor's,Remote,0,56,5,2,4,2,69,16,7,Male,20s,Meets Expectations
E1947,Operations,Bachelor's,Remote,5,20,3,4,5,4,43,6,5,Male,20s,Meets Expectations
E1948,Engineering,High School,On-site,2,50,4,3,3,6,60,5,10,Male,20s,Needs Improvement
E1949,Marketing,Bachelor's,On-site,3,40,3,4,4,10,88,12,1,Female,20s,Exceeds Expectations
E1950,Finance,PhD,Hybrid,14,42,4,1,5,7,82,9,3,Female,50+,Exceeds Expectations
E1951,Engineering,Bachelor's,On-site,3,33,4,2,3,4,68,18,2,Non-binary,30s,Meets Expectations
E1952,Sales,High School,Hybrid,4,21,4,4,4,5,64,31,5,Male,30s,Meets Expectations
E1953,Engineering,Bachelor's,Hybrid,0,16,3,4,5,5,56,12,5,Male,20s,Meets Expectations
E1954,HR,Bachelor's,Hybrid,4,46,3,4,5,5,54,6,4,Male,30s,Meets Expectations
E1955,Operations,Bachelor's,Hybrid,6,50,4,3,2,7,83,22,5,Female,30s,Exceeds Expectations
E1956,Sales,High School,Remote,1,37,4,2,3,7,63,7,2,Male,20s,Needs Improvement
E1957,Operations,Master's,Hybrid,14,40,3,2,4,4,73,44,8,Male,40s,Needs Improvement
E1958,Engineering,Master's,Remote,1,26,3,5,4,6,100,3,5,Male,20s,Exceeds Expectations
E1959,Sales,Bachelor's,Remote,7,50,3,2,4,7,70,12,5,Female,30s,Exceeds Expectations
E1960,Operations,Master's,Hybrid,5,41,3,2,1,7,56,12,7,Female,30s,Needs Improvement
E1961,Operations,Bachelor's,On-site,8,33,3,4,2,6,82,5,6,Female,30s,Needs Improvement
E1962,Sales,Bachelor's,Remote,4,57,5,2,5,8,85,19,8,Female,30s,Exceeds Expectations
E1963,Marketing,PhD,On-site,3,53,3,5,4,5,37,26,4,Female,30s,Meets Expectations
E1964,Operations,Master's,Hybrid,5,9,4,5,4,6,88,13,3,Female,30s,Exceeds Expectations
E1965,Finance,Bachelor's,Hybrid,4,41,3,3,2,7,54,7,6,Male,20s,Meets Expectations
E1966,Marketing,Bachelor's,On-site,9,21,2,4,3,7,94,7,6,Male,40s,Exceeds Expectations
E1967,Engineering,Bachelor's,On-site,4,43,2,1,4,4,88,3,8,Female,30s,Meets Expectations
E1968,Engineering,Bachelor's,On-site,3,0,3,4,2,9,70,27,2,Female,30s,Needs Improvement
E1969,Marketing,Master's,Remote,3,44,1,1,3,3,54,6,7,Male,30s,Needs Improvement
E1970,HR,High School,Hybrid,7,54,5,2,4,6,86,3,4,Male,40s,Exceeds Expectations
E1971,Engineering,Master's,Remote,5,38,3,3,4,3,75,8,7,Male,30s,Meets Expectations
E1972,Sales,Master's,Remote,6,17,3,4,3,8,56,2,7,Non-binary,30s,Meets Expectations
E1973,Sales,High School,Hybrid,8,79,5,2,4,7,76,22,5,Female,30s,Exceeds Expectations
E1974,HR,Master's,Hybrid,13,63,3,3,4,8,50,11,6,Male,50+,Meets Expectations
E1975,Sales,Master's,Hybrid,1,29,4,2,2,13,72,9,7,Male,20s,Needs Improvement
E1976,Sales,Bachelor's,On-site,7,35,3,3,5,5,73,2,3,Male,40s,Exceeds Expectations
E1977,Engineering,Bachelor's,Remote,0,0,3,2,4,8,76,1,5,Male,20s,Meets Expectations
E1978,Operations,Master's,Remote,4,49,4,3,4,8,87,14,5,Male,30s,Exceeds Expectations
E1979,Marketing,PhD,On-site,3,13,2,4,3,2,60,12,5,Female,50+,Needs Improvement
E1980,Engineering,Bachelor's,Remote,5,53,4,3,4,5,58,14,7,Female,40s,Meets Expectations
E1981,Sales,Master's,On-site,4,61,1,4,4,7,68,5,6,Female,30s,Needs Improvement
E1982,Sales,Master's,Remote,4,39,5,3,3,7,81,3,4,Male,30s,Exceeds Expectations
E1983,Marketing,PhD,Hybrid,2,19,3,4,5,2,65,18,9,Male,30s,Meets Expectations
E1984,Marketing,High School,On-site,3,65,3,3,2,4,42,7,7,Female,30s,Needs Improvement
E1985,Marketing,Bachelor's,Remote,1,40,3,3,3,6,64,3,6,Female,20s,Needs Improvement
E1986,Finance,Master's,Hybrid,5,42,2,4,4,5,71,14,7,Male,30s,Exceeds Expectations
E1987,Engineering,High School,On-site,7,21,2,3,3,7,56,8,5,Female,30s,Needs Improvement
E1988,Sales,Bachelor's,Hybrid,2,44,4,3,4,12,30,14,6,Male,20s,Meets Expectations
E1989,Engineering,Bachelor's,Hybrid,1,36,4,4,2,6,73,22,7,Female,20s,Needs Improvement
E1990,Sales,Bachelor's,Hybrid,2,13,2,4,3,7,47,4,4,Male,20s,Needs Improvement
E1991,Sales,Master's,Hybrid,7,67,4,3,4,5,83,22,3,Male,40s,Exceeds Expectations
E1992,Finance,High School,On-site,9,75,4,4,2,8,100,10,3,Female,40s,Exceeds Expectations
E1993,Engineering,Master's,On-site,6,60,3,2,3,8,54,5,2,Male,30s,Meets Expectations
E1994,Marketing,Bachelor's,Hybrid,12,57,2,3,3,7,74,11,7,Male,40s,Meets Expectations
E1995,Sales,Master's,On-site,9,75,3,2,4,6,73,13,3,Female,30s,Meets Expectations
E1996,Sales,Bachelor's,Hybrid,6,19,4,3,4,7,43,13,5,Female,40s,Meets Expectations
E1997,Finance,High School,Remote,8,19,3,4,3,9,29,29,3,Male,30s,Needs Improvement
E1998,Engineering,PhD,Remote,3,32,3,4,3,5,46,3,4,Male,30s,Meets Expectations
E1999,Sales,Master's,Hybrid,4,46,4,4,3,5,63,15,5,Male,30s,Exceeds Expectations
E2000,Sales,Bachelor's,Hybrid,10,34,5,3,3,8,100,6,5,Female,50+,Exceeds Expectations
E2001,Finance,Bachelor's,Remote,1,20,3,3,3,4,77,18,5,Male,30s,Meets Expectations
E2002,Engineering,Bachelor's,Remote,5,40,3,4,5,4,54,29,4,Male,30s,Meets Expectations
E2003,Operations,PhD,On-site,10,38,5,2,2,4,54,8,5,Female,40s,Meets Expectations
E2004,Operations,Bachelor's,Hybrid,4,57,4,3,4,7,57,12,5,Female,30s,Exceeds Expectations
E2005,Operations,PhD,On-site,1,41,2,4,3,6,38,33,9,Female,20s,Needs Improvement
E2006,Sales,Bachelor's,On-site,6,2,3,5,5,8,54,6,7,Male,40s,Meets Expectations
E2007,Marketing,Master's,On-site,5,48,3,3,3,5,75,26,3,Female,30s,Meets Expectations
E2008,Engineering,Bachelor's,Hybrid,3,72,4,3,2,8,64,18,6,Male,20s,Meets Expectations
E2009,Operations,High School,Hybrid,7,41,4,2,3,8,61,22,3,Female,40s,Meets Expectations
E2010,HR,PhD,Remote,7,60,3,3,2,3,81,6,9,Male,40s,Meets Expectations
E2011,Engineering,Bachelor's,Hybrid,2,30,5,4,3,8,50,7,1,Female,20s,Meets Expectations
E2012,Sales,PhD,Hybrid,5,51,3,5,4,6,75,15,6,Male,50+,Exceeds Expectations
E2013,Operations,High School,On-site,7,25,3,3,5,10,50,13,4,Male,40s,Meets Expectations
E2014,Operations,Bachelor's,On-site,4,35,2,2,4,9,81,15,3,Male,30s,Meets Expectations
E2015,HR,Master's,On-site,13,35,2,3,3,6,69,4,3,Non-binary,50+,Meets Expectations
E2016,HR,Master's,Remote,3,50,2,2,4,8,71,7,1,Female,30s,Meets Expectations
E2017,Finance,Bachelor's,On-site,3,24,3,4,4,3,66,6,3,Female,30s,Meets Expectations
E2018,Operations,Bachelor's,Hybrid,4,11,2,2,5,4,77,7,4,Female,30s,Meets Expectations
E2019,Finance,Bachelor's,On-site,4,49,4,4,3,6,54,19,6,Male,40s,Meets Expectations
E2020,Sales,Master's,Hybrid,6,49,3,3,5,9,84,16,2,Male,40s,Exceeds Expectations
E2021,Marketing,High School,Remote,7,42,4,4,2,6,64,8,4,Female,30s,Meets Expectations
E2022,Operations,Bachelor's,Remote,4,59,4,3,4,9,76,5,5,Male,20s,Exceeds Expectations
E2023,Engineering,High School,On-site,2,36,4,3,3,4,79,21,6,Female,30s,Meets Expectations
E2024,Sales,Master's,Remote,7,46,4,4,3,4,56,2,6,Male,30s,Exceeds Expectations
E2025,Engineering,PhD,On-site,1,33,5,4,3,8,76,43,2,Female,20s,Meets Expectations
E2026,Sales,Master's,Remote,1,35,2,5,3,2,56,3,7,Non-binary,20s,Needs Improvement
E2027,Finance,Bachelor's,On-site,10,47,4,2,4,3,43,13,7,Male,40s,Meets Expectations
E2028,Engineering,Bachelor's,Hybrid,0,85,4,1,5,6,71,38,3,Non-binary,20s,Meets Expectations
E2029,HR,High School,Hybrid,7,55,4,2,1,7,100,17,2,Male,30s,Meets Expectations
E2030,Engineering,Master's,Remote,4,51,3,1,3,4,58,14,4,Female,30s,Meets Expectations
E2031,Operations,High School,Remote,13,55,4,2,2,7,76,3,4,Male,40s,Meets Expectations
E2032,Operations,Bachelor's,On-site,7,0,2,2,4,10,81,31,9,Male,30s,Needs Improvement
E2033,HR,Bachelor's,Remote,8,46,2,3,5,14,49,5,7,Female,40s,Meets Expectations
E2034,Finance,PhD,On-site,6,58,3,4,3,6,58,23,4,Male,30s,Meets Expectations
E2035,Engineering,Bachelor's,On-site,8,42,3,4,3,10,88,4,6,Male,30s,Exceeds Expectations
E2036,Operations,Bachelor's,On-site,12,39,3,3,2,10,78,14,6,Male,40s,Meets Expectations
E2037,Finance,Master's,On-site,6,21,3,3,5,4,69,1,4,Female,30s,Meets Expectations
E2038,Engineering,PhD,On-site,5,31,2,5,5,9,43,8,5,Male,40s,Meets Expectations
E2039,Operations,Bachelor's,Hybrid,1,23,3,4,2,2,59,8,3,Female,20s,Needs Improvement
E2040,Engineering,Master's,On-site,7,60,2,3,4,6,76,10,6,Female,30s,Meets Expectations
E2041,Marketing,Bachelor's,Hybrid,7,70,3,3,2,5,18,6,5,Female,40s,Needs Improvement
E2042,Engineering,Bachelor's,On-site,8,79,3,3,3,4,81,13,5,Female,40s,Exceeds Expectations
E2043,Finance,High School,Hybrid,16,23,4,5,2,7,86,1,7,Male,50+,Exceeds Expectations
E2044,Engineering,Master's,On-site,5,27,3,3,2,11,97,7,6,Female,20s,Exceeds Expectations
E2045,Engineering,Master's,On-site,1,25,5,3,3,5,88,5,4,Female,20s,Exceeds Expectations
E2046,Sales,High School,Hybrid,3,20,4,2,5,5,74,9,6,Female,20s,Meets Expectations
E2047,Operations,Bachelor's,Remote,4,20,4,3,3,5,80,25,3,Male,40s,Meets Expectations
E2048,Engineering,Master's,Remote,7,30,4,3,4,7,62,2,1,Male,40s,Meets Expectations
E2049,Marketing,High School,On-site,2,57,4,4,4,13,59,12,7,Male,30s,Meets Expectations
E2050,HR,Master's,Remote,2,26,3,2,4,6,75,4,4,Male,20s,Meets Expectations
E2051,Operations,Master's,Hybrid,8,61,3,3,5,3,55,14,9,Female,40s,Meets Expectations
E2052,Sales,Bachelor's,Remote,2,67,5,3,4,3,61,13,7,Male,20s,Meets Expectations
E2053,HR,Bachelor's,On-site,11,46,3,2,5,6,100,18,6,Female,40s,Exceeds Expectations
E2054,Operations,Bachelor's,On-site,11,65,2,2,2,8,56,16,6,Female,50+,Needs Improvement
E2055,Sales,Bachelor's,On-site,2,13,4,3,4,7,72,7,6,Female,30s,Meets Expectations
E2056,Sales,Bachelor's,Remote,3,29,4,3,5,7,42,2,7,Female,40s,Meets Expectations
E2057,Operations,Master's,On-site,6,44,3,3,3,7,55,18,6,Female,30s,Needs Improvement
E2058,Sales,Master's,On-site,0,44,1,2,1,1,55,31,8,Male,20s,Needs Improvement
E2059,Sales,High School,Hybrid,3,69,5,3,2,6,66,4,5,Female,30s,Meets Expectations
E2060,Sales,Master's,Remote,1,20,4,3,3,3,54,15,6,Female,20s,Meets Expectations
E2061,Operations,Bachelor's,Hybrid,1,29,3,2,4,4,63,3,4,Male,20s,Meets Expectations
E2062,Operations,Master's,Hybrid,14,38,4,3,3,10,60,12,4,Male,50+,Exceeds Expectations
E2063,Marketing,High School,On-site,5,30,1,5,3,3,65,30,0,Male,30s,Needs Improvement
E2064,Marketing,Bachelor's,Remote,2,19,3,3,3,7,41,15,4,Female,30s,Needs Improvement
E2065,Sales,Bachelor's,On-site,4,30,3,2,3,5,43,4,4,Male,30s,Needs Improvement
E2066,Engineering,Bachelor's,On-site,3,35,5,5,3,5,80,4,8,Male,30s,Meets Expectations
E2067,Engineering,PhD,Hybrid,6,69,4,4,3,10,59,19,2,Male,40s,Exceeds Expectations
E2068,Engineering,High School,On-site,3,20,2,5,4,4,71,8,9,Female,30s,Needs Improvement
E2069,Engineering,High School,Hybrid,9,56,4,3,5,6,74,13,7,Female,40s,Exceeds Expectations
E2070,Marketing,Bachelor's,Hybrid,5,65,1,2,2,13,69,4,6,Female,30s,Meets Expectations
E2071,Engineering,Bachelor's,On-site,3,30,4,2,4,8,46,9,11,Male,30s,Needs Improvement
E2072,Engineering,Bachelor's,On-site,1,45,2,4,2,11,35,26,5,Male,20s,Needs Improvement
E2073,Sales,Bachelor's,On-site,0,52,3,5,2,8,61,17,6,Female,20s,Meets Expectations
E2074,Engineering,Bachelor's,On-site,6,48,3,2,4,9,68,12,5,Female,30s,Meets Expectations
E2075,Engineering,Master's,Remote,9,42,4,1,5,4,90,14,1,Male,30s,Exceeds Expectations
E2076,Engineering,Bachelor's,Hybrid,0,26,5,3,3,5,99,24,3,Male,20s,Exceeds Expectations
E2077,Engineering,Bachelor's,On-site,8,53,2,2,5,7,73,16,10,Male,30s,Exceeds Expectations
E2078,HR,Bachelor's,On-site,7,33,4,2,3,4,66,17,6,Male,30s,Meets Expectations
E2079,Finance,Master's,Remote,0,41,5,3,3,4,66,2,2,Female,20s,Meets Expectations
E2080,Operations,Master's,Remote,2,44,3,4,5,10,67,19,4,Male,20s,Meets Expectations
E2081,Finance,High School,Remote,5,57,3,2,3,6,57,7,8,Male,40s,Needs Improvement
E2082,Marketing,Master's,On-site,2,79,4,3,4,8,89,12,3,Female,30s,Exceeds Expectations
E2083,Operations,Bachelor's,Hybrid,3,25,4,3,3,11,61,7,5,Female,20s,Meets Expectations
E2084,HR,Bachelor's,On-site,6,41,4,1,3,6,73,9,8,Male,30s,Meets Expectations
E2085,Marketing,Master's,Hybrid,7,10,3,4,3,8,73,23,3,Female,40s,Meets Expectations
E2086,Sales,Master's,Hybrid,8,70,2,3,1,5,30,22,2,Female,40s,Needs Improvement
E2087,Sales,High School,Hybrid,2,41,5,2,5,6,51,6,9,Female,30s,Meets Expectations
E2088,Sales,Master's,On-site,2,34,3,2,4,3,73,5,7,Male,30s,Meets Expectations
E2089,Engineering,Master's,Hybrid,4,41,1,3,3,8,88,7,5,Female,30s,Meets Expectations
E2090,Operations,Master's,On-site,7,42,2,3,3,11,71,12,6,Female,40s,Meets Expectations
E2091,Engineering,Master's,Remote,8,25,3,4,4,7,79,5,3,Female,30s,Exceeds Expectations
E2092,Marketing,Bachelor's,On-site,9,64,5,4,4,4,50,6,5,Female,40s,Exceeds Expectations
E2093,Operations,PhD,Hybrid,6,53,2,2,3,5,68,9,3,Male,30s,Meets Expectations
E2094,HR,Bachelor's,On-site,11,56,5,1,4,8,49,7,5,Male,40s,Meets Expectations
E2095,Engineering,Bachelor's,Hybrid,2,26,5,3,4,9,80,14,5,Female,30s,Exceeds Expectations
E2096,Sales,Bachelor's,Hybrid,10,25,4,4,3,8,69,12,2,Male,40s,Exceeds Expectations
E2097,Sales,Master's,On-site,11,38,1,3,4,8,96,9,12,Male,40s,Meets Expectations
E2098,Operations,High School,On-site,2,56,2,4,3,6,68,8,6,Male,20s,Meets Expectations
E2099,Finance,Bachelor's,On-site,0,50,3,2,2,6,43,3,4,Male,20s,Needs Improvement
E2100,Finance,Master's,On-site,6,24,5,3,3,5,73,5,5,Female,50+,Exceeds Expectations
E2101,HR,Bachelor's,Hybrid,3,53,3,2,3,8,61,3,6,Male,30s,Meets Expectations
E2102,Finance,Bachelor's,On-site,0,21,3,4,3,7,83,16,5,Male,20s,Meets Expectations
E2103,Finance,Bachelor's,On-site,2,27,3,2,4,8,56,12,8,Male,30s,Needs Improvement
E2104,Engineering,Master's,On-site,9,43,2,5,4,5,88,1,5,Female,40s,Exceeds Expectations
E2105,Engineering,Bachelor's,On-site,2,17,3,3,3,7,46,26,2,Female,30s,Needs Improvement
E2106,Engineering,Bachelor's,On-site,1,21,3,4,3,4,91,5,5,Female,30s,Meets Expectations
E2107,HR,Bachelor's,Hybrid,7,71,5,3,3,8,46,1,10,Female,40s,Meets Expectations
E2108,Operations,PhD,On-site,1,67,2,5,4,4,55,14,6,Female,20s,Meets Expectations
E2109,Marketing,Master's,Remote,5,86,5,4,3,5,79,3,4,Female,20s,Exceeds Expectations
E2110,HR,Bachelor's,Hybrid,4,49,2,3,3,6,100,6,7,Female,30s,Meets Expectations
E2111,Operations,Master's,Hybrid,4,53,4,3,2,6,69,5,4,Female,40s,Meets Expectations
E2112,Engineering,Master's,Remote,4,37,4,4,3,7,46,13,7,Non-binary,40s,Meets Expectations
E2113,Engineering,Master's,Hybrid,7,33,3,4,4,5,31,23,7,Male,40s,Meets Expectations
E2114,Operations,Bachelor's,Hybrid,7,57,3,2,4,8,83,8,4,Female,30s,Exceeds Expectations
E2115,Operations,High School,On-site,9,67,4,3,2,6,94,6,6,Male,40s,Exceeds Expectations
E2116,Finance,Master's,Hybrid,4,56,4,2,3,4,85,4,11,Female,30s,Meets Expectations
E2117,Engineering,Bachelor's,On-site,7,23,3,3,3,3,71,15,2,Female,30s,Meets Expectations
E2118,Operations,Bachelor's,Hybrid,5,48,3,2,5,7,56,5,4,Male,30s,Meets Expectations
E2119,Finance,High School,On-site,9,25,3,4,4,10,76,11,5,Female,30s,Exceeds Expectations
E2120,Marketing,Bachelor's,Hybrid,8,34,3,1,4,8,74,14,5,Male,40s,Meets Expectations
E2121,Engineering,Bachelor's,Hybrid,5,73,3,2,3,3,100,29,8,Female,40s,Meets Expectations
E2122,HR,High School,On-site,7,16,3,2,3,4,76,29,10,Male,30s,Needs Improvement
E2123,Operations,Master's,On-site,4,83,2,3,3,6,82,5,3,Female,20s,Meets Expectations
E2124,Operations,Master's,Remote,5,51,2,2,4,7,66,23,7,Female,30s,Needs Improvement
E2125,Marketing,Bachelor's,On-site,9,31,4,2,3,7,52,22,1,Male,30s,Meets Expectations
E2126,HR,High School,On-site,9,41,1,4,4,11,67,8,4,Female,30s,Meets Expectations
E2127,Finance,High School,On-site,7,26,4,4,4,6,29,19,4,Female,50+,Meets Expectations
E2128,HR,Bachelor's,Remote,5,29,3,1,4,6,68,12,8,Female,30s,Meets Expectations
E2129,Sales,Master's,Hybrid,8,41,5,3,4,3,73,14,6,Male,40s,Exceeds Expectations
E2130,Engineering,Bachelor's,Hybrid,9,33,5,4,3,7,59,30,7,Male,40s,Meets Expectations
E2131,Engineering,Master's,Remote,6,21,3,4,3,4,74,6,8,Male,30s,Meets Expectations
E2132,Finance,PhD,Hybrid,19,36,3,4,4,3,85,10,6,Male,50+,Exceeds Expectations
E2133,Engineering,Bachelor's,Remote,5,14,5,4,5,0,70,34,5,Non-binary,30s,Exceeds Expectations
E2134,Engineering,Master's,Hybrid,7,15,5,2,4,7,66,24,7,Female,30s,Exceeds Expectations
E2135,Operations,Bachelor's,Remote,1,14,4,3,1,12,62,16,7,Male,20s,Needs Improvement
E2136,Finance,Bachelor's,Hybrid,4,73,4,4,3,9,64,12,7,Female,30s,Exceeds Expectations
E2137,Engineering,Bachelor's,On-site,9,48,2,3,4,6,100,21,6,Female,30s,Exceeds Expectations
E2138,Sales,Bachelor's,On-site,10,52,4,3,2,9,55,11,8,Male,40s,Meets Expectations
E2139,Finance,Master's,On-site,2,40,3,3,2,6,58,27,5,Male,30s,Needs Improvement
E2140,Sales,Bachelor's,Hybrid,14,50,2,2,3,10,83,4,8,Male,40s,Meets Expectations
E2141,Sales,Bachelor's,Remote,7,64,3,4,4,9,56,11,5,Female,30s,Exceeds Expectations
E2142,Sales,High School,Hybrid,4,48,3,2,4,4,82,4,6,Male,30s,Exceeds Expectations
E2143,Engineering,Bachelor's,Hybrid,4,73,3,2,3,4,53,3,4,Female,50+,Meets Expectations
E2144,Finance,Master's,Hybrid,7,39,3,4,3,7,68,5,4,Male,40s,Meets Expectations
E2145,Engineering,Bachelor's,Remote,1,52,2,3,3,5,83,8,3,Female,30s,Meets Expectations
E2146,HR,High School,Hybrid,2,54,5,3,4,9,48,31,6,Female,30s,Needs Improvement
E2147,Engineering,Bachelor's,On-site,3,21,3,1,4,9,80,1,10,Female,20s,Meets Expectations
E2148,Engineering,Master's,Hybrid,13,41,2,3,4,8,82,8,4,Male,40s,Meets Expectations
E2149,Engineering,Master's,Hybrid,3,3,3,3,4,11,64,10,11,Female,30s,Meets Expectations
E2150,Operations,High School,On-site,8,37,5,4,2,6,88,9,7,Female,30s,Exceeds Expectations
E2151,Engineering,Bachelor's,On-site,8,34,4,3,3,10,65,8,3,Female,30s,Meets Expectations
E2152,Engineering,Bachelor's,On-site,2,33,3,1,4,4,66,6,4,Male,40s,Needs Improvement
E2153,Engineering,Master's,On-site,2,32,3,2,2,8,79,7,3,Female,20s,Needs Improvement
E2154,Finance,High School,On-site,2,50,2,3,3,6,88,4,6,Male,20s,Meets Expectations
E2155,Sales,Bachelor's,Remote,8,22,3,3,4,9,23,3,7,Female,30s,Needs Improvement
E2156,Operations,PhD,On-site,6,77,3,2,5,3,35,13,2,Female,40s,Meets Expectations
E2157,Marketing,Bachelor's,Remote,8,51,2,2,3,7,47,6,5,Female,30s,Needs Improvement
E2158,HR,Bachelor's,On-site,3,24,3,4,3,8,78,5,4,Female,20s,Meets Expectations
E2159,Marketing,High School,Remote,10,53,4,4,5,3,72,9,4,Male,40s,Exceeds Expectations
E2160,Engineering,High School,Hybrid,4,60,3,3,3,5,38,14,4,Female,20s,Meets Expectations
E2161,Operations,PhD,Remote,1,47,4,3,4,6,99,10,4,Male,30s,Exceeds Expectations
E2162,Operations,PhD,Hybrid,1,20,5,3,4,6,77,8,7,Female,20s,Exceeds Expectations
E2163,Engineering,High School,Hybrid,4,85,5,4,3,6,64,15,6,Female,40s,Meets Expectations
E2164,Marketing,Master's,On-site,12,53,3,3,4,3,76,19,5,Female,40s,Exceeds Expectations
E2165,Engineering,Bachelor's,Hybrid,11,15,4,4,3,10,63,21,6,Male,40s,Meets Expectations
E2166,HR,Bachelor's,Hybrid,13,44,3,4,5,10,85,16,8,Female,40s,Exceeds Expectations
E2167,Finance,Master's,On-site,6,36,3,4,2,8,90,11,6,Male,50+,Exceeds Expectations
E2168,Operations,Bachelor's,On-site,0,40,2,3,3,6,93,5,6,Male,20s,Meets Expectations
E2169,Sales,Bachelor's,Remote,2,16,3,3,3,8,76,15,6,Female,20s,Meets Expectations
E2170,Finance,Bachelor's,On-site,3,41,4,2,3,4,70,14,5,Female,30s,Meets Expectations
E2171,Finance,Bachelor's,Hybrid,2,23,2,3,4,5,85,7,3,Female,20s,Meets Expectations
E2172,Engineering,PhD,On-site,3,33,3,3,3,6,95,8,2,Female,20s,Meets Expectations
E2173,Marketing,Bachelor's,On-site,2,48,3,2,4,9,64,13,1,Female,30s,Exceeds Expectations
E2174,Marketing,High School,On-site,2,30,4,5,4,4,91,9,5,Male,20s,Exceeds Expectations
E2175,Finance,PhD,Hybrid,11,34,4,4,4,10,59,8,5,Male,30s,Exceeds Expectations
E2176,Operations,Bachelor's,Remote,7,56,4,2,3,6,55,5,8,Male,30s,Meets Expectations
E2177,Engineering,Bachelor's,Remote,3,22,5,5,4,8,74,7,6,Female,40s,Exceeds Expectations
E2178,Engineering,Bachelor's,On-site,11,27,2,3,3,4,56,15,3,Female,40s,Meets Expectations
E2179,Engineering,High School,On-site,8,15,2,4,3,6,38,2,6,Male,40s,Needs Improvement
E2180,Engineering,Bachelor's,Remote,4,24,4,3,5,6,65,4,5,Female,30s,Meets Expectations
E2181,Sales,Bachelor's,On-site,15,43,5,3,3,3,100,5,6,Male,50+,Exceeds Expectations
E2182,Operations,Bachelor's,On-site,9,53,2,3,3,4,38,10,4,Male,30s,Meets Expectations
E2183,Sales,Bachelor's,Hybrid,0,24,4,5,3,5,82,5,7,Female,20s,Meets Expectations
E2184,Marketing,Master's,Hybrid,2,52,3,4,4,5,64,12,3,Female,20s,Meets Expectations
E2185,Sales,Master's,On-site,0,42,4,3,3,5,57,13,5,Male,20s,Meets Expectations
E2186,Sales,Bachelor's,On-site,2,12,4,1,5,3,55,3,5,Male,30s,Meets Expectations
E2187,Operations,PhD,Remote,7,43,3,4,4,7,70,4,8,Female,30s,Exceeds Expectations
E2188,Marketing,Master's,Remote,2,64,4,2,3,3,64,13,4,Female,30s,Meets Expectations
E2189,Sales,Master's,Hybrid,10,2,3,4,3,4,78,5,6,Female,50+,Exceeds Expectations
E2190,Operations,Master's,Hybrid,6,80,4,2,3,10,100,18,5,Male,40s,Exceeds Expectations
E2191,HR,Bachelor's,Remote,5,28,5,3,4,10,72,26,4,Female,40s,Meets Expectations
E2192,Engineering,Bachelor's,Hybrid,2,7,3,3,3,5,58,39,6,Male,20s,Needs Improvement
E2193,HR,Master's,Hybrid,2,43,3,4,3,8,74,28,4,Male,20s,Meets Expectations
E2194,Marketing,Bachelor's,Hybrid,4,57,3,1,2,4,58,8,5,Non-binary,30s,Needs Improvement
E2195,Sales,Master's,On-site,3,34,4,4,5,10,61,22,5,Female,30s,Exceeds Expectations
E2196,Operations,Master's,Remote,0,46,3,4,3,8,57,9,5,Male,20s,Meets Expectations
E2197,HR,Bachelor's,Hybrid,8,82,2,3,2,5,83,17,2,Male,30s,Meets Expectations
E2198,Sales,Bachelor's,On-site,5,44,4,3,2,7,82,11,4,Male,30s,Meets Expectations
E2199,Operations,PhD,Hybrid,3,100,2,4,3,4,65,10,4,Female,30s,Meets Expectations
E2200,Sales,High School,Remote,1,65,4,3,5,4,45,14,2,Male,20s,Meets Expectations
E2201,Sales,Master's,On-site,1,41,1,3,3,4,54,23,3,Male,30s,Needs Improvement
E2202,Engineering,PhD,Hybrid,4,46,3,3,3,5,67,9,5,Male,30s,Needs Improvement
E2203,Sales,High School,On-site,9,34,3,5,4,6,87,7,12,Male,30s,Exceeds Expectations
E2204,Sales,Bachelor's,Hybrid,9,45,1,2,4,7,20,19,5,Non-binary,40s,Needs Improvement
E2205,Engineering,Bachelor's,Remote,7,51,4,4,4,5,72,29,2,Male,40s,Exceeds Expectations
E2206,Marketing,Master's,Remote,7,32,2,3,4,4,79,6,7,Female,30s,Meets Expectations
E2207,Engineering,Bachelor's,Remote,3,12,3,3,2,7,79,5,3,Male,30s,Meets Expectations
E2208,Engineering,High School,Hybrid,5,66,3,2,3,8,79,11,5,Male,40s,Meets Expectations
E2209,Marketing,High School,Hybrid,6,59,2,1,2,5,85,29,6,Male,40s,Meets Expectations
E2210,Engineering,Bachelor's,Hybrid,2,12,2,4,3,7,64,17,4,Female,30s,Needs Improvement
E2211,Marketing,Bachelor's,On-site,12,43,2,2,3,4,80,7,4,Male,40s,Meets Expectations
E2212,Finance,Bachelor's,Hybrid,7,61,4,4,3,4,38,13,6,Male,40s,Meets Expectations
E2213,Sales,Master's,Hybrid,12,58,4,2,4,7,61,3,6,Male,40s,Exceeds Expectations
E2214,Engineering,High School,Hybrid,9,26,5,4,3,2,74,28,5,Male,50+,Meets Expectations
E2215,HR,Master's,Hybrid,4,60,3,3,3,2,60,13,8,Female,20s,Meets Expectations
E2216,Engineering,Master's,On-site,6,40,3,3,3,8,52,4,5,Male,30s,Meets Expectations
E2217,HR,Bachelor's,On-site,5,48,3,2,3,3,58,3,5,Male,30s,Needs Improvement
E2218,Finance,Bachelor's,On-site,2,22,3,4,4,12,79,29,9,Male,30s,Meets Expectations
E2219,Marketing,High School,Hybrid,5,0,3,4,2,4,66,21,4,Female,30s,Needs Improvement
E2220,Sales,Bachelor's,On-site,1,24,3,3,4,9,67,9,8,Male,20s,Meets Expectations
E2221,Operations,Bachelor's,Remote,4,51,4,4,4,6,74,6,3,Male,30s,Exceeds Expectations
E2222,Engineering,Bachelor's,On-site,4,36,1,3,4,2,72,11,7,Male,20s,Needs Improvement
E2223,Operations,Bachelor's,Remote,2,53,3,2,4,7,92,12,4,Male,30s,Meets Expectations
E2224,Operations,High School,On-site,2,62,2,4,4,8,87,11,8,Non-binary,20s,Exceeds Expectations
E2225,Sales,Bachelor's,Remote,2,33,3,3,3,3,75,2,5,Male,20s,Needs Improvement
E2226,Engineering,Master's,Hybrid,5,31,4,1,4,5,64,27,1,Male,30s,Meets Expectations
E2227,Engineering,Bachelor's,Remote,5,0,4,3,4,5,90,7,9,Male,30s,Exceeds Expectations
E2228,Operations,High School,Remote,5,9,3,2,3,6,95,4,4,Male,40s,Meets Expectations
E2229,Engineering,High School,Hybrid,6,13,3,2,3,3,44,5,7,Male,50+,Needs Improvement
E2230,Operations,Bachelor's,On-site,2,51,2,3,4,3,67,15,7,Male,30s,Needs Improvement
E2231,HR,Bachelor's,Hybrid,3,34,2,3,3,5,65,7,3,Female,40s,Needs Improvement
E2232,Sales,Bachelor's,On-site,3,29,4,2,3,6,53,7,8,Female,20s,Needs Improvement
E2233,Marketing,High School,Remote,1,27,2,4,4,6,60,7,4,Male,20s,Meets Expectations
E2234,Engineering,Bachelor's,Remote,10,24,5,3,3,7,62,11,1,Male,50+,Exceeds Expectations
E2235,Sales,PhD,On-site,2,58,4,3,4,5,85,9,5,Male,20s,Exceeds Expectations
E2236,Operations,Bachelor's,Hybrid,3,42,2,3,3,3,46,17,2,Male,20s,Needs Improvement
E2237,Engineering,Bachelor's,On-site,3,60,2,4,3,8,72,30,3,Male,30s,Needs Improvement
E2238,Operations,Bachelor's,Hybrid,3,0,3,1,3,3,56,8,4,Female,30s,Needs Improvement
E2239,Operations,Master's,Hybrid,3,51,2,4,4,5,88,11,4,Female,20s,Exceeds Expectations
E2240,Engineering,PhD,Hybrid,4,30,2,3,4,5,70,25,8,Male,30s,Needs Improvement
E2241,HR,High School,Remote,13,34,2,2,4,6,83,7,8,Female,40s,Meets Expectations
E2242,Engineering,Bachelor's,On-site,4,67,3,3,3,6,70,20,4,Male,20s,Exceeds Expectations
E2243,Marketing,High School,Hybrid,1,32,4,2,4,6,42,15,3,Male,20s,Meets Expectations
E2244,Operations,Master's,Hybrid,4,50,3,2,2,1,60,7,3,Female,40s,Needs Improvement
E2245,Operations,High School,On-site,3,20,4,4,3,7,96,2,5,Male,40s,Exceeds Expectations
E2246,Operations,Master's,Hybrid,2,41,3,3,3,3,77,16,1,Male,30s,Meets Expectations
E2247,Engineering,High School,On-site,0,8,4,1,3,8,100,10,5,Male,20s,Exceeds Expectations
E2248,HR,Bachelor's,Hybrid,4,39,3,4,3,8,93,3,4,Male,20s,Meets Expectations
E2249,Engineering,Bachelor's,Remote,8,48,4,4,3,5,58,5,4,Non-binary,30s,Meets Expectations
E2250,Operations,Bachelor's,On-site,6,62,3,2,3,6,47,9,6,Male,40s,Needs Improvement
E2251,Engineering,Bachelor's,On-site,3,24,5,3,4,4,86,14,6,Female,20s,Exceeds Expectations
E2252,Engineering,Master's,Hybrid,5,29,4,4,3,6,85,2,6,Male,30s,Meets Expectations
E2253,Engineering,Bachelor's,On-site,11,27,4,2,3,2,69,6,5,Male,40s,Meets Expectations
E2254,Engineering,Bachelor's,On-site,0,35,2,3,3,4,45,6,2,Non-binary,20s,Needs Improvement
E2255,Engineering,Master's,Hybrid,4,21,3,3,4,3,60,24,5,Female,40s,Meets Expectations
E2256,Engineering,Master's,Hybrid,1,0,2,4,4,7,71,17,8,Female,20s,Meets Expectations
E2257,Operations,Master's,Remote,10,19,2,2,3,10,80,4,2,Male,30s,Meets Expectations
E2258,Finance,Master's,Hybrid,5,39,3,4,4,6,52,45,6,Male,30s,Needs Improvement
E2259,Engineering,Bachelor's,Hybrid,7,37,4,3,3,11,85,9,3,Male,40s,Exceeds Expectations
E2260,Operations,Master's,On-site,6,51,4,3,5,5,81,5,6,Female,40s,Exceeds Expectations
E2261,Sales,Bachelor's,On-site,0,57,5,2,4,6,81,16,4,Male,20s,Exceeds Expectations
E2262,Finance,PhD,Hybrid,5,31,4,4,3,7,77,14,3,Male,20s,Exceeds Expectations
E2263,Sales,Master's,Hybrid,2,8,2,2,5,12,33,18,6,Male,30s,Needs Improvement
E2264,Marketing,Bachelor's,Remote,2,48,4,4,3,13,73,20,5,Male,30s,Meets Expectations
E2265,Sales,High School,On-site,9,40,4,3,4,3,62,17,6,Female,40s,Meets Expectations
E2266,Engineering,Master's,Hybrid,8,35,5,2,5,7,77,13,6,Male,40s,Exceeds Expectations
E2267,Marketing,Master's,Hybrid,3,64,3,3,4,8,43,5,3,Female,40s,Meets Expectations
E2268,Finance,Bachelor's,On-site,2,49,3,3,3,8,36,14,6,Non-binary,30s,Needs Improvement
E2269,Finance,PhD,Remote,0,42,4,2,3,6,78,15,5,Female,20s,Meets Expectations
E2270,Sales,Bachelor's,On-site,3,43,3,3,2,5,54,6,1,Male,30s,Needs Improvement
E2271,HR,Bachelor's,Remote,2,57,2,4,5,5,34,6,7,Female,40s,Needs Improvement
E2272,Finance,Bachelor's,Hybrid,1,26,1,4,2,5,51,5,2,Female,20s,Needs Improvement
E2273,Engineering,High School,On-site,10,22,5,4,4,5,65,23,9,Non-binary,40s,Meets Expectations
E2274,Engineering,Bachelor's,Hybrid,12,35,2,5,2,5,86,34,3,Female,40s,Meets Expectations
E2275,Sales,Master's,On-site,9,16,3,3,5,9,69,19,2,Female,30s,Exceeds Expectations
E2276,Engineering,High School,Hybrid,0,39,4,4,2,5,59,9,6,Male,20s,Meets Expectations
E2277,Sales,Master's,Remote,1,42,2,3,3,7,64,20,7,Female,20s,Meets Expectations
E2278,Engineering,Master's,Hybrid,19,39,2,5,4,9,80,19,4,Male,50+,Meets Expectations
E2279,Marketing,High School,On-site,5,33,2,2,3,6,77,6,1,Non-binary,30s,Needs Improvement
E2280,Marketing,Master's,Hybrid,0,73,5,5,4,4,79,4,1,Male,20s,Exceeds Expectations
E2281,Operations,Master's,Hybrid,6,59,5,5,3,6,96,3,8,Female,40s,Exceeds Expectations
E2282,Marketing,Bachelor's,Hybrid,4,38,3,2,4,5,69,5,4,Male,30s,Meets Expectations
E2283,Sales,Bachelor's,Hybrid,9,42,4,4,4,2,79,11,5,Male,40s,Exceeds Expectations
E2284,Operations,Bachelor's,Hybrid,6,68,4,4,3,1,34,18,5,Female,30s,Meets Expectations
E2285,Finance,Bachelor's,Hybrid,2,28,3,3,5,3,71,10,1,Male,40s,Meets Expectations
E2286,HR,Bachelor's,Hybrid,10,21,2,3,4,6,46,19,6,Female,30s,Meets Expectations
E2287,Engineering,Bachelor's,Hybrid,8,45,5,3,5,8,58,6,11,Female,40s,Exceeds Expectations
E2288,Marketing,PhD,On-site,14,48,1,4,3,9,61,14,5,Female,50+,Meets Expectations
E2289,Marketing,Master's,Hybrid,5,50,4,5,3,6,68,13,7,Male,40s,Meets Expectations
E2290,Finance,Master's,Hybrid,0,57,3,4,3,6,59,37,7,Female,20s,Needs Improvement
E2291,Operations,PhD,Remote,9,25,4,2,2,3,62,4,6,Female,40s,Meets Expectations
E2292,Operations,High School,Remote,4,12,4,4,4,6,78,37,6,Male,40s,Needs Improvement
E2293,Operations,Bachelor's,Remote,10,28,2,1,3,11,69,32,5,Female,40s,Needs Improvement
E2294,Marketing,Master's,On-site,5,52,3,3,2,7,67,4,2,Male,30s,Meets Expectations
E2295,Operations,Bachelor's,Hybrid,13,22,2,3,3,6,68,11,6,Male,40s,Needs Improvement
E2296,Operations,High School,Remote,5,1,3,4,3,4,64,25,1,Male,40s,Needs Improvement
E2297,Engineering,Master's,On-site,20,43,4,5,4,5,84,2,6,Female,50+,Exceeds Expectations
E2298,Marketing,High School,On-site,3,29,3,3,4,13,67,5,6,Female,20s,Exceeds Expectations
E2299,Engineering,Bachelor's,On-site,1,5,3,3,3,5,100,0,6,Female,30s,Meets Expectations
E2300,Sales,Bachelor's,Hybrid,2,41,5,3,3,9,75,18,6,Female,30s,Meets Expectations
E2301,Sales,Bachelor's,Hybrid,2,32,4,4,3,4,80,2,3,Male,30s,Meets Expectations
E2302,HR,Bachelor's,On-site,2,74,5,3,5,7,63,9,4,Female,20s,Exceeds Expectations
E2303,Engineering,High School,Hybrid,0,42,1,3,3,7,77,14,2,Male,20s,Meets Expectations
E2304,Engineering,Master's,Hybrid,5,52,4,4,4,4,84,3,7,Female,30s,Exceeds Expectations
E2305,Engineering,Master's,Remote,3,40,4,4,3,7,71,34,3,Female,30s,Meets Expectations
E2306,Marketing,Bachelor's,Hybrid,7,28,2,2,5,10,62,16,9,Female,30s,Meets Expectations
E2307,Operations,High School,Remote,6,30,2,2,2,10,86,19,6,Female,50+,Meets Expectations
E2308,Operations,Bachelor's,Hybrid,6,62,3,3,4,7,99,10,5,Male,30s,Exceeds Expectations
E2309,Sales,Bachelor's,Remote,15,55,2,2,3,6,44,12,3,Male,40s,Meets Expectations
E2310,Engineering,Bachelor's,Hybrid,9,10,3,2,5,6,60,7,6,Female,30s,Meets Expectations
E2311,Operations,Bachelor's,Remote,9,15,3,2,4,7,67,7,3,Male,40s,Meets Expectations
E2312,Engineering,Bachelor's,Remote,8,16,4,4,2,8,62,6,7,Female,30s,Meets Expectations
E2313,Operations,Bachelor's,Hybrid,5,61,3,4,3,2,67,4,8,Male,40s,Meets Expectations
E2314,Finance,Bachelor's,Hybrid,2,5,3,5,4,3,52,7,3,Female,30s,Meets Expectations
E2315,HR,Master's,On-site,6,56,4,3,4,9,83,2,3,Male,40s,Exceeds Expectations
E2316,Engineering,Bachelor's,On-site,3,48,2,5,4,7,68,37,6,Female,30s,Needs Improvement
E2317,Engineering,Bachelor's,On-site,3,43,4,4,4,5,72,6,5,Female,30s,Meets Expectations
E2318,HR,High School,On-site,4,31,4,3,3,8,63,6,4,Male,40s,Meets Expectations
E2319,Sales,Master's,Hybrid,20,64,4,3,4,11,57,8,9,Female,50+,Exceeds Expectations
E2320,Operations,High School,On-site,7,42,3,3,3,6,57,13,10,Male,30s,Meets Expectations
E2321,Marketing,Bachelor's,Remote,10,11,2,3,3,4,94,5,2,Male,40s,Meets Expectations
E2322,Sales,Bachelor's,Hybrid,12,16,5,4,3,7,52,13,7,Female,40s,Meets Expectations
E2323,Engineering,Master's,Remote,4,7,2,3,3,6,62,4,3,Non-binary,40s,Meets Expectations
E2324,HR,Master's,Hybrid,2,64,2,4,3,6,39,4,11,Female,30s,Needs Improvement
E2325,Engineering,Bachelor's,On-site,0,68,3,4,3,3,76,19,8,Male,20s,Needs Improvement
E2326,Marketing,Bachelor's,On-site,8,62,3,5,4,2,82,6,7,Male,40s,Exceeds Expectations
E2327,Marketing,Bachelor's,Remote,0,37,4,2,2,5,40,7,4,Female,20s,Needs Improvement
E2328,Operations,Bachelor's,On-site,9,11,3,3,4,5,56,2,6,Female,40s,Meets Expectations
E2329,Sales,Bachelor's,Hybrid,6,19,4,4,3,3,55,13,5,Male,30s,Meets Expectations
E2330,Engineering,Bachelor's,On-site,5,20,4,2,3,7,62,7,4,Male,40s,Meets Expectations
E2331,Operations,High School,On-site,2,39,3,2,3,7,77,19,2,Male,20s,Meets Expectations
E2332,Finance,PhD,On-site,0,68,4,3,3,5,68,19,6,Female,20s,Needs Improvement
E2333,Finance,High School,Hybrid,7,68,3,3,4,4,68,10,6,Female,30s,Meets Expectations
E2334,HR,Bachelor's,On-site,9,30,3,3,3,6,45,9,4,Male,30s,Needs Improvement
E2335,Operations,Master's,Remote,4,0,4,3,4,4,67,6,3,Male,30s,Needs Improvement
E2336,Engineering,Master's,On-site,7,17,4,5,4,1,83,39,7,Female,30s,Exceeds Expectations
E2337,Sales,Bachelor's,On-site,20,64,3,3,3,6,70,6,2,Male,50+,Meets Expectations
E2338,Operations,Master's,On-site,4,45,2,4,2,4,36,23,4,Male,40s,Needs Improvement
E2339,Engineering,High School,Remote,10,33,3,4,3,7,88,11,2,Male,40s,Exceeds Expectations
E2340,Operations,Master's,Hybrid,8,31,3,2,5,4,90,1,5,Male,40s,Exceeds Expectations
E2341,Sales,Bachelor's,Hybrid,11,25,3,5,4,7,77,41,2,Female,40s,Needs Improvement
E2342,Engineering,PhD,Hybrid,2,16,3,4,4,7,83,5,7,Female,30s,Exceeds Expectations
E2343,Engineering,Bachelor's,Remote,0,81,3,3,3,9,76,6,2,Male,20s,Meets Expectations
E2344,Operations,Bachelor's,On-site,7,74,3,4,5,7,79,11,6,Male,30s,Exceeds Expectations
E2345,Finance,Bachelor's,Hybrid,2,24,3,3,3,5,59,19,4,Male,40s,Needs Improvement
E2346,Sales,High School,Remote,1,5,4,4,4,8,81,13,7,Female,20s,Meets Expectations
E2347,Engineering,Bachelor's,On-site,2,43,4,1,4,4,32,8,3,Female,30s,Needs Improvement
E2348,Engineering,Master's,On-site,4,37,5,4,2,3,65,8,7,Female,30s,Meets Expectations
E2349,Engineering,Bachelor's,Hybrid,12,53,3,3,3,3,83,8,7,Male,50+,Meets Expectations
E2350,Finance,PhD,On-site,4,57,3,3,3,5,91,10,8,Female,40s,Exceeds Expectations
E2351,Engineering,Bachelor's,On-site,11,17,3,2,4,9,75,15,4,Female,40s,Meets Expectations
E2352,Engineering,Bachelor's,Hybrid,6,66,4,3,3,10,87,20,6,Male,40s,Exceeds Expectations
E2353,Engineering,Bachelor's,On-site,5,33,4,3,2,5,67,11,2,Female,30s,Meets Expectations
E2354,Marketing,Bachelor's,Hybrid,5,52,5,2,2,13,78,9,6,Female,30s,Exceeds Expectations
E2355,Finance,Master's,Hybrid,1,35,2,4,3,6,79,29,4,Male,20s,Needs Improvement
E2356,Marketing,Master's,Hybrid,0,58,5,5,2,3,30,7,10,Female,20s,Needs Improvement
E2357,Marketing,Bachelor's,Hybrid,4,0,3,2,4,9,80,9,3,Female,30s,Meets Expectations
E2358,Operations,Bachelor's,Hybrid,6,55,2,4,4,3,70,7,5,Female,30s,Meets Expectations
E2359,Sales,Bachelor's,Hybrid,14,23,3,3,3,5,72,6,5,Female,40s,Meets Expectations
E2360,Operations,Bachelor's,Remote,10,41,5,3,3,9,82,13,9,Male,50+,Exceeds Expectations
E2361,Marketing,High School,On-site,16,65,4,3,4,5,59,3,7,Male,50+,Meets Expectations
E2362,Engineering,Bachelor's,Hybrid,2,24,2,3,4,6,68,8,0,Female,20s,Meets Expectations
E2363,Operations,Bachelor's,Remote,6,21,2,3,3,10,69,6,5,Female,30s,Needs Improvement
E2364,Marketing,Master's,Hybrid,5,33,2,2,3,2,74,9,0,Female,40s,Needs Improvement
E2365,Marketing,High School,On-site,19,31,3,4,4,3,34,9,4,Male,50+,Meets Expectations
E2366,Engineering,Bachelor's,On-site,7,19,3,3,4,5,79,27,1,Male,40s,Exceeds Expectations
E2367,Sales,Bachelor's,Hybrid,3,42,2,4,4,5,79,20,7,Male,40s,Meets Expectations
E2368,Operations,Bachelor's,Hybrid,2,43,3,4,3,9,47,23,4,Female,30s,Meets Expectations
E2369,Engineering,Master's,Hybrid,1,49,5,1,3,10,56,9,6,Male,20s,Meets Expectations
E2370,Engineering,Master's,Hybrid,13,24,5,4,4,5,86,12,4,Male,40s,Exceeds Expectations
E2371,Engineering,Master's,On-site,3,21,5,3,3,8,52,14,8,Female,20s,Meets Expectations
E2372,HR,Master's,Hybrid,6,38,2,4,2,10,92,7,4,Female,30s,Meets Expectations
E2373,Operations,High School,Hybrid,2,35,5,2,3,7,53,3,9,Female,30s,Needs Improvement
E2374,Marketing,Bachelor's,Remote,16,35,3,4,3,9,84,6,3,Male,50+,Exceeds Expectations
E2375,Operations,Bachelor's,Hybrid,6,26,3,2,5,5,53,14,8,Female,30s,Meets Expectations
E2376,Sales,Master's,Hybrid,0,47,4,4,3,5,81,20,5,Female,20s,Exceeds Expectations
E2377,Sales,Master's,Hybrid,7,21,4,3,3,5,72,56,4,Male,40s,Needs Improvement
E2378,Engineering,High School,Hybrid,4,38,1,3,5,8,72,3,5,Male,30s,Meets Expectations
E2379,Engineering,Bachelor's,On-site,2,34,3,2,2,7,51,16,3,Female,30s,Needs Improvement
E2380,Finance,Bachelor's,Hybrid,5,39,3,3,4,7,68,11,1,Male,30s,Meets Expectations
E2381,Engineering,PhD,On-site,6,64,2,4,3,7,55,33,2,Female,30s,Needs Improvement
E2382,Engineering,High School,On-site,4,14,4,5,4,4,54,20,4,Female,40s,Meets Expectations
E2383,Operations,Bachelor's,Hybrid,0,0,5,5,5,4,89,7,7,Male,20s,Exceeds Expectations
E2384,Marketing,Bachelor's,On-site,4,28,3,4,4,7,100,7,3,Male,30s,Exceeds Expectations
E2385,Engineering,Bachelor's,Hybrid,10,17,4,3,4,9,56,7,2,Male,40s,Exceeds Expectations
E2386,Finance,Bachelor's,Hybrid,5,0,3,4,3,4,75,2,3,Male,30s,Needs Improvement
E2387,HR,Bachelor's,Remote,1,75,3,5,3,5,83,2,6,Male,20s,Meets Expectations
E2388,Operations,Master's,Hybrid,9,51,4,4,3,5,58,5,2,Female,40s,Meets Expectations
E2389,Finance,High School,Hybrid,10,53,2,3,2,2,54,3,4,Female,40s,Needs Improvement
E2390,Engineering,Master's,Hybrid,6,34,4,3,1,12,68,8,4,Male,30s,Meets Expectations
E2391,Engineering,Bachelor's,Remote,0,48,3,3,3,8,68,10,6,Male,20s,Meets Expectations
E2392,Engineering,Bachelor's,Hybrid,3,32,3,4,3,8,28,33,6,Male,40s,Needs Improvement
E2393,Finance,Bachelor's,Hybrid,0,56,3,2,4,13,72,0,3,Male,20s,Meets Expectations
E2394,HR,Bachelor's,Hybrid,8,44,5,3,3,4,81,8,9,Female,30s,Exceeds Expectations
E2395,Finance,Bachelor's,On-site,2,39,2,3,4,7,76,9,4,Female,20s,Meets Expectations
E2396,HR,Bachelor's,Hybrid,3,41,3,3,2,7,64,9,4,Female,20s,Meets Expectations
E2397,Sales,High School,Hybrid,5,69,5,4,3,5,45,32,5,Male,30s,Meets Expectations
E2398,Engineering,Bachelor's,On-site,4,43,2,4,1,5,75,2,4,Male,30s,Needs Improvement
E2399,Engineering,Master's,On-site,1,19,3,3,5,8,56,8,7,Male,30s,Meets Expectations
E2400,Sales,Bachelor's,On-site,3,47,3,4,4,2,63,3,13,Male,40s,Needs Improvement
E2401,HR,Bachelor's,Remote,3,50,4,3,4,4,68,5,10,Female,30s,Meets Expectations
E2402,Operations,Bachelor's,Hybrid,8,37,3,1,4,5,81,4,6,Female,40s,Meets Expectations
E2403,Engineering,Bachelor's,On-site,3,39,2,2,5,6,85,17,10,Female,30s,Meets Expectations
E2404,Marketing,Master's,Hybrid,2,19,4,4,3,6,71,9,5,Non-binary,30s,Meets Expectations
E2405,Engineering,Bachelor's,Hybrid,2,42,3,2,3,4,69,16,5,Male,20s,Meets Expectations
E2406,Finance,PhD,Hybrid,0,16,4,4,5,5,80,27,4,Male,20s,Exceeds Expectations
E2407,Engineering,Master's,Hybrid,9,35,4,4,2,4,54,17,2,Male,30s,Meets Expectations
E2408,Marketing,Bachelor's,On-site,3,27,2,3,5,3,57,4,3,Female,30s,Needs Improvement
E2409,Engineering,Bachelor's,On-site,0,60,4,3,3,8,91,21,4,Male,20s,Exceeds Expectations
E2410,Engineering,Master's,Hybrid,2,71,3,3,4,9,91,9,1,Male,30s,Exceeds Expectations
E2411,HR,Master's,Hybrid,1,17,4,3,2,4,40,11,2,Female,20s,Needs Improvement
E2412,Sales,Bachelor's,Hybrid,9,40,4,4,5,7,60,22,5,Male,50+,Exceeds Expectations
E2413,Sales,Bachelor's,On-site,0,34,5,1,3,5,83,2,3,Female,20s,Meets Expectations
E2414,Sales,High School,Remote,1,49,3,2,3,4,74,13,4,Male,20s,Meets Expectations
E2415,Operations,Master's,Hybrid,15,42,3,2,4,6,66,2,3,Female,40s,Meets Expectations
E2416,Sales,Master's,Hybrid,10,32,3,1,3,5,49,6,5,Female,40s,Meets Expectations
E2417,HR,Bachelor's,On-site,4,42,2,3,4,4,60,22,2,Male,20s,Meets Expectations
E2418,Operations,Bachelor's,Hybrid,1,36,4,2,2,5,54,6,2,Female,30s,Needs Improvement
E2419,Marketing,Master's,Remote,5,72,2,3,4,4,90,10,3,Female,40s,Meets Expectations
E2420,Sales,PhD,On-site,0,24,4,3,3,4,56,20,6,Male,20s,Meets Expectations
E2421,HR,Bachelor's,Hybrid,0,45,3,4,3,3,70,7,3,Female,20s,Meets Expectations
E2422,Engineering,Bachelor's,Hybrid,5,50,2,3,3,6,75,8,8,Male,30s,Meets Expectations
E2423,HR,Bachelor's,On-site,17,49,5,2,4,7,66,7,3,Male,50+,Meets Expectations
E2424,Sales,Bachelor's,On-site,4,34,1,4,3,6,67,3,6,Female,30s,Needs Improvement
E2425,Finance,High School,Hybrid,4,67,3,5,3,8,48,15,4,Non-binary,30s,Meets Expectations
E2426,Operations,Bachelor's,On-site,9,0,4,4,4,5,62,14,1,Female,40s,Meets Expectations
E2427,Engineering,Master's,On-site,4,18,1,4,4,2,63,28,5,Female,50+,Needs Improvement
E2428,Engineering,Bachelor's,Remote,2,53,4,3,3,6,58,5,2,Female,30s,Meets Expectations
E2429,Sales,Bachelor's,Hybrid,2,22,3,3,4,6,90,13,5,Male,30s,Exceeds Expectations
E2430,HR,Bachelor's,Hybrid,17,21,3,3,3,7,99,5,3,Female,50+,Exceeds Expectations
E2431,Sales,High School,Hybrid,0,31,5,3,3,5,84,26,4,Female,20s,Meets Expectations
E2432,Marketing,Bachelor's,Hybrid,6,24,3,2,4,2,92,11,5,Male,40s,Exceeds Expectations
E2433,HR,Bachelor's,Hybrid,1,53,3,3,1,6,58,34,3,Male,20s,Needs Improvement
E2434,Operations,High School,On-site,7,58,3,3,3,7,65,7,3,Female,30s,Meets Expectations
E2435,Sales,High School,On-site,7,42,5,1,3,4,54,11,3,Female,30s,Meets Expectations
E2436,Engineering,Master's,Hybrid,1,61,4,3,4,6,70,7,7,Female,20s,Meets Expectations
E2437,Sales,Master's,Remote,2,12,2,4,4,6,54,31,4,Female,20s,Needs Improvement
E2438,Marketing,High School,On-site,9,42,3,3,2,5,51,20,9,Male,30s,Needs Improvement
E2439,Engineering,Bachelor's,Remote,13,67,2,1,5,6,24,17,4,Female,40s,Meets Expectations
E2440,Engineering,High School,Hybrid,8,60,3,3,4,3,75,18,8,Female,30s,Exceeds Expectations
E2441,Sales,Master's,Hybrid,4,69,5,4,3,3,87,20,4,Female,30s,Exceeds Expectations
E2442,Finance,Master's,Hybrid,3,28,3,3,2,11,85,13,5,Male,40s,Meets Expectations
E2443,Operations,Bachelor's,On-site,2,58,2,4,3,3,80,9,8,Male,20s,Meets Expectations
E2444,Sales,Bachelor's,Hybrid,5,31,4,3,4,9,81,4,7,Female,40s,Meets Expectations
E2445,Engineering,Bachelor's,On-site,12,52,3,3,3,5,63,3,5,Male,40s,Meets Expectations
E2446,Sales,Bachelor's,Hybrid,4,66,4,3,3,10,43,4,7,Male,50+,Meets Expectations
E2447,Sales,Bachelor's,On-site,5,24,3,3,3,5,51,16,5,Female,30s,Meets Expectations
E2448,Operations,High School,Remote,6,3,5,4,4,2,63,11,6,Female,30s,Meets Expectations
E2449,Sales,Master's,On-site,13,77,2,5,3,2,33,6,3,Female,40s,Needs Improvement
E2450,Marketing,Bachelor's,Hybrid,9,50,2,4,3,5,77,5,4,Male,40s,Meets Expectations
E2451,Operations,Bachelor's,On-site,6,38,4,3,3,8,75,3,3,Female,30s,Exceeds Expectations
E2452,Marketing,Bachelor's,On-site,2,37,1,2,3,3,77,8,7,Female,30s,Needs Improvement
E2453,Engineering,Master's,On-site,6,0,3,4,3,5,83,5,3,Male,40s,Meets Expectations
E2454,Marketing,Bachelor's,Hybrid,1,44,4,3,2,7,39,4,7,Male,20s,Needs Improvement
E2455,Sales,Bachelor's,Hybrid,6,29,1,4,3,6,55,2,4,Male,30s,Needs Improvement
E2456,Sales,Master's,Hybrid,9,41,3,4,2,1,49,5,2,Female,30s,Meets Expectations
E2457,Operations,High School,Remote,3,41,2,4,4,5,59,3,3,Female,40s,Needs Improvement
E2458,Engineering,Bachelor's,On-site,1,0,1,4,3,3,57,17,12,Male,30s,Needs Improvement
E2459,Sales,Bachelor's,Remote,0,50,2,4,3,12,33,9,6,Male,20s,Needs Improvement
E2460,Engineering,Bachelor's,On-site,0,44,3,2,3,6,79,15,6,Non-binary,20s,Meets Expectations
E2461,Engineering,PhD,Remote,2,46,3,2,3,4,90,9,6,Male,20s,Meets Expectations
E2462,Marketing,Bachelor's,Remote,1,36,4,2,2,9,56,22,7,Male,20s,Needs Improvement
E2463,Finance,Bachelor's,Remote,7,41,3,2,4,4,58,1,2,Female,30s,Meets Expectations
E2464,Marketing,Bachelor's,On-site,2,43,3,5,5,2,81,6,3,Non-binary,20s,Exceeds Expectations
E2465,Sales,PhD,Hybrid,3,45,2,2,4,1,67,16,5,Male,30s,Meets Expectations
E2466,Engineering,Master's,Remote,1,50,4,2,5,3,77,6,4,Female,20s,Meets Expectations
E2467,Sales,High School,Hybrid,7,46,5,3,2,1,52,6,5,Female,30s,Needs Improvement
E2468,HR,Bachelor's,On-site,11,77,3,2,3,3,78,3,10,Male,40s,Meets Expectations
E2469,Finance,High School,Hybrid,7,25,3,5,3,5,74,6,3,Female,40s,Exceeds Expectations
E2470,Marketing,Master's,On-site,4,33,2,3,5,7,61,9,4,Male,30s,Meets Expectations
E2471,Operations,Bachelor's,Hybrid,6,74,4,4,4,4,67,30,8,Male,30s,Meets Expectations
E2472,Operations,High School,On-site,6,37,4,2,3,5,34,5,5,Female,30s,Needs Improvement
E2473,Sales,Bachelor's,Hybrid,9,59,3,2,1,2,64,9,7,Non-binary,30s,Needs Improvement
E2474,Marketing,Master's,On-site,8,43,3,2,2,4,68,45,4,Male,40s,Needs Improvement
E2475,Finance,Bachelor's,On-site,4,35,2,2,4,7,61,30,10,Female,20s,Needs Improvement
E2476,Operations,High School,On-site,4,60,3,2,3,4,54,17,7,Female,30s,Meets Expectations
E2477,Sales,PhD,Remote,0,50,4,2,3,2,90,14,4,Male,20s,Meets Expectations
E2478,Marketing,High School,Hybrid,5,9,3,3,4,3,88,9,7,Female,30s,Meets Expectations
E2479,Sales,Bachelor's,Hybrid,9,43,5,3,4,4,69,16,6,Male,40s,Exceeds Expectations
E2480,Finance,Bachelor's,Hybrid,7,20,3,2,3,3,74,10,2,Female,30s,Meets Expectations
E2481,Operations,Bachelor's,Hybrid,18,65,1,3,4,5,39,1,4,Male,50+,Needs Improvement
E2482,Operations,Bachelor's,Hybrid,2,75,5,4,5,3,50,8,2,Male,20s,Exceeds Expectations
E2483,Engineering,High School,Hybrid,7,77,4,4,5,8,61,7,5,Female,30s,Exceeds Expectations
E2484,Engineering,High School,On-site,8,47,4,1,3,1,51,7,3,Male,30s,Meets Expectations
E2485,Finance,Bachelor's,Hybrid,8,31,3,2,4,6,84,10,8,Female,30s,Meets Expectations
E2486,Marketing,Master's,On-site,7,46,2,2,4,5,58,6,6,Female,30s,Meets Expectations
E2487,Operations,High School,Remote,2,21,3,3,3,8,49,19,7,Female,30s,Needs Improvement
E2488,Sales,Master's,Hybrid,6,87,1,5,3,5,100,23,6,Female,40s,Exceeds Expectations
E2489,Operations,Bachelor's,On-site,15,64,3,2,2,3,98,21,5,Female,40s,Exceeds Expectations
E2490,Finance,High School,Hybrid,7,46,4,3,3,3,80,5,4,Female,30s,Meets Expectations
E2491,Engineering,Bachelor's,On-site,10,60,4,2,3,8,37,24,2,Female,40s,Meets Expectations
E2492,Engineering,Bachelor's,Hybrid,4,30,4,5,2,8,92,8,6,Female,30s,Exceeds Expectations
E2493,Finance,Bachelor's,Remote,7,18,5,1,3,4,91,44,8,Female,40s,Needs Improvement
E2494,Engineering,Bachelor's,Hybrid,2,0,4,3,4,6,40,35,7,Male,20s,Needs Improvement
E2495,Operations,Master's,Hybrid,13,42,1,2,3,9,32,3,5,Female,40s,Needs Improvement
E2496,HR,Master's,Hybrid,9,36,3,1,1,9,59,9,4,Male,50+,Needs Improvement
E2497,Sales,Bachelor's,Hybrid,6,50,5,4,3,11,74,6,5,Female,30s,Exceeds Expectations
E2498,Engineering,PhD,On-site,0,40,3,1,4,4,91,15,6,Female,20s,Meets Expectations
E2499,Operations,Bachelor's,Hybrid,5,49,5,3,4,9,38,15,5,Female,30s,Exceeds Expectations
E2500,Finance,High School,Hybrid,7,56,4,3,3,3,97,22,8,Female,40s,Exceeds Expectations
E2501,Finance,Bachelor's,On-site,9,11,3,2,2,7,41,27,4,Male,40s,Needs Improvement
E2502,Finance,Master's,On-site,3,57,2,1,4,1,82,3,5,Male,30s,Meets Expectations
E2503,Marketing,Master's,On-site,4,32,4,3,4,3,68,32,8,Female,40s,Meets Expectations
E2504,Operations,PhD,On-site,6,50,5,2,3,6,88,10,4,Female,40s,Exceeds Expectations
E2505,Marketing,Master's,On-site,3,60,2,4,2,4,74,10,4,Male,40s,Needs Improvement
E2506,HR,Bachelor's,Hybrid,13,61,3,4,4,4,67,2,5,Female,40s,Exceeds Expectations
E2507,Engineering,Master's,Hybrid,16,43,1,5,3,8,79,11,7,Male,50+,Meets Expectations
E2508,Sales,PhD,Hybrid,2,44,3,3,4,10,55,6,4,Male,30s,Meets Expectations
E2509,Finance,Master's,On-site,12,58,2,4,4,4,66,3,9,Female,40s,Meets Expectations
E2510,Sales,Bachelor's,Hybrid,4,10,4,3,5,7,46,9,7,Female,30s,Meets Expectations
E2511,Finance,Master's,Remote,5,21,3,5,3,9,80,8,5,Female,30s,Meets Expectations
E2512,Operations,Bachelor's,On-site,16,34,4,3,5,8,87,26,1,Male,50+,Exceeds Expectations
E2513,Sales,Master's,On-site,7,13,3,3,3,7,75,24,10,Non-binary,30s,Needs Improvement
E2514,Engineering,PhD,Hybrid,3,35,3,4,3,5,72,7,3,Female,40s,Meets Expectations
E2515,Marketing,Master's,On-site,2,33,2,3,2,6,63,13,8,Male,30s,Needs Improvement
E2516,Engineering,Bachelor's,On-site,3,42,4,3,3,8,100,21,10,Female,30s,Exceeds Expectations
E2517,Operations,High School,Hybrid,9,39,4,4,4,5,67,3,4,Female,30s,Exceeds Expectations
E2518,HR,PhD,On-site,11,61,4,4,4,5,43,9,4,Male,40s,Meets Expectations
E2519,HR,Master's,Remote,6,51,4,4,2,1,77,8,4,Non-binary,40s,Meets Expectations
E2520,Marketing,Master's,Remote,0,39,4,3,4,6,69,1,3,Male,20s,Meets Expectations
E2521,HR,PhD,Hybrid,7,33,4,3,5,2,100,6,6,Male,30s,Exceeds Expectations
E2522,Sales,Bachelor's,Hybrid,8,39,4,4,2,4,68,1,7,Male,50+,Meets Expectations
E2523,Sales,Master's,Remote,6,39,4,2,4,4,46,3,10,Male,30s,Needs Improvement
E2524,Sales,Bachelor's,Hybrid,0,90,2,3,5,7,95,6,0,Male,20s,Exceeds Expectations
E2525,Operations,Bachelor's,Remote,7,11,3,1,2,7,73,15,2,Male,50+,Needs Improvement
E2526,Engineering,Bachelor's,Hybrid,3,21,2,4,3,1,59,3,9,Male,40s,Needs Improvement
E2527,Sales,Bachelor's,On-site,4,19,4,2,3,8,100,12,4,Male,30s,Exceeds Expectations
E2528,Engineering,Bachelor's,On-site,3,45,5,2,4,6,68,18,6,Male,30s,Exceeds Expectations
E2529,Sales,Master's,On-site,11,45,4,3,3,11,59,6,5,Male,40s,Meets Expectations
E2530,Engineering,High School,Remote,5,29,3,4,3,7,83,15,1,Female,30s,Meets Expectations
E2531,Finance,Master's,On-site,5,58,4,5,4,5,83,14,7,Male,40s,Exceeds Expectations
E2532,Engineering,High School,Hybrid,7,47,4,2,5,7,83,9,4,Male,40s,Exceeds Expectations
E2533,Marketing,Master's,Hybrid,2,59,4,2,3,6,90,7,4,Male,30s,Exceeds Expectations
E2534,Engineering,Bachelor's,Remote,3,64,2,3,3,5,38,8,3,Male,30s,Needs Improvement
E2535,Sales,Master's,Hybrid,6,0,5,2,3,9,81,40,5,Female,30s,Needs Improvement
E2536,Engineering,Bachelor's,On-site,12,54,2,4,4,5,69,4,3,Female,40s,Meets Expectations
E2537,Finance,Bachelor's,On-site,3,14,3,3,2,9,70,32,3,Female,20s,Needs Improvement
E2538,Operations,Bachelor's,Hybrid,0,45,4,4,3,6,60,4,5,Male,20s,Meets Expectations
E2539,Engineering,High School,Remote,8,39,3,3,3,10,61,16,8,Male,40s,Meets Expectations
E2540,Operations,Bachelor's,Hybrid,7,39,3,4,2,4,64,2,5,Male,40s,Meets Expectations
E2541,Sales,Bachelor's,Hybrid,11,16,3,2,2,4,70,2,4,Female,40s,Meets Expectations
E2542,HR,High School,Remote,8,61,3,5,3,3,33,26,6,Non-binary,40s,Needs Improvement
E2543,Finance,Master's,Hybrid,7,14,3,2,4,8,80,3,4,Female,30s,Meets Expectations
E2544,Engineering,Bachelor's,On-site,4,55,4,2,2,3,84,17,8,Female,40s,Meets Expectations
E2545,Sales,Bachelor's,Remote,5,11,3,2,4,12,76,12,5,Male,30s,Meets Expectations
E2546,Engineering,Bachelor's,Hybrid,5,40,2,4,3,3,77,10,3,Male,30s,Meets Expectations
E2547,Finance,Bachelor's,Remote,3,76,2,4,2,11,83,16,7,Male,30s,Meets Expectations
E2548,Sales,Bachelor's,On-site,14,87,4,2,4,4,72,16,4,Male,50+,Exceeds Expectations
E2549,Operations,Master's,Hybrid,0,8,4,4,5,4,100,10,9,Female,20s,Exceeds Expectations
E2550,Engineering,Bachelor's,On-site,11,26,4,3,5,9,68,1,5,Female,40s,Exceeds Expectations
E2551,Operations,Bachelor's,Hybrid,0,30,4,4,4,6,84,9,3,Male,20s,Meets Expectations
E2552,Engineering,Bachelor's,On-site,8,85,2,4,3,8,54,33,2,Male,30s,Meets Expectations
E2553,Marketing,Bachelor's,Hybrid,3,39,1,3,4,2,66,5,6,Male,30s,Needs Improvement
E2554,Sales,Master's,On-site,0,61,3,4,5,3,86,8,2,Female,20s,Exceeds Expectations
E2555,Engineering,Bachelor's,On-site,7,46,1,3,3,6,65,2,6,Female,40s,Needs Improvement
E2556,Engineering,Master's,On-site,3,16,3,4,4,6,59,7,8,Male,30s,Meets Expectations
E2557,Marketing,Bachelor's,Hybrid,0,3,5,3,3,1,73,10,1,Male,20s,Meets Expectations
E2558,Engineering,Bachelor's,Hybrid,13,28,3,1,3,2,69,6,8,Female,40s,Meets Expectations
E2559,Marketing,Bachelor's,Hybrid,16,86,3,3,5,7,53,9,2,Female,40s,Exceeds Expectations
E2560,Operations,Master's,Hybrid,17,45,2,2,3,7,62,8,4,Female,40s,Meets Expectations
E2561,Sales,Bachelor's,Hybrid,8,61,3,5,4,7,71,25,3,Female,30s,Exceeds Expectations
E2562,Engineering,Bachelor's,Hybrid,5,12,3,2,4,4,29,4,5,Male,30s,Needs Improvement
E2563,Engineering,Master's,On-site,14,33,2,4,3,6,69,20,7,Female,40s,Meets Expectations
E2564,Engineering,Bachelor's,Hybrid,3,56,4,3,3,4,54,6,6,Female,50+,Meets Expectations
E2565,Sales,Bachelor's,Remote,13,18,5,4,3,7,64,5,3,Male,40s,Exceeds Expectations
E2566,Finance,Bachelor's,Hybrid,2,39,4,2,4,6,48,16,7,Male,20s,Meets Expectations
E2567,Sales,Bachelor's,Remote,7,22,3,3,4,4,62,4,6,Female,30s,Meets Expectations
E2568,Engineering,Master's,On-site,5,57,3,3,3,3,97,10,7,Male,40s,Exceeds Expectations
E2569,Marketing,Bachelor's,Hybrid,0,48,3,5,5,9,52,9,8,Female,20s,Meets Expectations
E2570,Sales,High School,Hybrid,2,54,3,3,3,3,57,31,0,Female,40s,Needs Improvement
E2571,Marketing,High School,Hybrid,11,57,4,4,3,6,62,9,3,Male,50+,Meets Expectations
E2572,Operations,PhD,Hybrid,6,35,4,4,5,6,34,1,3,Female,40s,Meets Expectations
E2573,Sales,Bachelor's,On-site,6,60,2,4,3,8,40,12,8,Non-binary,40s,Needs Improvement
E2574,HR,Bachelor's,Hybrid,4,28,4,3,3,6,77,20,7,Male,30s,Meets Expectations
E2575,Operations,Master's,Hybrid,5,53,4,5,4,3,58,16,8,Male,30s,Exceeds Expectations
E2576,Finance,Bachelor's,Hybrid,5,1,3,5,2,3,97,11,2,Female,30s,Exceeds Expectations
E2577,Finance,Master's,On-site,4,25,3,4,3,3,53,7,3,Female,20s,Needs Improvement
E2578,Finance,Master's,On-site,1,86,4,3,5,1,98,14,3,Male,20s,Exceeds Expectations
E2579,HR,Bachelor's,Remote,10,52,4,2,5,7,40,10,2,Male,40s,Meets Expectations
E2580,HR,Master's,On-site,5,52,4,4,4,4,65,11,0,Male,40s,Exceeds Expectations
E2581,Finance,PhD,On-site,2,24,4,3,4,3,53,16,5,Female,20s,Meets Expectations
E2582,Finance,Bachelor's,On-site,9,18,4,3,4,3,80,26,5,Male,40s,Meets Expectations
E2583,Marketing,High School,Hybrid,6,35,3,2,3,7,57,6,4,Female,30s,Meets Expectations
E2584,Sales,Master's,Hybrid,6,39,2,3,5,5,59,6,4,Female,30s,Meets Expectations
E2585,Operations,Bachelor's,Remote,7,78,2,4,3,6,66,11,8,Male,40s,Meets Expectations
E2586,Engineering,Bachelor's,Hybrid,5,60,4,4,4,3,100,10,4,Male,40s,Exceeds Expectations
E2587,Engineering,Bachelor's,On-site,5,42,3,3,3,10,90,10,5,Male,30s,Exceeds Expectations
E2588,Sales,Master's,On-site,8,41,4,3,3,3,60,6,7,Female,40s,Meets Expectations
E2589,Engineering,Master's,On-site,8,55,2,2,4,6,52,3,2,Male,30s,Meets Expectations
E2590,Marketing,PhD,Hybrid,7,14,3,3,5,6,54,3,7,Non-binary,40s,Meets Expectations
E2591,Engineering,Bachelor's,Remote,4,2,3,3,5,10,50,3,4,Female,20s,Meets Expectations
E2592,Marketing,PhD,On-site,11,55,5,4,4,6,84,5,8,Male,50+,Exceeds Expectations
E2593,HR,Bachelor's,On-site,4,41,4,2,3,4,56,30,5,Male,40s,Needs Improvement
E2594,Engineering,Bachelor's,Hybrid,5,14,3,2,4,4,87,13,7,Female,40s,Meets Expectations
E2595,Engineering,Master's,Hybrid,0,0,4,4,5,6,87,18,6,Male,20s,Exceeds Expectations
E2596,HR,Bachelor's,Hybrid,3,58,3,3,2,7,65,3,3,Male,20s,Meets Expectations
E2597,Finance,Bachelor's,Hybrid,13,30,1,2,3,4,44,9,2,Male,40s,Needs Improvement
E2598,Sales,Bachelor's,On-site,9,48,5,4,2,10,80,16,6,Female,30s,Exceeds Expectations
E2599,Engineering,Bachelor's,Hybrid,0,35,3,4,3,5,48,4,6,Male,20s,Needs Improvement
E2600,Sales,Master's,On-site,5,39,4,3,2,9,68,10,4,Male,40s,Meets Expectations
E2601,Engineering,High School,Hybrid,5,28,3,3,2,7,92,6,7,Male,30s,Meets Expectations
E2602,Engineering,Master's,On-site,4,38,2,4,2,8,29,3,11,Female,40s,Needs Improvement
E2603,Operations,Bachelor's,Hybrid,4,52,3,4,3,3,63,2,9,Female,30s,Needs Improvement
E2604,Engineering,Bachelor's,Remote,9,34,4,3,4,7,57,11,5,Male,30s,Exceeds Expectations
E2605,Engineering,Master's,Hybrid,8,33,3,3,3,4,60,7,4,Male,40s,Meets Expectations
E2606,Operations,Bachelor's,On-site,1,52,4,3,3,6,45,9,4,Male,20s,Meets Expectations
E2607,Marketing,PhD,Remote,1,53,3,3,4,3,100,2,5,Female,20s,Exceeds Expectations
E2608,Sales,PhD,On-site,5,17,3,3,4,5,71,14,7,Male,30s,Meets Expectations
E2609,Marketing,Bachelor's,Hybrid,4,39,2,2,5,4,35,35,2,Female,40s,Needs Improvement
E2610,Operations,Bachelor's,On-site,1,30,5,2,4,7,74,18,6,Male,20s,Meets Expectations
E2611,Engineering,High School,Remote,0,40,2,3,2,4,86,5,3,Male,20s,Meets Expectations
E2612,Engineering,Master's,On-site,6,69,2,4,3,4,67,1,7,Female,40s,Meets Expectations
E2613,Operations,Bachelor's,On-site,2,47,3,1,4,4,94,16,7,Female,30s,Exceeds Expectations
E2614,Operations,PhD,Remote,6,83,5,3,3,5,35,21,6,Male,30s,Meets Expectations
E2615,Operations,PhD,Hybrid,0,44,4,3,3,8,86,14,3,Male,20s,Meets Expectations
E2616,Sales,High School,On-site,4,37,2,4,2,6,64,8,6,Male,30s,Needs Improvement
E2617,Operations,Master's,On-site,5,40,4,5,2,4,54,20,6,Female,30s,Meets Expectations
E2618,Sales,Bachelor's,On-site,3,43,4,3,5,4,81,11,4,Male,40s,Exceeds Expectations
E2619,Finance,Bachelor's,On-site,3,46,4,5,4,5,80,8,5,Male,20s,Meets Expectations
E2620,Operations,Bachelor's,Hybrid,11,20,4,4,3,4,92,18,3,Female,50+,Exceeds Expectations
E2621,Engineering,Master's,Hybrid,3,35,3,4,3,5,91,24,6,Male,30s,Exceeds Expectations
E2622,Engineering,Bachelor's,Remote,5,26,3,2,5,5,69,6,5,Female,30s,Meets Expectations
E2623,Marketing,Master's,Hybrid,16,61,2,4,3,5,42,5,5,Male,50+,Meets Expectations
E2624,Operations,Bachelor's,Remote,8,1,5,4,4,7,39,11,8,Male,30s,Meets Expectations
E2625,Engineering,Bachelor's,Hybrid,4,43,3,3,4,4,40,12,10,Female,30s,Needs Improvement
E2626,Operations,Master's,Hybrid,5,10,2,1,5,4,61,9,3,Female,30s,Meets Expectations
E2627,Sales,Master's,Hybrid,11,49,3,3,3,7,72,22,2,Female,40s,Exceeds Expectations
E2628,Sales,Bachelor's,On-site,7,32,3,3,2,3,77,15,2,Female,40s,Meets Expectations
E2629,Sales,Bachelor's,On-site,4,4,2,5,2,8,77,12,7,Male,20s,Needs Improvement
E2630,Operations,Bachelor's,Remote,8,59,4,3,4,5,55,9,3,Male,30s,Meets Expectations
E2631,Engineering,Bachelor's,Hybrid,4,0,4,2,5,6,90,30,8,Female,30s,Exceeds Expectations
E2632,Marketing,PhD,On-site,3,39,1,2,4,10,94,19,2,Female,20s,Exceeds Expectations
E2633,Engineering,Bachelor's,Hybrid,7,54,3,3,3,8,52,33,7,Female,30s,Needs Improvement
E2634,Operations,Bachelor's,On-site,5,68,3,5,4,7,66,11,4,Male,30s,Exceeds Expectations
E2635,Operations,Master's,Hybrid,14,8,3,2,3,10,79,6,7,Female,40s,Meets Expectations
E2636,Engineering,Bachelor's,On-site,4,30,5,2,3,4,91,20,5,Female,40s,Meets Expectations
E2637,Sales,Master's,Remote,1,62,2,3,3,15,78,9,5,Male,30s,Meets Expectations
E2638,Sales,Bachelor's,Hybrid,4,63,5,5,3,8,58,6,7,Male,30s,Exceeds Expectations
E2639,Sales,High School,Hybrid,8,66,3,4,3,5,52,8,3,Male,40s,Meets Expectations
E2640,Operations,Bachelor's,Hybrid,3,91,5,5,4,6,51,16,3,Female,30s,Exceeds Expectations
E2641,Marketing,Bachelor's,Remote,11,30,3,3,3,11,64,10,5,Female,40s,Meets Expectations
E2642,Sales,PhD,Remote,3,47,3,2,2,6,60,6,6,Male,30s,Needs Improvement
E2643,Finance,Bachelor's,Hybrid,1,33,3,3,4,7,47,9,4,Male,20s,Meets Expectations
E2644,Sales,High School,On-site,3,0,5,3,3,2,79,6,9,Male,20s,Needs Improvement
E2645,Engineering,Bachelor's,Hybrid,3,38,3,3,3,10,62,5,8,Male,40s,Needs Improvement
E2646,Engineering,Bachelor's,Remote,6,0,4,3,4,5,75,3,1,Female,30s,Meets Expectations
E2647,Sales,Bachelor's,Remote,9,30,4,4,3,8,47,22,7,Male,50+,Meets Expectations
E2648,Marketing,Bachelor's,Hybrid,6,11,2,2,3,5,84,22,3,Female,30s,Meets Expectations
E2649,Engineering,Bachelor's,Hybrid,8,49,4,2,3,6,81,12,2,Female,30s,Exceeds Expectations
E2650,HR,Master's,On-site,5,24,3,2,3,6,86,5,1,Male,50+,Meets Expectations
E2651,Engineering,Bachelor's,On-site,1,4,5,3,3,7,66,8,5,Female,20s,Meets Expectations
E2652,Finance,Master's,On-site,0,57,4,3,1,5,64,3,8,Female,20s,Needs Improvement
E2653,Engineering,Bachelor's,On-site,16,28,4,4,3,7,78,3,4,Female,40s,Exceeds Expectations
E2654,Sales,Master's,Hybrid,4,31,1,5,5,6,89,5,3,Female,20s,Exceeds Expectations
E2655,Engineering,Bachelor's,On-site,5,20,4,2,4,12,68,14,2,Male,30s,Exceeds Expectations
E2656,Sales,Bachelor's,Hybrid,2,63,3,3,3,7,43,2,7,Male,30s,Meets Expectations
E2657,Engineering,Bachelor's,Hybrid,9,45,2,3,4,4,61,15,6,Female,30s,Meets Expectations
E2658,Sales,High School,On-site,1,28,3,2,4,6,90,13,8,Female,20s,Meets Expectations
E2659,Finance,Bachelor's,Hybrid,6,2,2,3,3,6,80,12,5,Male,30s,Meets Expectations
E2660,Engineering,Bachelor's,On-site,9,90,4,5,5,9,73,10,6,Female,40s,Exceeds Expectations
E2661,Finance,Master's,On-site,1,80,5,3,4,5,61,12,4,Male,20s,Exceeds Expectations
E2662,Marketing,Bachelor's,Remote,3,69,2,2,3,5,95,9,6,Female,30s,Meets Expectations
E2663,HR,PhD,On-site,3,26,3,3,5,5,51,2,3,Male,30s,Meets Expectations
E2664,Marketing,Bachelor's,On-site,1,30,3,4,2,3,68,29,3,Female,20s,Needs Improvement
E2665,Sales,Bachelor's,Hybrid,6,48,1,3,2,9,76,7,3,Male,30s,Meets Expectations
E2666,Finance,Bachelor's,On-site,7,22,4,3,4,7,75,7,4,Male,30s,Exceeds Expectations
E2667,Finance,Bachelor's,On-site,6,20,4,1,4,9,55,10,5,Female,30s,Meets Expectations
E2668,Finance,Master's,Hybrid,5,69,5,4,5,8,81,32,3,Female,30s,Exceeds Expectations
E2669,Engineering,High School,Hybrid,3,39,4,3,1,7,78,19,3,Male,30s,Needs Improvement
E2670,Marketing,Master's,Hybrid,4,18,2,4,4,5,71,12,5,Non-binary,30s,Meets Expectations
E2671,Engineering,High School,Remote,7,59,4,1,2,7,75,10,3,Male,40s,Meets Expectations
E2672,HR,Bachelor's,On-site,5,29,5,3,4,7,59,7,6,Female,40s,Meets Expectations
E2673,Engineering,High School,Hybrid,3,0,3,4,3,3,98,13,8,Male,30s,Meets Expectations
E2674,Engineering,Master's,On-site,8,17,4,3,4,8,90,6,4,Female,40s,Exceeds Expectations
E2675,Marketing,Bachelor's,On-site,6,30,1,3,3,6,58,9,8,Male,30s,Needs Improvement
E2676,Operations,PhD,Remote,4,44,5,3,4,2,65,23,1,Male,30s,Meets Expectations
E2677,Engineering,Bachelor's,Hybrid,16,43,4,3,3,9,87,9,6,Female,50+,Exceeds Expectations
E2678,HR,High School,On-site,6,65,1,4,3,5,79,14,0,Male,40s,Needs Improvement
E2679,Marketing,Master's,Hybrid,0,35,4,2,4,7,70,7,3,Male,20s,Meets Expectations
E2680,Operations,Bachelor's,On-site,4,31,1,3,5,7,52,7,5,Female,40s,Needs Improvement
E2681,Marketing,Master's,Hybrid,13,65,3,3,4,12,54,22,8,Male,40s,Meets Expectations
E2682,Engineering,Bachelor's,On-site,4,60,4,4,4,5,70,17,4,Female,30s,Meets Expectations
E2683,Engineering,Master's,Remote,8,36,3,3,4,6,95,20,8,Male,40s,Exceeds Expectations
E2684,Marketing,Bachelor's,On-site,2,46,5,4,4,3,87,13,7,Male,30s,Exceeds Expectations
E2685,Engineering,PhD,On-site,1,30,3,3,4,9,79,10,6,Male,20s,Meets Expectations
E2686,Operations,Bachelor's,Remote,8,17,3,3,2,4,80,2,3,Male,30s,Needs Improvement
E2687,Operations,Master's,Remote,0,84,4,3,4,13,32,4,6,Female,20s,Meets Expectations
E2688,Operations,Bachelor's,On-site,7,29,3,4,3,8,74,4,3,Male,30s,Meets Expectations
E2689,Sales,Master's,Hybrid,3,46,3,4,3,2,73,8,4,Male,40s,Meets Expectations
E2690,Finance,Master's,Remote,0,10,3,2,3,3,45,12,6,Male,20s,Needs Improvement
E2691,Marketing,Master's,Hybrid,1,55,3,3,4,7,100,4,7,Female,20s,Exceeds Expectations
E2692,Engineering,Bachelor's,Hybrid,3,16,4,4,4,5,76,3,5,Male,20s,Exceeds Expectations
E2693,Engineering,Bachelor's,Hybrid,3,74,3,5,3,9,78,7,3,Female,30s,Meets Expectations
E2694,Engineering,Master's,Remote,5,76,2,2,2,6,57,3,8,Female,30s,Needs Improvement
E2695,Sales,Bachelor's,Hybrid,7,51,2,4,5,5,73,23,5,Female,40s,Exceeds Expectations
E2696,Operations,Bachelor's,On-site,9,42,1,3,4,8,71,4,6,Male,40s,Needs Improvement
E2697,Operations,Bachelor's,Hybrid,8,36,5,3,3,5,99,8,5,Female,40s,Exceeds Expectations
E2698,Sales,Bachelor's,Hybrid,9,39,2,2,4,8,84,5,8,Female,30s,Meets Expectations
E2699,HR,Bachelor's,Hybrid,6,48,3,3,3,6,72,8,3,Female,40s,Exceeds Expectations
E2700,Engineering,Master's,On-site,3,42,5,4,3,11,44,1,3,Male,20s,Meets Expectations
E2701,Engineering,Bachelor's,Hybrid,9,60,3,2,3,11,49,24,3,Non-binary,40s,Meets Expectations
E2702,Engineering,Bachelor's,Hybrid,1,22,4,5,4,5,27,27,4,Male,20s,Meets Expectations
E2703,Marketing,Master's,Remote,5,71,2,2,2,3,63,3,3,Non-binary,40s,Needs Improvement
E2704,Marketing,Bachelor's,On-site,15,32,5,4,2,6,77,11,5,Male,40s,Meets Expectations
E2705,Operations,Master's,Hybrid,3,25,3,1,2,2,70,12,4,Female,30s,Needs Improvement
E2706,Operations,Bachelor's,Hybrid,6,47,2,3,4,7,79,9,3,Female,30s,Meets Expectations
E2707,Engineering,Bachelor's,On-site,3,49,2,4,3,5,100,21,5,Female,40s,Exceeds Expectations
E2708,Finance,Bachelor's,Hybrid,0,5,5,4,3,7,53,16,9,Female,20s,Meets Expectations
E2709,Engineering,Bachelor's,On-site,3,30,3,3,3,5,53,6,2,Male,30s,Meets Expectations
E2710,Sales,Master's,Hybrid,8,0,2,3,3,6,70,16,6,Male,30s,Meets Expectations
E2711,HR,High School,Hybrid,7,26,3,4,2,4,43,6,3,Male,30s,Needs Improvement
E2712,Engineering,Bachelor's,On-site,3,27,3,4,5,7,68,3,8,Male,40s,Meets Expectations
E2713,Engineering,High School,Hybrid,6,46,3,5,3,3,61,26,6,Male,30s,Needs Improvement
E2714,Engineering,Bachelor's,Remote,2,24,4,2,5,7,48,32,6,Female,20s,Needs Improvement
E2715,Engineering,Master's,On-site,4,29,4,3,2,5,48,3,3,Female,30s,Needs Improvement
E2716,Operations,High School,Remote,4,66,4,1,4,7,60,10,11,Male,30s,Meets Expectations
E2717,Sales,Bachelor's,On-site,7,81,3,2,2,3,57,21,2,Male,30s,Meets Expectations
E2718,HR,Bachelor's,On-site,8,22,5,2,5,5,63,9,3,Female,30s,Exceeds Expectations
E2719,Operations,Master's,Hybrid,6,60,3,4,2,10,90,8,5,Female,40s,Meets Expectations
E2720,Marketing,High School,On-site,3,48,5,3,5,8,85,12,6,Male,20s,Exceeds Expectations
E2721,Sales,Bachelor's,Remote,4,5,3,3,3,5,75,13,6,Male,30s,Meets Expectations
E2722,Operations,Master's,Hybrid,4,24,2,4,3,2,79,10,3,Male,40s,Needs Improvement
E2723,Engineering,Bachelor's,Hybrid,0,0,2,3,4,9,52,20,1,Non-binary,20s,Needs Improvement
E2724,Engineering,Master's,Hybrid,3,46,4,1,3,6,78,11,5,Female,30s,Meets Expectations
E2725,HR,Bachelor's,Hybrid,2,18,4,2,4,8,52,7,3,Male,30s,Needs Improvement
E2726,Sales,Master's,Hybrid,4,43,2,3,4,1,78,32,7,Male,30s,Needs Improvement
E2727,Operations,High School,Hybrid,2,91,2,4,3,3,98,5,5,Male,20s,Meets Expectations
E2728,Engineering,High School,Remote,3,72,4,3,4,8,84,13,3,Male,30s,Exceeds Expectations
E2729,Marketing,Bachelor's,Hybrid,14,25,3,4,5,4,83,8,5,Male,50+,Exceeds Expectations
E2730,Finance,Bachelor's,On-site,1,20,3,4,4,4,51,12,4,Female,20s,Needs Improvement
E2731,Operations,Bachelor's,Hybrid,2,66,2,4,3,10,68,4,8,Male,20s,Needs Improvement
E2732,Engineering,Bachelor's,Hybrid,1,20,4,3,4,6,73,4,4,Male,20s,Exceeds Expectations
E2733,Engineering,Bachelor's,On-site,11,60,4,2,3,7,85,11,3,Female,50+,Exceeds Expectations
E2734,Operations,Master's,Hybrid,3,95,4,2,3,5,57,13,5,Male,30s,Meets Expectations
E2735,Marketing,Bachelor's,On-site,7,54,3,2,4,7,67,1,5,Male,30s,Meets Expectations
E2736,Engineering,Master's,On-site,2,64,2,2,2,4,95,12,3,Male,30s,Meets Expectations
E2737,Engineering,Bachelor's,Remote,2,61,4,3,3,5,70,8,4,Female,20s,Meets Expectations
E2738,Operations,High School,Hybrid,7,29,4,5,4,0,33,2,4,Female,30s,Meets Expectations
E2739,Marketing,Master's,On-site,17,46,2,3,5,2,51,3,2,Female,50+,Meets Expectations
E2740,Marketing,Master's,Remote,11,21,3,3,4,6,58,3,1,Male,40s,Meets Expectations
E2741,Operations,Master's,Remote,1,66,4,4,2,3,53,9,7,Female,20s,Needs Improvement
E2742,Engineering,High School,Remote,3,18,3,2,2,3,73,1,5,Male,40s,Needs Improvement
E2743,Engineering,Bachelor's,On-site,3,54,1,4,5,3,87,12,2,Male,20s,Meets Expectations
E2744,Marketing,Master's,On-site,0,63,3,4,3,6,90,7,5,Female,20s,Exceeds Expectations
E2745,Operations,Bachelor's,Hybrid,8,30,3,3,2,4,92,32,9,Female,40s,Meets Expectations
E2746,Engineering,Bachelor's,Hybrid,3,26,4,5,2,3,60,1,2,Female,40s,Meets Expectations
E2747,Finance,Bachelor's,Hybrid,5,37,5,4,4,5,66,6,6,Male,40s,Exceeds Expectations
E2748,Engineering,Master's,Hybrid,4,22,3,3,4,10,68,1,7,Male,30s,Meets Expectations
E2749,Engineering,Master's,Hybrid,6,43,2,3,4,11,100,8,4,Female,30s,Exceeds Expectations
E2750,Operations,Master's,Remote,3,22,3,3,3,9,76,6,10,Female,40s,Needs Improvement
E2751,Engineering,Master's,Hybrid,2,23,3,3,2,4,67,20,7,Male,40s,Meets Expectations
E2752,Engineering,Bachelor's,Remote,3,51,4,3,2,9,55,5,3,Female,30s,Meets Expectations
E2753,Finance,Bachelor's,Remote,0,52,5,3,3,1,89,3,4,Male,20s,Meets Expectations
E2754,Sales,High School,On-site,6,34,5,3,4,5,49,6,5,Female,30s,Meets Expectations
E2755,Sales,High School,Remote,4,7,4,2,2,12,73,10,4,Male,40s,Needs Improvement
E2756,Operations,High School,On-site,2,63,3,3,4,11,68,7,7,Female,20s,Meets Expectations
E2757,Engineering,Master's,On-site,10,31,5,2,2,8,64,13,5,Male,40s,Meets Expectations
E2758,Marketing,Bachelor's,Remote,11,81,3,4,2,6,100,14,1,Female,30s,Exceeds Expectations
E2759,Sales,Bachelor's,Hybrid,13,37,3,3,3,8,78,5,5,Female,40s,Meets Expectations
E2760,Engineering,Bachelor's,Hybrid,5,43,3,3,4,7,86,4,8,Male,40s,Meets Expectations
E2761,Finance,Bachelor's,Remote,1,31,1,4,5,4,50,11,6,Female,30s,Needs Improvement
E2762,Sales,Bachelor's,On-site,0,45,5,2,2,8,86,17,7,Female,20s,Meets Expectations
E2763,Operations,High School,On-site,5,110,4,2,5,3,91,1,6,Female,30s,Exceeds Expectations
E2764,Operations,Bachelor's,On-site,3,33,1,2,4,4,73,10,5,Male,40s,Meets Expectations
E2765,Operations,Bachelor's,Hybrid,3,66,4,4,3,5,62,7,4,Male,30s,Meets Expectations
E2766,Sales,Master's,On-site,2,42,3,4,4,5,56,3,5,Male,30s,Meets Expectations
E2767,Engineering,Master's,On-site,0,63,4,5,5,13,69,13,9,Female,20s,Exceeds Expectations
E2768,Operations,Master's,Remote,14,1,3,5,2,3,66,5,3,Female,50+,Needs Improvement
E2769,Sales,Bachelor's,On-site,9,79,2,3,3,7,59,19,6,Female,40s,Needs Improvement
E2770,Finance,High School,Hybrid,8,47,3,2,3,3,76,28,3,Female,40s,Meets Expectations
E2771,Operations,Bachelor's,On-site,13,35,2,1,4,10,72,4,4,Female,40s,Meets Expectations
E2772,Engineering,PhD,Hybrid,3,58,2,2,5,8,63,9,3,Male,40s,Exceeds Expectations
E2773,Engineering,Bachelor's,Hybrid,2,43,4,3,3,4,63,6,1,Male,30s,Meets Expectations
E2774,Marketing,Bachelor's,Hybrid,4,17,4,1,3,6,41,6,3,Male,30s,Needs Improvement
E2775,Marketing,PhD,On-site,5,0,5,2,4,6,66,7,3,Male,30s,Meets Expectations
E2776,Engineering,PhD,On-site,15,77,3,3,3,6,49,7,5,Male,50+,Meets Expectations
E2777,Marketing,High School,On-site,3,36,2,4,1,9,63,25,7,Female,40s,Needs Improvement
E2778,Operations,Master's,On-site,6,28,4,2,4,4,74,16,10,Male,30s,Meets Expectations
E2779,Sales,Bachelor's,Hybrid,5,29,2,3,4,7,39,24,3,Female,40s,Meets Expectations
E2780,Engineering,Bachelor's,On-site,2,69,3,5,4,3,64,3,7,Male,20s,Meets Expectations
E2781,Finance,Bachelor's,On-site,12,30,4,1,2,11,74,16,5,Female,50+,Meets Expectations
E2782,Operations,PhD,On-site,5,53,3,4,4,5,44,11,4,Male,30s,Meets Expectations
E2783,Operations,Bachelor's,Remote,9,33,3,4,5,10,59,17,10,Male,40s,Meets Expectations
E2784,Engineering,Master's,Hybrid,14,15,2,4,5,11,47,4,4,Female,40s,Meets Expectations
E2785,Operations,High School,Hybrid,3,58,4,4,4,2,82,3,4,Female,30s,Meets Expectations
E2786,Finance,Bachelor's,Hybrid,7,62,3,3,4,12,58,4,7,Male,30s,Meets Expectations
E2787,Finance,Master's,On-site,8,26,4,3,3,6,57,5,8,Female,30s,Meets Expectations
E2788,Sales,Master's,On-site,5,39,4,2,2,8,82,8,4,Female,30s,Meets Expectations
E2789,Engineering,Master's,On-site,3,42,4,3,4,3,64,22,4,Female,30s,Meets Expectations
E2790,HR,Master's,Hybrid,7,49,3,3,2,6,97,15,1,Female,30s,Exceeds Expectations
E2791,Sales,Master's,On-site,5,79,3,4,4,5,77,4,7,Male,40s,Exceeds Expectations
E2792,Sales,Bachelor's,On-site,4,34,2,4,5,9,75,8,7,Male,30s,Exceeds Expectations
E2793,Operations,PhD,Remote,4,33,3,5,4,3,76,10,2,Male,20s,Meets Expectations
E2794,Engineering,Bachelor's,Hybrid,6,36,4,3,4,6,89,0,2,Male,30s,Exceeds Expectations
E2795,Operations,Bachelor's,On-site,15,21,2,4,3,2,18,17,4,Male,40s,Needs Improvement
E2796,HR,Bachelor's,Remote,11,6,4,3,3,6,79,14,7,Male,40s,Exceeds Expectations
E2797,Operations,Bachelor's,On-site,3,43,5,2,5,3,55,13,3,Female,40s,Meets Expectations
E2798,Sales,Bachelor's,On-site,7,51,3,3,5,5,49,7,2,Male,30s,Meets Expectations
E2799,Marketing,Bachelor's,On-site,6,40,2,3,4,6,66,18,0,Female,40s,Meets Expectations
E2800,HR,Bachelor's,Remote,4,39,3,2,3,2,67,10,5,Female,30s,Needs Improvement
E2801,Operations,Master's,On-site,4,22,2,2,3,5,40,11,5,Male,30s,Needs Improvement
E2802,Engineering,Master's,Hybrid,12,45,5,2,4,8,49,21,1,Male,40s,Exceeds Expectations
E2803,Engineering,Bachelor's,Hybrid,9,43,3,3,3,5,45,8,4,Male,40s,Meets Expectations
E2804,Operations,PhD,Hybrid,3,49,3,2,3,6,55,2,3,Male,20s,Meets Expectations
E2805,Engineering,Bachelor's,On-site,1,46,3,4,4,9,76,19,5,Female,20s,Meets Expectations
E2806,Marketing,Bachelor's,On-site,3,48,2,1,4,9,62,2,3,Female,30s,Meets Expectations
E2807,Engineering,Master's,Hybrid,10,66,4,3,5,8,73,8,4,Female,50+,Exceeds Expectations
E2808,Engineering,Bachelor's,On-site,0,51,5,4,2,9,55,2,4,Female,20s,Meets Expectations
E2809,Marketing,Master's,Hybrid,8,50,2,2,3,11,90,4,4,Male,30s,Meets Expectations
E2810,HR,Bachelor's,On-site,1,5,4,3,5,7,61,12,4,Male,20s,Exceeds Expectations
E2811,Marketing,Bachelor's,Hybrid,3,61,3,3,4,10,82,16,2,Female,30s,Exceeds Expectations
E2812,Sales,High School,Hybrid,2,34,5,3,3,5,69,19,8,Female,30s,Meets Expectations
E2813,Finance,PhD,Hybrid,2,42,1,4,4,3,56,20,7,Female,30s,Needs Improvement
E2814,Operations,Bachelor's,Hybrid,4,15,4,4,3,8,100,19,4,Male,30s,Exceeds Expectations
E2815,Engineering,Bachelor's,On-site,4,82,3,3,5,5,88,9,1,Female,30s,Exceeds Expectations
E2816,Sales,High School,On-site,2,0,4,2,4,6,65,21,4,Female,30s,Meets Expectations
E2817,Sales,Bachelor's,On-site,0,70,3,3,3,6,83,5,5,Female,20s,Meets Expectations
E2818,Finance,Bachelor's,Hybrid,5,49,3,3,4,6,68,1,2,Female,40s,Meets Expectations
E2819,Sales,Master's,On-site,9,2,3,3,4,5,64,12,4,Female,40s,Meets Expectations
E2820,Marketing,Bachelor's,On-site,4,81,5,3,4,7,57,3,2,Male,40s,Exceeds Expectations
E2821,Sales,High School,On-site,0,50,3,3,4,10,68,4,6,Female,20s,Meets Expectations
E2822,Marketing,High School,On-site,8,0,4,4,4,4,73,4,2,Female,30s,Meets Expectations
E2823,Operations,Bachelor's,Hybrid,7,32,4,5,4,2,71,5,2,Female,40s,Exceeds Expectations
E2824,HR,Master's,Hybrid,2,51,4,4,3,6,77,13,3,Female,20s,Exceeds Expectations
E2825,Sales,Master's,Hybrid,3,74,2,5,3,9,68,25,7,Male,30s,Needs Improvement
E2826,Engineering,Bachelor's,Hybrid,8,32,4,4,3,1,47,16,6,Male,30s,Meets Expectations
E2827,HR,Bachelor's,Hybrid,10,0,4,3,3,11,74,4,6,Female,50+,Meets Expectations
E2828,Engineering,Bachelor's,Hybrid,8,69,2,4,3,3,56,6,7,Male,50+,Needs Improvement
E2829,Operations,Master's,Remote,0,50,3,4,4,6,41,1,6,Female,20s,Needs Improvement
E2830,Sales,PhD,Remote,16,0,5,4,3,0,64,7,5,Female,50+,Exceeds Expectations
E2831,Engineering,Master's,Remote,3,47,3,3,2,5,59,12,2,Female,20s,Needs Improvement
E2832,Engineering,High School,Remote,13,49,3,2,5,4,54,18,0,Male,40s,Exceeds Expectations
E2833,HR,Bachelor's,Remote,3,34,4,2,3,7,46,4,3,Male,40s,Needs Improvement
E2834,Operations,PhD,Hybrid,3,23,3,4,4,5,72,18,10,Female,20s,Meets Expectations
E2835,Sales,Bachelor's,Hybrid,8,28,3,2,4,8,57,5,3,Male,40s,Meets Expectations
E2836,Engineering,Master's,Hybrid,4,33,3,4,3,7,52,18,4,Female,30s,Meets Expectations
E2837,Sales,PhD,On-site,5,47,4,5,3,7,74,18,7,Female,40s,Exceeds Expectations
E2838,Operations,Master's,On-site,3,56,3,3,3,6,64,25,4,Female,30s,Needs Improvement
E2839,Operations,Bachelor's,Remote,15,0,5,4,4,4,73,42,6,Female,40s,Needs Improvement
E2840,Engineering,Bachelor's,Hybrid,3,45,3,3,3,7,65,5,6,Female,30s,Meets Expectations
E2841,Marketing,Master's,On-site,3,50,3,3,3,3,73,16,5,Male,30s,Meets Expectations
E2842,Operations,Bachelor's,Hybrid,11,43,4,3,3,7,44,7,4,Female,40s,Meets Expectations
E2843,Finance,Master's,On-site,9,32,2,2,4,3,90,3,6,Female,40s,Meets Expectations
E2844,HR,Bachelor's,On-site,4,68,5,2,3,6,39,12,5,Female,40s,Meets Expectations
E2845,Finance,Master's,Hybrid,5,67,2,2,3,5,81,15,4,Female,30s,Exceeds Expectations
E2846,Marketing,Master's,Hybrid,2,33,4,2,3,6,65,7,4,Female,20s,Needs Improvement
E2847,Engineering,Bachelor's,Hybrid,5,38,5,5,4,6,100,4,7,Female,30s,Exceeds Expectations
E2848,Engineering,Bachelor's,On-site,1,55,3,2,2,6,68,12,7,Female,30s,Meets Expectations
E2849,Sales,High School,Hybrid,3,66,3,2,4,5,78,4,7,Female,40s,Meets Expectations
E2850,Engineering,Master's,On-site,10,24,3,2,3,4,34,8,4,Female,40s,Needs Improvement
E2851,Sales,Bachelor's,Hybrid,2,19,4,2,4,4,87,15,3,Male,30s,Exceeds Expectations
E2852,Operations,Bachelor's,Hybrid,10,45,2,3,4,6,75,12,6,Male,40s,Meets Expectations
E2853,Operations,Master's,On-site,3,18,3,3,3,10,39,16,3,Female,40s,Needs Improvement
E2854,Engineering,Master's,Remote,8,1,3,3,2,9,57,5,8,Male,30s,Needs Improvement
E2855,Engineering,Master's,Hybrid,4,24,2,2,3,5,62,8,5,Male,20s,Needs Improvement
E2856,Marketing,Bachelor's,On-site,15,48,2,3,2,2,85,6,5,Male,50+,Meets Expectations
E2857,HR,PhD,On-site,8,71,3,3,4,4,63,10,6,Male,30s,Exceeds Expectations
E2858,Engineering,Master's,On-site,9,26,3,3,3,5,47,5,4,Male,30s,Needs Improvement
E2859,Operations,High School,On-site,4,38,3,5,2,3,60,8,6,Male,30s,Needs Improvement
E2860,Engineering,PhD,Remote,2,43,3,3,3,5,76,9,4,Female,20s,Meets Expectations
E2861,Engineering,Bachelor's,Hybrid,1,27,3,3,4,1,66,23,4,Male,20s,Meets Expectations
E2862,Finance,Master's,Hybrid,12,25,5,1,5,12,78,6,2,Male,40s,Exceeds Expectations
E2863,Marketing,Master's,Hybrid,5,47,3,3,2,4,28,11,3,Male,20s,Needs Improvement
E2864,Sales,Bachelor's,Remote,20,16,4,1,5,5,97,22,3,Male,50+,Exceeds Expectations
E2865,Finance,Bachelor's,Remote,1,25,2,4,3,4,67,2,7,Non-binary,20s,Needs Improvement
E2866,Operations,High School,On-site,2,36,4,3,2,9,73,13,8,Male,20s,Needs Improvement
E2867,Engineering,Bachelor's,On-site,11,46,4,4,5,6,81,13,5,Male,40s,Exceeds Expectations
E2868,Marketing,Master's,On-site,13,10,3,3,2,6,88,10,6,Male,50+,Exceeds Expectations
E2869,Engineering,Master's,On-site,8,37,3,3,5,6,86,9,3,Male,30s,Exceeds Expectations
E2870,Sales,High School,Hybrid,8,14,3,4,3,2,55,21,2,Male,40s,Meets Expectations
E2871,Sales,Bachelor's,On-site,0,26,4,2,3,5,41,12,12,Male,20s,Needs Improvement
E2872,Sales,Master's,Hybrid,1,56,2,4,2,6,76,10,8,Female,30s,Meets Expectations
E2873,Engineering,Bachelor's,On-site,3,39,4,4,5,7,87,10,5,Male,20s,Exceeds Expectations
E2874,Operations,High School,Hybrid,0,73,4,3,4,1,76,7,6,Male,20s,Meets Expectations
E2875,Sales,High School,On-site,4,39,3,5,3,8,34,6,5,Male,30s,Needs Improvement
E2876,Operations,Bachelor's,On-site,0,59,3,4,3,4,100,6,6,Female,20s,Meets Expectations
E2877,Sales,Bachelor's,Remote,1,56,3,2,4,7,59,8,3,Female,20s,Meets Expectations
E2878,Operations,Master's,Hybrid,2,40,5,4,3,11,82,8,8,Female,30s,Exceeds Expectations
E2879,HR,Bachelor's,Hybrid,5,14,4,3,5,2,37,1,5,Female,20s,Meets Expectations
E2880,Sales,High School,Remote,7,38,2,4,3,6,90,14,5,Male,40s,Exceeds Expectations
E2881,Finance,Master's,On-site,10,29,3,3,3,8,84,3,5,Male,30s,Exceeds Expectations
E2882,Operations,PhD,On-site,5,29,2,1,2,4,61,11,8,Male,40s,Needs Improvement
E2883,HR,Bachelor's,On-site,2,43,1,4,2,8,88,4,5,Female,40s,Meets Expectations
E2884,Sales,Master's,On-site,12,11,2,3,4,7,71,11,3,Male,40s,Meets Expectations
E2885,Marketing,Master's,Remote,7,23,3,3,4,7,81,26,6,Male,30s,Meets Expectations
E2886,Marketing,Master's,Remote,7,20,5,3,4,9,66,3,8,Male,30s,Meets Expectations
E2887,Sales,Bachelor's,On-site,10,35,4,4,3,4,57,10,7,Female,40s,Exceeds Expectations
E2888,Finance,High School,Hybrid,8,25,2,2,2,5,97,10,6,Male,30s,Meets Expectations
E2889,Sales,High School,Remote,4,26,3,4,3,10,75,3,8,Female,30s,Needs Improvement
E2890,Sales,Master's,On-site,7,43,2,2,5,4,46,22,6,Female,30s,Meets Expectations
E2891,Marketing,Master's,On-site,4,31,1,3,3,6,70,3,3,Male,20s,Needs Improvement
E2892,Operations,Bachelor's,Remote,8,40,3,4,3,8,79,2,5,Male,40s,Meets Expectations
E2893,Engineering,High School,Hybrid,4,18,4,4,1,6,86,6,7,Female,30s,Meets Expectations
E2894,Engineering,High School,On-site,1,23,3,3,3,6,100,23,7,Male,30s,Meets Expectations
E2895,Engineering,Bachelor's,Hybrid,2,81,2,3,3,8,78,11,5,Male,30s,Meets Expectations
E2896,Finance,Master's,On-site,2,26,2,3,4,4,56,21,4,Male,20s,Meets Expectations
E2897,Sales,Bachelor's,Hybrid,11,0,3,2,3,4,65,12,5,Female,40s,Needs Improvement
E2898,Sales,Master's,Hybrid,4,47,4,3,2,3,89,16,1,Female,30s,Exceeds Expectations
E2899,Engineering,Bachelor's,On-site,3,26,3,2,3,10,57,4,4,Male,20s,Needs Improvement
E2900,Operations,Master's,Hybrid,4,45,4,2,3,3,71,2,6,Male,40s,Meets Expectations
E2901,Sales,Master's,Hybrid,2,38,3,5,3,4,60,15,6,Male,30s,Meets Expectations
E2902,Marketing,Bachelor's,Hybrid,1,51,4,1,3,8,63,5,6,Female,20s,Meets Expectations
E2903,Engineering,Master's,Hybrid,7,38,2,4,4,8,64,2,6,Female,40s,Meets Expectations
E2904,Engineering,Master's,Hybrid,2,35,3,2,3,4,72,14,9,Female,30s,Needs Improvement
E2905,Engineering,PhD,On-site,4,63,2,2,4,3,66,12,4,Male,30s,Needs Improvement
E2906,Sales,Bachelor's,On-site,4,0,4,2,3,6,42,28,7,Male,30s,Needs Improvement
E2907,Sales,Bachelor's,Hybrid,12,13,3,2,2,2,88,7,7,Female,40s,Meets Expectations
E2908,Engineering,Bachelor's,Hybrid,9,23,1,4,3,5,86,8,6,Male,30s,Meets Expectations
E2909,Sales,Master's,On-site,2,6,4,4,4,11,71,14,4,Male,20s,Exceeds Expectations
E2910,Engineering,Bachelor's,Remote,8,30,4,3,5,10,88,28,5,Female,40s,Exceeds Expectations
E2911,Sales,PhD,Remote,3,28,2,5,3,8,80,20,7,Female,30s,Meets Expectations
E2912,Engineering,Bachelor's,On-site,12,59,4,3,3,8,81,4,5,Male,50+,Meets Expectations
E2913,Engineering,Master's,On-site,4,38,3,3,4,9,73,7,5,Male,30s,Meets Expectations
E2914,Engineering,Bachelor's,Hybrid,0,36,1,3,5,7,80,11,2,Female,20s,Meets Expectations
E2915,Finance,High School,On-site,10,32,5,2,3,2,52,9,4,Female,30s,Meets Expectations
E2916,Operations,Bachelor's,Remote,10,19,3,3,3,9,63,4,2,Male,50+,Meets Expectations
E2917,Marketing,Bachelor's,Hybrid,10,58,4,4,4,12,45,26,2,Female,50+,Meets Expectations
E2918,Engineering,Master's,On-site,4,64,3,4,4,6,49,7,4,Male,50+,Meets Expectations
E2919,Operations,Bachelor's,Hybrid,3,16,3,4,4,2,88,2,5,Male,20s,Meets Expectations
E2920,Operations,High School,On-site,4,72,3,2,4,1,75,8,1,Female,40s,Meets Expectations
E2921,Sales,Master's,Hybrid,3,27,2,4,4,5,60,16,4,Male,30s,Meets Expectations
E2922,Engineering,Bachelor's,On-site,9,25,5,4,4,8,53,22,5,Male,30s,Exceeds Expectations
E2923,Finance,Bachelor's,Remote,1,49,4,4,3,5,46,6,2,Male,20s,Meets Expectations
E2924,Operations,Master's,Hybrid,5,51,4,2,3,6,49,10,3,Female,30s,Meets Expectations
E2925,Finance,High School,Remote,2,39,3,2,3,7,58,9,7,Male,30s,Needs Improvement
E2926,Marketing,High School,On-site,11,33,3,4,4,2,23,10,1,Male,40s,Meets Expectations
E2927,Marketing,Bachelor's,On-site,13,63,4,4,4,5,82,26,5,Female,40s,Exceeds Expectations
E2928,Operations,Bachelor's,Remote,6,28,4,3,4,6,73,4,6,Female,30s,Meets Expectations
E2929,Engineering,Bachelor's,On-site,1,39,3,4,3,2,75,33,6,Male,20s,Needs Improvement
E2930,Engineering,Master's,On-site,4,74,2,4,4,6,78,1,3,Female,30s,Meets Expectations
E2931,Operations,Bachelor's,Remote,4,13,2,3,3,4,67,8,9,Female,20s,Needs Improvement
E2932,Engineering,PhD,Hybrid,13,31,3,2,3,5,71,21,10,Female,40s,Meets Expectations
E2933,Sales,High School,Remote,12,61,3,2,5,6,67,24,7,Male,40s,Meets Expectations
E2934,Sales,High School,Hybrid,14,51,4,3,4,5,91,20,8,Male,40s,Exceeds Expectations
E2935,Engineering,Bachelor's,Hybrid,3,58,4,3,3,3,54,7,6,Female,20s,Meets Expectations
E2936,Engineering,High School,Hybrid,0,14,3,3,2,5,81,24,5,Female,20s,Meets Expectations
E2937,Marketing,Bachelor's,Hybrid,0,46,3,3,3,8,51,25,7,Male,20s,Needs Improvement
E2938,Sales,Master's,On-site,13,34,2,3,3,9,49,20,1,Male,40s,Meets Expectations
E2939,HR,Master's,Remote,6,85,4,4,2,9,44,2,8,Female,30s,Meets Expectations
E2940,Sales,Master's,On-site,3,56,3,2,3,7,37,5,6,Female,20s,Needs Improvement
E2941,Operations,High School,Hybrid,6,40,4,4,1,9,72,12,3,Male,50+,Meets Expectations
E2942,Marketing,Master's,Remote,10,46,4,4,4,7,51,18,4,Female,40s,Meets Expectations
E2943,Operations,Bachelor's,Hybrid,7,41,3,4,4,6,73,4,3,Female,30s,Meets Expectations
E2944,Sales,Master's,On-site,7,54,2,3,5,8,94,7,7,Male,30s,Exceeds Expectations
E2945,Engineering,Master's,Hybrid,2,23,5,3,4,7,61,8,5,Male,30s,Meets Expectations
E2946,Operations,Bachelor's,Hybrid,3,67,4,4,3,6,74,9,6,Female,30s,Meets Expectations
E2947,Operations,Bachelor's,On-site,9,14,3,3,4,4,84,12,5,Male,50+,Meets Expectations
E2948,Engineering,Master's,On-site,3,44,5,3,3,4,73,15,3,Male,40s,Exceeds Expectations
E2949,Marketing,Bachelor's,Hybrid,13,24,3,2,2,5,70,1,5,Non-binary,40s,Needs Improvement
E2950,Marketing,Master's,Hybrid,8,41,4,3,3,6,41,15,4,Male,40s,Meets Expectations
E2951,Engineering,PhD,Remote,1,60,3,2,4,4,70,16,4,Male,20s,Meets Expectations
E2952,HR,Bachelor's,On-site,5,6,3,5,3,8,78,7,5,Female,40s,Meets Expectations
E2953,Engineering,Bachelor's,On-site,4,37,3,1,2,8,97,18,4,Female,30s,Meets Expectations
E2954,Engineering,Bachelor's,On-site,0,11,3,2,3,3,62,6,4,Male,20s,Needs Improvement
E2955,Operations,Master's,Remote,0,34,4,4,4,7,88,19,5,Female,20s,Exceeds Expectations
E2956,HR,Bachelor's,Remote,1,11,3,3,3,11,58,10,5,Male,20s,Needs Improvement
E2957,Operations,Bachelor's,Remote,4,43,4,3,5,6,83,5,2,Female,40s,Exceeds Expectations
E2958,Finance,Bachelor's,Hybrid,9,31,3,4,3,7,55,19,5,Male,30s,Meets Expectations
E2959,Operations,PhD,On-site,10,55,2,4,4,3,70,18,9,Male,30s,Exceeds Expectations
E2960,Sales,Master's,Hybrid,7,65,4,3,2,6,58,22,4,Female,50+,Meets Expectations
E2961,Sales,Bachelor's,On-site,2,40,4,4,4,4,68,13,3,Male,20s,Meets Expectations
E2962,Sales,PhD,On-site,2,58,5,2,3,6,68,11,8,Male,30s,Meets Expectations
E2963,Marketing,Master's,On-site,7,68,3,3,3,12,69,6,8,Male,30s,Meets Expectations
E2964,HR,PhD,On-site,1,22,3,4,5,10,55,4,4,Male,20s,Exceeds Expectations
E2965,Finance,Bachelor's,On-site,8,69,4,5,3,6,67,29,9,Male,30s,Exceeds Expectations
E2966,Sales,Bachelor's,Remote,1,39,4,2,2,9,73,2,6,Female,20s,Meets Expectations
E2967,Engineering,Master's,Hybrid,5,20,4,2,2,9,63,13,3,Male,40s,Meets Expectations
E2968,Operations,Bachelor's,Hybrid,3,46,4,4,4,3,54,3,7,Male,30s,Meets Expectations
E2969,Operations,Bachelor's,On-site,5,39,3,3,4,5,56,13,2,Female,50+,Meets Expectations
E2970,Sales,Master's,Hybrid,4,12,4,2,3,8,84,20,5,Male,30s,Meets Expectations
E2971,Finance,Bachelor's,Hybrid,3,18,3,2,2,11,68,14,5,Male,40s,Meets Expectations
E2972,HR,Bachelor's,On-site,3,73,2,3,5,7,90,3,4,Female,30s,Exceeds Expectations
E2973,Finance,Bachelor's,On-site,9,46,2,4,5,9,64,9,4,Female,30s,Exceeds Expectations
E2974,Sales,Bachelor's,On-site,1,70,3,3,4,7,66,13,7,Female,30s,Meets Expectations
E2975,HR,High School,Remote,8,32,3,4,2,7,77,4,5,Female,30s,Meets Expectations
E2976,Engineering,Bachelor's,Remote,2,24,5,3,5,6,77,9,8,Male,30s,Exceeds Expectations
E2977,Engineering,Bachelor's,On-site,3,6,3,4,4,4,89,10,11,Female,20s,Meets Expectations
E2978,Operations,Master's,Hybrid,5,59,3,3,3,5,33,6,6,Male,30s,Needs Improvement
E2979,Sales,Bachelor's,On-site,6,48,3,3,4,14,76,8,4,Male,30s,Exceeds Expectations
E2980,Engineering,Bachelor's,On-site,7,32,4,4,3,4,51,16,5,Male,50+,Meets Expectations
E2981,Engineering,Master's,Hybrid,3,24,4,2,3,5,66,9,6,Male,30s,Meets Expectations
E2982,Sales,Bachelor's,Hybrid,14,63,3,3,4,3,50,18,7,Male,50+,Meets Expectations
E2983,Finance,Bachelor's,Hybrid,6,36,2,3,2,10,71,17,3,Female,30s,Meets Expectations
E2984,Sales,Bachelor's,On-site,8,37,3,4,2,6,51,19,9,Female,30s,Needs Improvement
E2985,Finance,Master's,Hybrid,0,28,2,4,4,6,38,10,5,Female,20s,Needs Improvement
E2986,Operations,High School,On-site,3,32,3,2,4,6,49,15,7,Female,30s,Needs Improvement
E2987,Sales,Bachelor's,On-site,9,51,3,2,2,5,86,18,10,Female,30s,Exceeds Expectations
E2988,Operations,Bachelor's,On-site,12,12,3,3,3,7,79,14,6,Male,50+,Meets Expectations
E2989,Engineering,Master's,On-site,7,42,5,2,2,8,88,20,7,Female,30s,Exceeds Expectations
E2990,Sales,Master's,On-site,7,59,4,4,3,10,37,2,9,Female,40s,Meets Expectations
E2991,Engineering,PhD,On-site,5,38,3,3,3,6,96,27,6,Female,40s,Exceeds Expectations
E2992,Engineering,Master's,Hybrid,17,61,2,2,4,10,100,12,6,Female,50+,Exceeds Expectations
E2993,Engineering,Bachelor's,On-site,6,67,3,2,3,9,51,15,7,Male,30s,Meets Expectations
E2994,Engineering,Bachelor's,On-site,6,58,3,4,3,4,74,40,6,Female,50+,Needs Improvement
E2995,Operations,High School,Remote,6,29,3,3,3,10,58,20,6,Female,30s,Meets Expectations
E2996,HR,Bachelor's,Remote,3,39,3,2,2,6,80,6,6,Female,20s,Meets Expectations
E2997,Operations,High School,On-site,1,47,2,3,3,9,94,19,3,Male,20s,Meets Expectations
E2998,HR,Bachelor's,On-site,11,31,3,2,4,9,52,32,5,Female,50+,Meets Expectations
E2999,Marketing,Master's,On-site,10,30,3,3,4,5,47,13,3,Male,40s,Meets Expectations
E3000,Engineering,Master's,Remote,3,29,3,5,4,6,64,9,6,Male,30s,Meets Expectations
E3001,HR,Bachelor's,On-site,10,91,3,5,4,8,100,27,7,Male,40s,Exceeds Expectations
E3002,Sales,Bachelor's,On-site,10,35,3,3,5,5,81,14,6,Female,40s,Exceeds Expectations
E3003,Operations,Bachelor's,Hybrid,7,61,3,4,2,9,76,5,4,Male,50+,Meets Expectations
E3004,Operations,Bachelor's,Hybrid,1,23,3,4,4,7,84,8,3,Female,20s,Exceeds Expectations
E3005,Engineering,Bachelor's,On-site,4,74,4,1,4,5,87,13,6,Male,30s,Exceeds Expectations
E3006,Marketing,Bachelor's,On-site,3,32,3,2,3,6,73,2,3,Male,30s,Meets Expectations
E3007,Marketing,Bachelor's,Hybrid,0,41,2,1,3,6,67,20,7,Female,20s,Meets Expectations
E3008,Marketing,PhD,On-site,10,3,2,4,4,4,59,6,5,Female,40s,Meets Expectations
E3009,Engineering,Bachelor's,On-site,4,62,3,5,4,7,72,10,5,Male,30s,Meets Expectations
E3010,Marketing,Bachelor's,Remote,9,67,2,4,2,2,86,21,4,Male,40s,Meets Expectations
E3011,Operations,High School,Hybrid,20,16,2,3,2,1,85,18,6,Female,50+,Needs Improvement
E3012,Sales,Bachelor's,Hybrid,6,63,4,3,3,8,59,15,8,Male,30s,Exceeds Expectations
E3013,HR,Bachelor's,Hybrid,6,13,5,3,3,8,66,3,4,Female,30s,Meets Expectations
E3014,Engineering,PhD,Hybrid,4,53,4,4,4,3,49,14,5,Male,30s,Meets Expectations
E3015,Operations,Bachelor's,On-site,7,34,3,3,3,5,85,6,2,Male,40s,Meets Expectations
E3016,Engineering,Bachelor's,Hybrid,4,67,2,3,3,5,76,7,6,Female,30s,Meets Expectations
E3017,Engineering,PhD,On-site,1,45,3,2,2,3,64,17,5,Female,30s,Needs Improvement
E3018,Sales,Bachelor's,On-site,12,59,2,4,2,5,61,5,7,Female,40s,Meets Expectations
E3019,Operations,Bachelor's,On-site,5,65,3,3,3,9,52,15,8,Male,30s,Meets Expectations
E3020,Finance,Bachelor's,Hybrid,0,34,3,4,3,10,69,26,7,Female,20s,Meets Expectations
E3021,Engineering,Bachelor's,Hybrid,1,39,1,4,3,6,92,10,6,Female,20s,Meets Expectations
E3022,Engineering,PhD,Hybrid,7,18,5,2,4,4,55,23,6,Male,50+,Exceeds Expectations
E3023,Finance,High School,Hybrid,5,34,2,3,2,3,46,9,2,Female,40s,Needs Improvement
E3024,Sales,Master's,Remote,3,79,3,3,3,6,70,7,4,Female,20s,Meets Expectations
E3025,Engineering,Bachelor's,On-site,5,55,3,3,3,8,87,7,4,Male,30s,Exceeds Expectations
E3026,Operations,Master's,On-site,3,19,3,2,2,4,83,18,7,Male,30s,Needs Improvement
E3027,Engineering,Master's,Hybrid,4,73,4,2,4,6,87,9,6,Male,40s,Exceeds Expectations
E3028,HR,Master's,Hybrid,2,48,3,2,1,6,60,7,8,Female,20s,Needs Improvement
E3029,Engineering,Master's,Hybrid,1,57,4,4,3,3,82,28,5,Male,20s,Meets Expectations
E3030,Finance,Master's,On-site,6,50,4,4,4,5,74,26,3,Male,30s,Meets Expectations
E3031,Finance,High School,Remote,5,48,2,4,1,7,64,10,4,Female,30s,Meets Expectations
E3032,Sales,High School,Hybrid,8,0,4,1,4,6,68,9,3,Male,40s,Meets Expectations
E3033,Marketing,Bachelor's,Remote,2,62,2,5,2,7,81,2,5,Female,20s,Meets Expectations
E3034,Operations,Bachelor's,Hybrid,7,0,2,3,3,5,77,9,3,Female,30s,Meets Expectations
E3035,Operations,Bachelor's,Remote,15,60,4,5,5,4,77,2,4,Male,40s,Exceeds Expectations
E3036,Sales,Master's,On-site,10,42,3,4,3,6,79,14,6,Female,40s,Exceeds Expectations
E3037,Sales,Master's,Hybrid,3,57,4,3,5,8,62,2,6,Male,30s,Exceeds Expectations
E3038,Operations,PhD,On-site,3,43,4,5,3,5,47,10,5,Female,30s,Meets Expectations
E3039,Engineering,Bachelor's,On-site,2,61,2,4,3,8,57,11,4,Female,20s,Meets Expectations
E3040,Engineering,Master's,On-site,4,40,4,3,4,5,82,13,5,Female,30s,Exceeds Expectations
E3041,Engineering,Master's,On-site,10,46,4,3,4,5,45,53,5,Female,40s,Needs Improvement
E3042,Operations,PhD,Hybrid,3,48,3,4,4,8,68,2,3,Male,30s,Meets Expectations
E3043,Engineering,Master's,Hybrid,1,78,3,3,3,3,70,29,6,Male,20s,Meets Expectations
E3044,Sales,Bachelor's,On-site,3,52,4,3,2,10,80,24,3,Male,30s,Meets Expectations
E3045,Marketing,High School,On-site,7,14,3,3,2,8,48,12,7,Female,30s,Needs Improvement
E3046,Engineering,PhD,On-site,5,29,5,2,5,8,32,27,5,Female,30s,Meets Expectations
E3047,Sales,Master's,Hybrid,11,52,5,3,5,4,59,27,3,Female,40s,Exceeds Expectations
E3048,Sales,Master's,On-site,4,65,3,5,4,6,77,20,3,Female,40s,Exceeds Expectations
E3049,Engineering,Master's,Hybrid,7,26,3,4,2,7,90,6,4,Female,40s,Meets Expectations
E3050,Operations,Master's,On-site,16,85,3,3,3,10,57,7,3,Female,40s,Meets Expectations
E3051,Engineering,Master's,Hybrid,11,44,3,3,3,7,55,18,4,Female,40s,Meets Expectations
E3052,Operations,Master's,Hybrid,3,48,3,3,3,4,72,6,7,Male,20s,Meets Expectations
E3053,Sales,Master's,Hybrid,3,15,4,3,3,6,100,5,4,Female,20s,Meets Expectations
E3054,Engineering,Bachelor's,Hybrid,2,62,2,5,4,7,75,15,6,Female,30s,Meets Expectations
E3055,Engineering,High School,Remote,6,31,4,3,4,5,77,8,7,Female,30s,Meets Expectations
E3056,HR,High School,On-site,2,25,4,4,5,6,99,4,6,Male,20s,Exceeds Expectations
E3057,Sales,Bachelor's,On-site,4,34,4,3,3,7,83,4,4,Male,30s,Exceeds Expectations
E3058,Engineering,Master's,Remote,4,68,3,2,4,4,71,23,7,Female,30s,Meets Expectations
E3059,Operations,Master's,Remote,3,49,4,3,4,3,50,28,4,Male,30s,Meets Expectations
E3060,Sales,Bachelor's,Hybrid,3,22,5,2,4,9,69,3,1,Male,30s,Exceeds Expectations
E3061,Operations,Bachelor's,On-site,12,29,3,4,2,5,80,17,7,Female,40s,Meets Expectations
E3062,Engineering,Bachelor's,On-site,6,68,3,2,4,5,51,28,5,Female,30s,Needs Improvement
E3063,Engineering,Master's,Remote,4,35,5,3,4,4,83,12,1,Non-binary,50+,Exceeds Expectations
E3064,Marketing,Bachelor's,Hybrid,5,51,4,4,4,7,66,1,6,Female,30s,Exceeds Expectations
E3065,Engineering,High School,On-site,7,56,2,3,3,4,65,10,1,Female,30s,Meets Expectations
E3066,Engineering,Bachelor's,On-site,4,0,4,3,5,3,53,15,3,Male,30s,Meets Expectations
E3067,Engineering,Bachelor's,Hybrid,5,65,4,1,3,4,74,8,4,Female,30s,Meets Expectations
E3068,Engineering,Bachelor's,Hybrid,8,23,3,3,3,5,79,40,5,Male,40s,Meets Expectations
E3069,Finance,Master's,Remote,17,33,2,4,3,2,51,11,4,Male,50+,Meets Expectations
E3070,Sales,PhD,Hybrid,3,71,4,3,3,4,76,24,3,Male,20s,Exceeds Expectations
E3071,Operations,High School,On-site,12,69,3,4,4,8,82,10,5,Male,40s,Exceeds Expectations
E3072,Engineering,Bachelor's,On-site,3,50,2,3,3,5,81,26,6,Male,30s,Meets Expectations
E3073,Sales,Bachelor's,Hybrid,1,55,3,4,4,6,72,4,8,Female,20s,Meets Expectations
E3074,Sales,Bachelor's,On-site,12,60,3,2,3,5,63,4,9,Male,40s,Meets Expectations
E3075,HR,Bachelor's,On-site,9,69,3,3,3,4,64,2,9,Female,40s,Meets Expectations
E3076,Operations,High School,On-site,3,71,4,2,2,5,46,0,5,Female,20s,Meets Expectations
E3077,Operations,High School,On-site,3,42,2,3,5,5,58,12,8,Non-binary,30s,Needs Improvement
E3078,Engineering,Master's,Remote,0,25,2,3,3,6,63,4,7,Male,20s,Needs Improvement
E3079,Sales,High School,On-site,1,35,3,4,5,12,55,4,2,Male,20s,Exceeds Expectations
E3080,Operations,Master's,Hybrid,3,43,5,3,3,11,70,12,7,Male,40s,Exceeds Expectations
E3081,Engineering,Bachelor's,Hybrid,6,39,5,3,4,14,92,22,4,Female,30s,Exceeds Expectations
E3082,HR,Bachelor's,On-site,1,20,3,3,3,5,95,20,7,Male,20s,Meets Expectations
E3083,Engineering,High School,Hybrid,7,49,3,3,5,5,59,3,4,Female,30s,Meets Expectations
E3084,Sales,High School,Remote,3,9,1,5,4,9,96,10,4,Female,30s,Meets Expectations
E3085,Sales,Bachelor's,Hybrid,3,42,4,1,4,7,86,4,6,Female,30s,Exceeds Expectations
E3086,Sales,Master's,Hybrid,7,43,4,3,3,12,57,11,9,Male,40s,Meets Expectations
E3087,Operations,Master's,Remote,1,42,4,4,5,8,76,24,6,Male,20s,Exceeds Expectations
E3088,HR,High School,Remote,3,57,2,3,5,5,68,5,2,Non-binary,20s,Meets Expectations
E3089,Operations,High School,Remote,9,54,5,4,3,2,35,14,6,Male,30s,Meets Expectations
E3090,Finance,Bachelor's,Hybrid,8,84,5,4,4,9,48,22,4,Female,40s,Exceeds Expectations
E3091,Sales,Master's,Hybrid,15,30,4,3,4,7,79,14,10,Female,40s,Exceeds Expectations
E3092,HR,Bachelor's,Hybrid,4,46,4,3,2,10,43,21,8,Female,30s,Needs Improvement
E3093,Sales,Bachelor's,On-site,9,44,3,4,4,4,97,12,5,Female,40s,Exceeds Expectations
E3094,Operations,Master's,Hybrid,2,43,4,4,4,7,84,13,8,Male,20s,Exceeds Expectations
E3095,Engineering,Master's,Remote,4,15,2,3,3,8,79,9,7,Female,50+,Meets Expectations
E3096,Operations,Master's,On-site,3,16,1,4,1,6,43,2,4,Male,20s,Needs Improvement
E3097,Marketing,Bachelor's,Remote,10,40,2,4,4,6,85,6,4,Female,40s,Meets Expectations
E3098,Marketing,Bachelor's,Remote,3,8,2,3,2,4,83,33,6,Female,30s,Needs Improvement
E3099,HR,Bachelor's,On-site,17,33,3,4,2,7,82,17,6,Male,50+,Meets Expectations
E3100,HR,Master's,On-site,5,27,4,4,4,13,83,7,7,Male,40s,Exceeds Expectations
E3101,Marketing,Master's,Remote,3,34,3,3,5,7,96,24,4,Female,20s,Exceeds Expectations
E3102,Marketing,High School,On-site,3,63,3,4,3,4,56,14,4,Male,30s,Meets Expectations
E3103,Engineering,Master's,Hybrid,12,18,2,2,4,5,65,3,8,Male,40s,Meets Expectations
E3104,Marketing,Bachelor's,On-site,6,57,2,3,4,7,54,10,4,Female,40s,Needs Improvement
E3105,Sales,Master's,On-site,2,29,3,4,2,7,80,6,3,Female,30s,Meets Expectations
E3106,Marketing,High School,On-site,7,31,3,2,3,8,64,8,2,Male,30s,Meets Expectations
E3107,HR,Bachelor's,On-site,4,49,3,4,4,10,47,18,4,Female,40s,Meets Expectations
E3108,Engineering,High School,Remote,9,35,4,3,3,4,69,2,8,Female,30s,Meets Expectations
E3109,Finance,Master's,On-site,1,22,5,5,4,5,36,6,6,Female,20s,Exceeds Expectations
E3110,Sales,High School,On-site,2,33,3,4,3,5,69,5,7,Male,20s,Meets Expectations
E3111,HR,Bachelor's,Hybrid,3,4,5,3,4,7,70,2,3,Non-binary,30s,Meets Expectations
E3112,Marketing,Master's,Remote,15,48,4,3,4,5,61,6,4,Female,40s,Meets Expectations
E3113,Marketing,Master's,On-site,12,0,4,3,3,3,84,20,2,Male,50+,Meets Expectations
E3114,Finance,Bachelor's,Hybrid,12,58,4,5,4,4,39,10,14,Male,40s,Meets Expectations
E3115,Engineering,Master's,On-site,3,52,4,3,1,5,70,3,5,Female,30s,Needs Improvement
E3116,Engineering,Master's,Remote,12,72,2,3,2,2,71,23,1,Male,40s,Meets Expectations
E3117,Marketing,Bachelor's,Hybrid,3,84,4,3,3,5,67,2,5,Non-binary,30s,Meets Expectations
E3118,Engineering,Bachelor's,Remote,6,59,3,3,4,11,88,21,3,Male,30s,Exceeds Expectations
E3119,Engineering,High School,Hybrid,2,27,4,2,2,4,58,10,7,Male,20s,Needs Improvement
E3120,Engineering,Bachelor's,Remote,1,83,3,3,3,9,66,10,8,Female,20s,Meets Expectations
E3121,Sales,High School,On-site,10,16,4,2,4,7,70,29,7,Female,30s,Meets Expectations
E3122,Operations,Bachelor's,Hybrid,10,2,4,2,4,5,62,9,5,Female,30s,Meets Expectations
E3123,Engineering,Bachelor's,Hybrid,6,77,2,4,3,6,43,11,4,Male,40s,Needs Improvement
E3124,Sales,Bachelor's,On-site,11,52,5,3,3,4,92,12,2,Female,40s,Exceeds Expectations
E3125,Operations,Master's,Remote,3,2,4,2,3,5,55,24,5,Male,30s,Needs Improvement
E3126,Operations,Master's,Hybrid,4,13,3,3,4,4,56,12,2,Male,40s,Meets Expectations
E3127,Engineering,Bachelor's,Remote,2,51,2,3,3,6,32,7,2,Female,30s,Needs Improvement
E3128,Operations,Master's,On-site,6,23,4,3,1,1,69,9,4,Male,40s,Needs Improvement
E3129,Engineering,Bachelor's,Remote,1,25,2,2,4,6,71,2,6,Female,20s,Meets Expectations
E3130,Finance,Bachelor's,On-site,5,79,4,2,5,13,88,6,6,Female,30s,Exceeds Expectations
E3131,Engineering,Bachelor's,Remote,4,83,4,2,2,4,62,20,11,Male,40s,Needs Improvement
E3132,Sales,Bachelor's,On-site,4,43,3,2,5,3,72,3,2,Female,30s,Meets Expectations
E3133,Engineering,Bachelor's,Hybrid,8,37,3,2,4,6,84,15,1,Female,30s,Meets Expectations
E3134,Finance,Master's,On-site,4,58,3,2,2,4,90,2,5,Non-binary,30s,Meets Expectations
E3135,Engineering,Bachelor's,Hybrid,2,29,2,4,3,4,74,11,6,Male,30s,Meets Expectations
E3136,Sales,Bachelor's,On-site,2,0,4,5,3,3,62,15,1,Male,20s,Meets Expectations
E3137,Finance,Bachelor's,Remote,6,0,4,4,4,4,87,11,4,Female,40s,Exceeds Expectations
E3138,Engineering,Bachelor's,Remote,12,39,4,3,3,8,88,27,5,Female,40s,Exceeds Expectations
E3139,Operations,Master's,On-site,8,58,2,3,4,8,40,10,9,Female,40s,Needs Improvement
E3140,Sales,Master's,Remote,9,40,4,3,4,8,74,9,4,Female,50+,Exceeds Expectations
E3141,Engineering,Master's,Hybrid,2,56,2,3,2,3,84,11,5,Non-binary,30s,Needs Improvement
E3142,Engineering,Bachelor's,Hybrid,21,58,4,5,2,6,80,16,4,Female,50+,Exceeds Expectations
E3143,Sales,Bachelor's,On-site,7,68,2,5,4,4,64,19,5,Male,30s,Exceeds Expectations
E3144,Engineering,Bachelor's,On-site,7,44,5,2,3,5,60,16,2,Female,30s,Meets Expectations
E3145,HR,Master's,On-site,6,46,3,5,3,6,90,39,4,Male,30s,Meets Expectations
E3146,Marketing,Bachelor's,Hybrid,10,39,4,3,4,2,72,11,7,Female,30s,Exceeds Expectations
E3147,Sales,Bachelor's,Hybrid,5,35,4,3,4,6,65,31,3,Female,40s,Meets Expectations
E3148,Sales,Bachelor's,Hybrid,7,9,2,3,2,8,66,7,5,Female,30s,Needs Improvement
E3149,Operations,Master's,Remote,9,63,4,5,1,8,68,9,6,Male,50+,Meets Expectations
E3150,Sales,High School,On-site,6,32,3,3,3,6,66,16,2,Male,30s,Meets Expectations
E3151,Marketing,PhD,Remote,3,31,3,4,3,5,86,6,8,Male,30s,Meets Expectations
E3152,Operations,High School,Remote,4,29,3,4,3,5,75,9,5,Female,20s,Meets Expectations
E3153,Engineering,Bachelor's,Hybrid,9,13,5,4,3,9,74,27,3,Male,40s,Meets Expectations
E3154,Marketing,Bachelor's,Hybrid,3,38,2,4,3,4,65,20,1,Male,30s,Meets Expectations
E3155,Operations,Bachelor's,On-site,3,50,4,4,5,9,77,4,7,Female,30s,Exceeds Expectations
E3156,HR,Bachelor's,Remote,2,26,3,3,3,7,54,17,2,Male,20s,Needs Improvement
E3157,Operations,Master's,Hybrid,18,61,4,1,3,2,71,9,5,Male,50+,Exceeds Expectations
E3158,Sales,Bachelor's,Remote,7,33,5,5,3,7,42,2,1,Male,30s,Meets Expectations
E3159,Marketing,Bachelor's,On-site,1,9,3,2,4,5,64,13,3,Non-binary,20s,Meets Expectations
E3160,Sales,High School,Hybrid,3,67,3,3,3,5,60,24,3,Male,30s,Needs Improvement
E3161,Engineering,Bachelor's,Hybrid,6,44,3,3,5,7,68,33,4,Female,30s,Meets Expectations
E3162,Operations,PhD,Hybrid,6,57,4,3,2,2,61,3,6,Female,40s,Meets Expectations
E3163,Engineering,Bachelor's,Hybrid,7,58,3,2,2,7,76,0,2,Female,40s,Meets Expectations
E3164,Operations,Master's,On-site,3,21,4,4,2,6,57,21,9,Female,40s,Needs Improvement
E3165,Marketing,Bachelor's,On-site,2,30,3,4,3,2,82,21,6,Female,30s,Meets Expectations
E3166,Operations,Bachelor's,On-site,5,61,5,4,4,9,93,9,3,Male,30s,Exceeds Expectations
E3167,Operations,Master's,On-site,4,77,1,4,3,2,51,20,3,Male,20s,Needs Improvement
E3168,Marketing,High School,On-site,2,41,4,3,4,6,78,18,6,Male,30s,Exceeds Expectations
E3169,Operations,Master's,On-site,2,27,3,3,4,5,64,9,6,Non-binary,20s,Meets Expectations
E3170,Finance,Bachelor's,On-site,2,74,3,4,3,3,83,7,5,Female,20s,Meets Expectations
E3171,HR,Bachelor's,Hybrid,14,27,4,3,4,5,51,9,6,Female,40s,Meets Expectations
E3172,Marketing,Master's,Hybrid,7,47,3,3,3,9,87,4,3,Male,40s,Exceeds Expectations
E3173,Engineering,Bachelor's,On-site,3,31,4,4,3,10,62,7,5,Male,40s,Meets Expectations
E3174,Engineering,PhD,On-site,7,45,4,3,3,5,64,8,6,Male,30s,Meets Expectations
E3175,Engineering,PhD,Hybrid,7,21,5,3,4,6,64,17,11,Male,40s,Exceeds Expectations
E3176,Sales,Bachelor's,On-site,0,33,1,3,4,8,50,4,11,Female,20s,Needs Improvement
E3177,Engineering,Bachelor's,On-site,5,27,5,4,2,11,81,6,4,Male,40s,Exceeds Expectations
E3178,HR,Master's,Hybrid,2,53,5,4,3,7,58,14,4,Male,30s,Meets Expectations
E3179,Marketing,Bachelor's,Remote,6,43,2,3,4,7,76,8,4,Female,40s,Meets Expectations
E3180,Marketing,Master's,On-site,8,58,3,2,5,4,64,3,10,Male,30s,Meets Expectations
E3181,Operations,High School,Remote,2,23,5,3,4,8,65,11,4,Female,20s,Meets Expectations
E3182,Operations,Bachelor's,On-site,0,36,4,3,3,4,84,11,7,Female,20s,Meets Expectations
E3183,Operations,Bachelor's,On-site,3,53,5,2,3,5,44,28,7,Female,30s,Meets Expectations
E3184,Marketing,Master's,On-site,10,57,4,3,4,8,31,2,4,Male,40s,Meets Expectations
E3185,Engineering,Master's,Hybrid,3,11,1,4,3,6,57,21,7,Male,40s,Needs Improvement
E3186,Operations,Bachelor's,Hybrid,1,46,5,4,2,3,66,5,5,Male,20s,Meets Expectations
E3187,Engineering,Bachelor's,Hybrid,3,24,4,2,4,4,64,28,3,Male,20s,Meets Expectations
E3188,Engineering,Bachelor's,Remote,2,58,5,2,4,8,56,16,6,Female,20s,Meets Expectations
E3189,Sales,Bachelor's,Hybrid,7,77,2,4,2,6,95,36,5,Male,30s,Meets Expectations
E3190,Marketing,Bachelor's,On-site,2,0,2,3,2,7,88,10,9,Female,20s,Needs Improvement
E3191,Finance,Bachelor's,Hybrid,1,27,3,4,1,6,25,1,9,Male,20s,Needs Improvement
E3192,Engineering,Bachelor's,On-site,1,45,5,3,3,7,57,14,4,Female,20s,Meets Expectations
E3193,Finance,Bachelor's,Hybrid,4,40,5,4,4,4,74,6,7,Male,30s,Meets Expectations
E3194,Engineering,High School,Remote,1,59,3,2,4,9,73,14,6,Male,20s,Exceeds Expectations
E3195,Sales,Master's,Hybrid,5,42,3,4,4,9,55,5,5,Female,30s,Meets Expectations
E3196,Sales,High School,On-site,14,29,5,1,2,4,89,10,3,Male,40s,Exceeds Expectations
E3197,Sales,PhD,Hybrid,2,20,3,4,3,12,53,12,3,Male,20s,Meets Expectations
E3198,Finance,Bachelor's,On-site,3,16,4,3,5,6,68,16,1,Female,30s,Meets Expectations
E3199,Engineering,High School,On-site,8,25,3,4,3,7,67,10,5,Female,40s,Meets Expectations
E3200,Engineering,Master's,Hybrid,1,29,4,3,4,7,72,3,8,Male,30s,Meets Expectations
E3201,Engineering,Bachelor's,On-site,4,48,2,1,4,11,59,22,7,Female,30s,Needs Improvement
E3202,Finance,Master's,On-site,3,37,2,5,4,6,76,3,9,Female,40s,Meets Expectations
E3203,Operations,Bachelor's,Hybrid,7,27,3,4,4,3,55,2,5,Male,30s,Needs Improvement
E3204,Marketing,Bachelor's,Hybrid,13,20,3,4,4,4,73,7,4,Male,40s,Meets Expectations
E3205,Marketing,Master's,On-site,4,26,3,2,2,5,59,4,5,Female,40s,Needs Improvement
E3206,Operations,Bachelor's,Remote,5,29,4,3,5,2,90,14,5,Male,30s,Exceeds Expectations
E3207,Engineering,Bachelor's,On-site,7,25,5,2,2,4,64,9,4,Male,40s,Meets Expectations
E3208,Engineering,Bachelor's,On-site,9,53,3,3,4,7,71,20,7,Male,30s,Meets Expectations
E3209,HR,Bachelor's,Remote,8,67,2,2,3,7,85,15,4,Male,40s,Meets Expectations
E3210,Engineering,High School,On-site,2,16,3,5,3,5,71,15,4,Female,30s,Meets Expectations
E3211,Sales,Master's,Remote,6,62,2,4,3,3,81,6,3,Female,30s,Meets Expectations
E3212,Sales,Bachelor's,Hybrid,2,54,2,5,4,2,49,5,5,Male,30s,Meets Expectations
E3213,Sales,PhD,Hybrid,8,44,4,3,4,8,77,1,5,Male,40s,Exceeds Expectations
E3214,HR,Bachelor's,On-site,1,71,3,4,3,8,65,18,5,Male,20s,Meets Expectations
E3215,Sales,Bachelor's,On-site,11,37,3,4,3,4,82,21,7,Male,40s,Meets Expectations
E3216,Engineering,Bachelor's,Remote,10,48,1,2,5,5,76,15,7,Female,40s,Meets Expectations
E3217,Operations,Master's,On-site,0,42,3,3,3,9,76,2,6,Male,20s,Needs Improvement
E3218,Finance,Master's,Hybrid,8,41,2,4,3,9,79,8,4,Female,40s,Meets Expectations
E3219,Engineering,Bachelor's,Remote,16,49,3,3,3,9,84,4,5,Male,50+,Exceeds Expectations
E3220,Engineering,Bachelor's,Hybrid,4,41,3,2,5,6,35,11,8,Male,40s,Meets Expectations
E3221,Engineering,Master's,On-site,11,49,3,3,3,9,56,2,6,Male,40s,Meets Expectations
E3222,Engineering,Bachelor's,Hybrid,7,27,3,2,4,6,68,15,4,Female,30s,Meets Expectations
E3223,Engineering,Bachelor's,Hybrid,0,27,2,1,2,11,49,20,9,Male,20s,Needs Improvement
E3224,Engineering,Master's,On-site,0,27,3,2,3,10,64,3,2,Female,20s,Meets Expectations
E3225,Operations,Bachelor's,Remote,6,33,4,3,3,11,71,6,8,Female,30s,Meets Expectations
E3226,Operations,Master's,On-site,4,60,3,4,3,12,93,1,2,Female,30s,Exceeds Expectations
E3227,Operations,Master's,Remote,1,31,2,5,3,6,80,9,4,Female,20s,Meets Expectations
E3228,Marketing,High School,On-site,2,53,2,3,3,11,80,12,6,Female,30s,Meets Expectations
E3229,Finance,Bachelor's,On-site,3,45,3,2,3,5,69,17,4,Female,40s,Meets Expectations
E3230,Finance,Bachelor's,Hybrid,1,31,3,3,5,4,40,7,5,Female,20s,Meets Expectations
E3231,Operations,Master's,On-site,6,66,2,4,2,8,56,12,3,Female,30s,Needs Improvement
E3232,Finance,Bachelor's,On-site,15,55,3,4,4,8,42,6,5,Male,50+,Meets Expectations
E3233,Finance,Bachelor's,On-site,1,40,5,4,4,7,77,12,5,Male,20s,Exceeds Expectations
E3234,Operations,Bachelor's,Remote,8,38,3,4,3,4,70,4,6,Female,40s,Meets Expectations
E3235,HR,High School,On-site,5,42,2,3,3,3,71,10,9,Female,30s,Needs Improvement
E3236,Engineering,High School,Hybrid,9,9,1,4,3,6,76,12,5,Female,40s,Needs Improvement
E3237,Engineering,Bachelor's,Hybrid,4,24,5,2,5,6,61,13,4,Female,40s,Meets Expectations
E3238,Sales,High School,Hybrid,12,49,4,1,3,8,47,7,2,Male,40s,Meets Expectations
E3239,Engineering,High School,On-site,4,8,4,5,5,7,61,22,2,Male,40s,Exceeds Expectations
E3240,Engineering,Bachelor's,On-site,1,25,4,3,4,4,75,4,3,Female,20s,Meets Expectations
E3241,Engineering,Bachelor's,Remote,14,32,4,4,4,8,41,4,4,Female,40s,Meets Expectations
E3242,Sales,High School,Hybrid,2,98,3,1,4,4,71,7,7,Female,20s,Meets Expectations
E3243,Operations,Bachelor's,Remote,5,53,2,5,2,9,49,7,7,Female,30s,Needs Improvement
E3244,Sales,High School,Hybrid,6,62,5,4,4,9,77,3,7,Male,30s,Exceeds Expectations
E3245,Engineering,Bachelor's,Remote,11,24,3,2,2,3,48,7,3,Male,40s,Needs Improvement
E3246,Sales,PhD,Remote,3,47,3,3,4,5,81,26,5,Male,30s,Meets Expectations
E3247,Sales,Bachelor's,Hybrid,3,5,3,3,3,8,46,1,8,Male,20s,Needs Improvement
E3248,Marketing,High School,Remote,1,33,3,2,3,4,53,1,4,Male,20s,Needs Improvement
E3249,Marketing,Bachelor's,On-site,4,50,4,4,5,5,79,10,5,Female,40s,Exceeds Expectations
E3250,Engineering,Master's,On-site,5,12,4,4,3,7,65,4,4,Male,30s,Meets Expectations
E3251,HR,Bachelor's,Hybrid,9,48,3,4,2,4,37,10,5,Male,40s,Needs Improvement
E3252,Engineering,PhD,Hybrid,3,50,3,2,4,2,79,17,5,Female,30s,Meets Expectations
E3253,Marketing,Bachelor's,Hybrid,1,28,4,2,2,6,34,18,2,Male,20s,Needs Improvement
E3254,Operations,High School,Hybrid,10,23,3,3,5,3,65,13,1,Male,40s,Exceeds Expectations
E3255,Operations,Bachelor's,Hybrid,5,26,5,3,3,6,100,8,4,Female,30s,Exceeds Expectations
E3256,Engineering,Master's,Remote,8,33,3,3,2,5,69,8,5,Male,30s,Meets Expectations
E3257,Finance,Bachelor's,On-site,5,34,5,3,4,8,62,3,8,Female,30s,Meets Expectations
E3258,Operations,Master's,On-site,9,50,2,1,4,4,67,8,5,Female,50+,Needs Improvement
E3259,Operations,Master's,Hybrid,2,29,4,4,1,6,51,10,6,Female,20s,Needs Improvement
E3260,Engineering,High School,Hybrid,4,72,2,4,3,8,71,1,3,Male,30s,Meets Expectations
E3261,Sales,High School,Remote,6,72,3,4,4,8,100,6,4,Male,30s,Exceeds Expectations
E3262,Engineering,Bachelor's,On-site,1,45,4,4,4,12,61,17,5,Male,20s,Exceeds Expectations
E3263,Engineering,Bachelor's,On-site,5,33,3,3,3,6,55,5,9,Male,30s,Meets Expectations
E3264,Marketing,Bachelor's,Remote,6,29,5,3,4,5,76,3,5,Female,50+,Meets Expectations
E3265,Sales,Bachelor's,On-site,3,46,4,2,4,4,80,34,3,Male,30s,Meets Expectations
E3266,Engineering,PhD,Hybrid,11,50,3,5,3,11,70,16,6,Female,40s,Exceeds Expectations
E3267,Operations,Bachelor's,On-site,0,36,4,3,3,3,63,7,7,Female,20s,Needs Improvement
E3268,HR,Master's,Hybrid,5,32,3,2,4,9,77,6,5,Male,30s,Meets Expectations
E3269,Operations,Master's,Remote,5,47,4,3,3,3,45,24,9,Female,30s,Meets Expectations
E3270,Operations,High School,Hybrid,3,41,3,1,2,6,60,27,3,Male,20s,Needs Improvement
E3271,Operations,Bachelor's,On-site,8,29,4,3,2,9,31,14,1,Female,40s,Needs Improvement
E3272,Finance,Bachelor's,Hybrid,4,42,3,3,3,4,66,11,4,Male,30s,Meets Expectations
E3273,Engineering,Master's,On-site,6,28,3,3,3,6,65,4,6,Female,30s,Needs Improvement
E3274,Engineering,Bachelor's,On-site,2,25,4,2,3,5,85,3,2,Male,30s,Meets Expectations
E3275,Operations,Master's,Hybrid,0,40,1,4,5,6,54,17,7,Male,20s,Needs Improvement
E3276,Engineering,Bachelor's,Hybrid,2,29,3,3,3,5,85,8,4,Female,20s,Meets Expectations
E3277,Sales,Bachelor's,Hybrid,11,25,3,1,4,6,65,18,6,Male,40s,Meets Expectations
E3278,Marketing,Master's,On-site,0,61,2,4,3,5,78,11,5,Male,20s,Needs Improvement
E3279,Engineering,Bachelor's,On-site,4,32,2,2,5,10,80,14,7,Male,20s,Meets Expectations
E3280,Engineering,Master's,On-site,4,77,3,2,5,7,69,12,10,Male,30s,Meets Expectations
E3281,Sales,Bachelor's,Remote,6,53,3,5,3,7,72,19,4,Female,50+,Exceeds Expectations
E3282,Sales,High School,On-site,9,24,4,4,4,7,59,12,6,Male,40s,Exceeds Expectations
E3283,Marketing,High School,Remote,5,63,4,3,5,7,87,2,4,Female,30s,Exceeds Expectations
E3284,Engineering,Bachelor's,On-site,15,26,3,2,2,6,100,16,6,Male,40s,Meets Expectations
E3285,HR,Master's,On-site,4,79,5,2,4,3,45,6,2,Female,20s,Meets Expectations
E3286,Engineering,Bachelor's,Hybrid,5,45,3,3,2,4,69,23,4,Male,40s,Meets Expectations
E3287,Marketing,Bachelor's,On-site,1,51,1,4,3,3,63,11,4,Male,20s,Needs Improvement
E3288,Engineering,High School,Hybrid,14,41,3,4,3,7,75,24,5,Non-binary,40s,Meets Expectations
E3289,Engineering,Bachelor's,Remote,5,45,3,3,2,5,42,21,6,Male,30s,Needs Improvement
E3290,Operations,Master's,Remote,3,35,1,4,4,4,51,15,1,Male,20s,Needs Improvement
E3291,Engineering,Bachelor's,Hybrid,5,21,5,3,4,8,96,13,7,Male,30s,Exceeds Expectations
E3292,Finance,PhD,Hybrid,7,47,3,2,3,4,91,6,8,Female,30s,Exceeds Expectations
E3293,Engineering,High School,On-site,3,60,2,2,4,6,42,18,7,Male,30s,Needs Improvement
E3294,Engineering,High School,Hybrid,3,16,2,4,4,11,100,6,4,Male,40s,Exceeds Expectations
E3295,Sales,Bachelor's,On-site,5,71,4,4,2,4,56,10,3,Female,30s,Meets Expectations
E3296,Operations,Bachelor's,On-site,12,52,4,3,1,6,81,10,6,Male,40s,Meets Expectations
E3297,Sales,Master's,Hybrid,10,31,3,4,3,10,66,10,2,Female,40s,Meets Expectations
E3298,Engineering,Master's,On-site,4,31,2,3,3,6,72,4,1,Male,30s,Needs Improvement
E3299,HR,High School,Hybrid,2,77,3,3,5,7,71,5,7,Male,30s,Meets Expectations
E3300,Sales,Master's,On-site,4,59,4,3,3,5,83,2,5,Male,30s,Meets Expectations
E3301,Operations,High School,On-site,10,63,4,4,4,8,60,16,6,Female,40s,Exceeds Expectations
E3302,Operations,Master's,Hybrid,15,35,3,4,3,9,98,5,3,Female,50+,Exceeds Expectations
E3303,HR,Bachelor's,Hybrid,13,51,3,3,2,6,86,5,5,Male,40s,Exceeds Expectations
E3304,Sales,Master's,Remote,7,47,3,3,3,2,63,8,6,Female,40s,Meets Expectations
E3305,Sales,High School,On-site,15,37,4,2,2,3,69,4,8,Female,50+,Meets Expectations
E3306,Operations,PhD,On-site,10,42,5,1,2,7,71,20,3,Male,40s,Meets Expectations
E3307,HR,PhD,On-site,4,62,5,3,2,7,62,35,2,Male,40s,Needs Improvement
E3308,Engineering,Bachelor's,Hybrid,12,72,5,3,2,7,63,1,4,Male,40s,Meets Expectations
E3309,Operations,Bachelor's,On-site,2,35,5,4,3,10,81,14,4,Female,20s,Exceeds Expectations
E3310,Operations,Bachelor's,Hybrid,1,14,4,3,3,10,78,3,3,Female,30s,Meets Expectations
E3311,Sales,Bachelor's,On-site,1,73,3,3,4,4,60,12,5,Male,30s,Meets Expectations
E3312,Sales,Bachelor's,Remote,11,73,5,1,2,10,70,16,3,Male,40s,Meets Expectations
E3313,Finance,Bachelor's,Hybrid,5,48,2,4,3,6,52,1,7,Non-binary,30s,Meets Expectations
E3314,Operations,Master's,Hybrid,8,76,5,3,3,3,96,16,5,Female,30s,Exceeds Expectations
E3315,HR,Bachelor's,On-site,12,47,2,4,4,4,81,28,3,Male,40s,Meets Expectations
E3316,Sales,Bachelor's,On-site,7,22,4,3,4,7,67,22,4,Non-binary,40s,Exceeds Expectations
E3317,Sales,Master's,On-site,7,14,5,4,4,8,71,2,7,Female,30s,Exceeds Expectations
E3318,Sales,Bachelor's,Hybrid,5,14,4,3,3,9,81,32,5,Non-binary,30s,Meets Expectations
E3319,Engineering,Bachelor's,Hybrid,5,40,1,3,3,6,60,34,2,Female,40s,Needs Improvement
E3320,Finance,PhD,On-site,11,31,2,3,3,4,68,8,3,Male,40s,Meets Expectations
E3321,Engineering,Bachelor's,On-site,0,28,4,4,5,7,79,2,7,Female,20s,Exceeds Expectations
E3322,Sales,High School,Remote,3,38,4,4,3,10,49,16,6,Male,30s,Meets Expectations
E3323,Operations,Bachelor's,On-site,5,57,3,4,3,4,77,13,6,Male,30s,Meets Expectations
E3324,Sales,Master's,On-site,12,29,3,3,2,5,100,21,5,Female,40s,Exceeds Expectations
E3325,Sales,High School,On-site,3,26,2,3,3,4,42,6,4,Male,40s,Needs Improvement
E3326,Operations,Bachelor's,On-site,6,30,5,4,4,3,83,12,3,Female,30s,Exceeds Expectations
E3327,Engineering,High School,Hybrid,9,58,3,2,3,6,48,13,3,Female,40s,Meets Expectations
E3328,Operations,Bachelor's,Hybrid,2,39,4,3,3,6,46,10,3,Male,30s,Meets Expectations
E3329,Engineering,Bachelor's,Hybrid,4,46,5,5,2,7,62,7,2,Male,30s,Exceeds Expectations
E3330,Sales,High School,Hybrid,7,71,2,3,3,5,77,19,6,Female,30s,Meets Expectations
E3331,Marketing,PhD,On-site,2,97,3,3,3,8,77,3,6,Female,30s,Meets Expectations
E3332,Sales,Bachelor's,On-site,3,53,4,5,4,7,66,9,2,Female,30s,Exceeds Expectations
E3333,HR,Master's,Hybrid,0,51,3,3,2,8,51,7,4,Female,20s,Needs Improvement
E3334,Engineering,Master's,On-site,2,16,4,2,2,5,66,23,6,Female,30s,Needs Improvement
E3335,Marketing,PhD,On-site,2,47,3,4,2,7,39,6,6,Female,30s,Needs Improvement
E3336,Engineering,Master's,Hybrid,7,41,3,3,4,9,81,3,5,Male,30s,Exceeds Expectations
E3337,Operations,Bachelor's,Hybrid,7,58,3,3,4,5,62,22,8,Female,30s,Meets Expectations
E3338,Marketing,Master's,On-site,8,32,5,1,4,1,86,13,2,Male,40s,Exceeds Expectations
E3339,HR,Bachelor's,Remote,2,44,3,3,4,5,52,24,4,Female,20s,Needs Improvement
E3340,Engineering,Bachelor's,On-site,0,52,4,4,2,5,77,18,4,Male,20s,Exceeds Expectations
E3341,HR,Bachelor's,Remote,5,78,5,3,4,7,40,8,3,Female,30s,Exceeds Expectations
E3342,Marketing,Bachelor's,On-site,9,71,2,2,3,10,90,9,4,Female,40s,Exceeds Expectations
E3343,Engineering,Bachelor's,Hybrid,16,65,3,3,3,6,75,43,7,Male,50+,Needs Improvement
E3344,Marketing,Master's,On-site,9,55,2,3,4,4,62,10,5,Female,40s,Meets Expectations
E3345,Engineering,Bachelor's,Remote,1,31,1,3,3,7,61,43,3,Female,20s,Needs Improvement
E3346,Engineering,Bachelor's,Hybrid,4,55,3,3,4,5,63,13,5,Female,30s,Meets Expectations
E3347,Finance,High School,Remote,6,25,3,5,3,2,68,5,7,Male,30s,Meets Expectations
E3348,Engineering,Master's,Hybrid,6,36,3,4,4,5,43,8,7,Female,30s,Meets Expectations
E3349,Engineering,Bachelor's,Hybrid,6,76,3,1,5,4,63,5,5,Female,40s,Meets Expectations
E3350,Marketing,Bachelor's,On-site,2,51,3,3,4,5,63,14,7,Female,20s,Meets Expectations
E3351,Finance,Master's,On-site,8,45,2,3,3,6,84,13,9,Male,30s,Meets Expectations
E3352,Engineering,Master's,Remote,6,47,4,4,3,12,60,8,6,Non-binary,40s,Exceeds Expectations
E3353,Engineering,Bachelor's,Remote,2,38,5,3,4,1,52,5,7,Female,40s,Meets Expectations
E3354,Sales,Bachelor's,On-site,2,0,5,3,4,8,67,9,4,Female,20s,Meets Expectations
E3355,Marketing,Bachelor's,On-site,3,15,3,5,3,9,77,40,4,Male,30s,Needs Improvement
E3356,Sales,PhD,On-site,0,52,4,2,2,7,70,2,6,Male,20s,Meets Expectations
E3357,Marketing,Bachelor's,On-site,3,22,3,4,3,4,69,24,4,Female,30s,Needs Improvement
E3358,Finance,Master's,On-site,2,38,3,3,4,8,69,23,3,Male,30s,Exceeds Expectations
E3359,Operations,High School,Remote,3,15,4,3,4,9,65,8,2,Male,20s,Exceeds Expectations
E3360,Sales,Bachelor's,On-site,2,26,3,3,4,11,59,6,5,Female,30s,Meets Expectations
E3361,Engineering,Bachelor's,Remote,3,40,2,5,2,5,55,11,6,Male,30s,Needs Improvement
E3362,Engineering,Bachelor's,Remote,0,58,4,4,4,6,68,6,6,Male,20s,Meets Expectations
E3363,Engineering,Master's,On-site,6,62,2,4,5,7,73,6,4,Female,30s,Exceeds Expectations
E3364,Sales,Master's,Hybrid,3,25,3,4,1,8,69,10,7,Female,20s,Meets Expectations
E3365,Operations,Bachelor's,Hybrid,10,46,4,4,3,2,39,9,11,Female,40s,Meets Expectations
E3366,Sales,Master's,On-site,2,11,4,2,4,5,83,17,7,Female,20s,Meets Expectations
E3367,Engineering,Bachelor's,Hybrid,2,41,3,2,2,5,46,6,8,Male,30s,Needs Improvement
E3368,HR,Bachelor's,Hybrid,6,59,2,5,3,13,47,1,4,Male,30s,Meets Expectations
E3369,Operations,Bachelor's,On-site,8,39,2,3,4,11,51,18,7,Male,30s,Meets Expectations
E3370,Engineering,Bachelor's,Remote,3,66,4,3,3,8,61,15,6,Male,30s,Meets Expectations
E3371,Finance,Master's,On-site,7,57,4,5,3,7,66,6,6,Female,30s,Exceeds Expectations
E3372,Operations,High School,On-site,0,45,4,2,4,1,84,28,7,Female,20s,Meets Expectations
E3373,Sales,Master's,Remote,1,35,3,1,2,6,84,25,1,Male,20s,Meets Expectations
E3374,Marketing,Bachelor's,On-site,4,29,3,1,2,6,40,4,5,Female,30s,Needs Improvement
E3375,Sales,Master's,On-site,5,11,4,3,4,3,39,24,4,Female,30s,Meets Expectations
E3376,Engineering,High School,On-site,2,14,2,3,4,8,85,3,2,Male,30s,Meets Expectations
E3377,Sales,Bachelor's,On-site,12,60,3,5,4,5,65,14,7,Male,40s,Meets Expectations
E3378,Engineering,Master's,Hybrid,5,70,2,4,5,4,52,17,10,Female,30s,Meets Expectations
E3379,Finance,Bachelor's,Hybrid,1,18,2,1,4,8,77,5,6,Male,20s,Meets Expectations
E3380,Operations,Bachelor's,On-site,1,41,3,5,5,6,86,21,6,Female,30s,Exceeds Expectations
E3381,Sales,Master's,Hybrid,8,9,4,3,3,7,75,22,5,Male,30s,Meets Expectations
E3382,Marketing,Master's,On-site,3,20,4,4,4,6,56,1,8,Male,30s,Meets Expectations
E3383,Engineering,High School,On-site,13,45,2,4,4,5,33,8,6,Male,50+,Meets Expectations
E3384,Engineering,Master's,Remote,4,30,1,3,3,2,76,3,5,Female,30s,Needs Improvement
E3385,Marketing,Master's,Hybrid,3,2,3,3,3,5,66,12,6,Male,30s,Meets Expectations
E3386,Engineering,Master's,Hybrid,7,74,1,2,3,11,55,16,4,Female,40s,Meets Expectations
E3387,Operations,Bachelor's,On-site,3,39,4,2,3,6,43,23,8,Male,30s,Needs Improvement
E3388,Engineering,Bachelor's,Hybrid,6,18,2,3,5,6,72,30,2,Non-binary,30s,Meets Expectations
E3389,Operations,PhD,Remote,1,43,5,2,5,4,59,19,6,Female,20s,Meets Expectations
E3390,Sales,Bachelor's,Remote,2,38,2,5,3,3,71,9,7,Male,30s,Needs Improvement
E3391,Sales,Bachelor's,Hybrid,2,48,4,3,3,8,83,15,3,Female,20s,Meets Expectations
E3392,Finance,PhD,Hybrid,0,33,3,5,1,9,57,24,4,Male,20s,Needs Improvement
E3393,HR,Bachelor's,On-site,5,46,3,3,3,8,100,9,4,Male,20s,Meets Expectations
E3394,Engineering,Bachelor's,On-site,2,59,3,3,3,2,66,14,6,Female,20s,Meets Expectations
E3395,Operations,Master's,On-site,8,14,4,4,3,9,80,5,10,Male,40s,Meets Expectations
E3396,Sales,Master's,On-site,11,26,4,3,3,8,60,22,8,Non-binary,40s,Meets Expectations
E3397,Engineering,PhD,On-site,1,57,4,4,4,5,77,11,4,Male,20s,Exceeds Expectations
E3398,Sales,Master's,Hybrid,5,29,4,5,4,3,54,2,2,Male,30s,Meets Expectations
E3399,Marketing,Bachelor's,Hybrid,0,38,3,4,3,8,78,2,2,Female,20s,Meets Expectations
E3400,Marketing,Bachelor's,Hybrid,4,31,4,5,5,15,100,6,5,Non-binary,30s,Exceeds Expectations
E3401,Operations,High School,Hybrid,5,32,3,4,4,3,51,6,6,Female,40s,Needs Improvement
E3402,HR,Master's,On-site,13,30,4,3,4,10,31,1,5,Female,40s,Meets Expectations
E3403,Engineering,High School,Hybrid,3,15,3,4,3,4,58,8,5,Female,30s,Needs Improvement
E3404,Engineering,Bachelor's,Remote,4,49,4,4,4,7,73,22,4,Female,40s,Exceeds Expectations
E3405,Engineering,Bachelor's,Hybrid,1,61,4,3,4,12,69,3,2,Male,20s,Exceeds Expectations
E3406,Finance,High School,Remote,2,36,4,3,5,7,61,10,2,Female,20s,Meets Expectations
E3407,Engineering,Bachelor's,On-site,9,59,2,3,4,3,85,13,3,Male,40s,Meets Expectations
E3408,Marketing,Bachelor's,Hybrid,14,30,2,4,4,9,61,20,5,Female,50+,Meets Expectations
E3409,Marketing,High School,Hybrid,4,29,4,3,3,5,82,7,2,Female,40s,Meets Expectations
E3410,Operations,PhD,Hybrid,6,48,5,3,4,10,62,8,5,Male,30s,Exceeds Expectations
E3411,Engineering,Master's,Remote,0,49,3,3,2,3,54,20,6,Male,20s,Meets Expectations
E3412,Engineering,High School,Hybrid,0,38,4,3,3,4,70,10,6,Female,20s,Meets Expectations
E3413,Operations,Master's,Hybrid,9,54,2,2,4,14,71,2,3,Male,30s,Meets Expectations
E3414,Marketing,Bachelor's,Remote,6,14,3,4,2,10,98,9,0,Male,30s,Exceeds Expectations
E3415,Sales,High School,Hybrid,1,34,3,2,3,12,75,16,5,Female,20s,Needs Improvement
E3416,Finance,Bachelor's,On-site,2,59,2,3,3,8,72,3,3,Female,30s,Needs Improvement
E3417,Operations,Master's,On-site,9,59,2,3,4,4,70,2,10,Non-binary,30s,Meets Expectations
E3418,Engineering,Master's,Remote,4,57,3,4,3,6,59,5,8,Female,40s,Meets Expectations
E3419,Operations,Bachelor's,Hybrid,4,60,3,3,4,4,64,11,4,Female,30s,Meets Expectations
E3420,Engineering,Master's,Remote,5,33,3,2,5,6,60,18,5,Female,40s,Meets Expectations
E3421,Operations,Master's,On-site,2,6,3,4,4,7,70,7,5,Female,30s,Meets Expectations
E3422,Engineering,Master's,Hybrid,4,35,2,2,3,7,43,20,5,Male,30s,Needs Improvement
E3423,Engineering,Bachelor's,Remote,15,53,3,3,4,7,40,10,5,Male,40s,Meets Expectations
E3424,Engineering,Master's,Remote,2,56,3,4,3,6,56,15,6,Male,20s,Needs Improvement
E3425,Operations,Bachelor's,Hybrid,14,29,3,2,3,2,54,19,4,Male,50+,Meets Expectations
E3426,Operations,High School,On-site,9,21,3,3,5,2,73,6,4,Male,30s,Meets Expectations
E3427,Sales,Master's,Hybrid,7,23,3,3,3,4,59,8,5,Male,30s,Meets Expectations
E3428,Sales,Bachelor's,Hybrid,9,29,4,3,4,9,76,14,3,Male,40s,Exceeds Expectations
E3429,Engineering,Master's,On-site,14,2,3,3,3,8,58,7,4,Male,50+,Meets Expectations
E3430,Engineering,Master's,On-site,9,29,1,4,3,5,100,10,2,Female,40s,Exceeds Expectations
E3431,Operations,Bachelor's,Remote,0,41,2,3,4,2,64,4,3,Female,20s,Meets Expectations
E3432,Engineering,Bachelor's,On-site,14,38,4,4,2,2,74,15,3,Male,40s,Meets Expectations
E3433,Operations,Master's,Hybrid,5,33,3,5,3,10,58,12,2,Male,30s,Meets Expectations
E3434,Operations,Master's,Hybrid,8,26,3,3,2,6,61,9,4,Female,30s,Meets Expectations
E3435,Engineering,Master's,Remote,1,29,5,2,5,4,75,4,6,Female,20s,Exceeds Expectations
E3436,HR,Bachelor's,Hybrid,9,29,4,3,4,11,68,19,8,Male,40s,Meets Expectations
E3437,Operations,Bachelor's,On-site,4,54,1,3,3,9,80,4,4,Male,30s,Needs Improvement
E3438,Operations,Bachelor's,On-site,4,40,5,5,2,2,84,24,5,Male,30s,Meets Expectations
E3439,Finance,Master's,On-site,6,103,3,3,4,6,100,3,4,Male,30s,Exceeds Expectations
E3440,Engineering,Bachelor's,On-site,8,33,4,5,3,5,79,2,4,Male,50+,Exceeds Expectations
E3441,Engineering,Master's,Remote,7,49,4,3,5,3,69,12,3,Male,50+,Exceeds Expectations
E3442,Operations,Bachelor's,On-site,8,34,4,3,5,8,61,3,5,Male,30s,Exceeds Expectations
E3443,Sales,High School,On-site,4,33,3,3,4,5,57,8,13,Female,30s,Needs Improvement
E3444,Marketing,Bachelor's,Remote,4,71,2,3,3,7,61,17,4,Female,30s,Meets Expectations
E3445,Finance,Bachelor's,On-site,7,60,4,4,3,11,71,3,8,Female,40s,Meets Expectations
E3446,Sales,Bachelor's,On-site,7,5,2,2,4,2,87,13,6,Male,30s,Meets Expectations
E3447,Engineering,Bachelor's,Hybrid,4,20,5,4,4,2,74,14,8,Male,30s,Meets Expectations
E3448,Sales,Master's,On-site,11,37,3,5,3,7,63,13,4,Female,40s,Exceeds Expectations
E3449,Operations,Bachelor's,On-site,5,30,3,3,2,6,49,5,5,Male,30s,Needs Improvement
E3450,Sales,Master's,Remote,6,10,3,4,5,7,55,3,9,Male,30s,Meets Expectations
E3451,Engineering,Bachelor's,Remote,1,42,4,4,3,6,71,1,6,Female,20s,Meets Expectations
E3452,Operations,Bachelor's,Hybrid,11,2,4,4,4,5,77,15,8,Female,40s,Meets Expectations
E3453,Finance,Master's,Hybrid,10,43,3,3,3,6,83,9,8,Male,50+,Exceeds Expectations
E3454,HR,Bachelor's,On-site,12,55,4,3,5,8,83,20,4,Female,40s,Exceeds Expectations
E3455,Operations,Bachelor's,Remote,10,57,3,3,4,5,52,4,3,Male,40s,Meets Expectations
E3456,Sales,Bachelor's,Hybrid,1,37,3,5,3,3,57,5,12,Male,20s,Needs Improvement
E3457,Operations,High School,On-site,4,70,3,3,4,10,82,4,6,Male,30s,Exceeds Expectations
E3458,Operations,Master's,On-site,3,47,5,3,4,10,85,8,2,Male,20s,Exceeds Expectations
E3459,Sales,Bachelor's,Hybrid,2,57,4,2,3,5,68,3,4,Male,30s,Meets Expectations
E3460,Sales,Bachelor's,On-site,9,25,4,2,4,8,94,5,3,Male,40s,Exceeds Expectations
E3461,Engineering,Master's,On-site,4,70,4,3,4,4,86,9,6,Female,30s,Exceeds Expectations
E3462,Marketing,Bachelor's,On-site,1,40,4,4,3,3,79,11,7,Female,20s,Meets Expectations
E3463,Marketing,PhD,Hybrid,0,72,3,2,2,3,74,10,6,Female,20s,Meets Expectations
E3464,HR,Bachelor's,On-site,2,67,1,3,3,3,41,3,6,Male,20s,Needs Improvement
E3465,Operations,Bachelor's,Hybrid,5,45,2,1,4,6,53,10,9,Male,40s,Meets Expectations
E3466,Sales,High School,On-site,6,48,5,5,4,6,66,7,10,Male,50+,Exceeds Expectations
E3467,Operations,High School,Hybrid,9,36,4,3,5,5,94,17,4,Female,40s,Exceeds Expectations
E3468,Marketing,High School,On-site,0,24,4,4,5,3,89,21,3,Male,20s,Exceeds Expectations
E3469,HR,High School,Hybrid,12,52,2,2,4,8,57,20,4,Male,40s,Meets Expectations
E3470,Engineering,Bachelor's,Hybrid,8,51,4,4,4,3,84,7,5,Male,40s,Exceeds Expectations
E3471,Marketing,Bachelor's,Hybrid,0,8,3,5,4,5,54,7,7,Male,20s,Meets Expectations
E3472,Marketing,Bachelor's,On-site,6,38,4,3,3,6,26,13,5,Male,30s,Needs Improvement
E3473,Engineering,Bachelor's,Hybrid,8,57,2,3,4,9,99,4,3,Male,40s,Exceeds Expectations
E3474,Operations,High School,Remote,3,69,3,4,5,7,32,11,4,Female,40s,Meets Expectations
E3475,Sales,High School,On-site,1,55,4,4,4,8,22,10,4,Male,20s,Meets Expectations
E3476,Sales,Bachelor's,Hybrid,9,10,5,4,4,11,72,21,4,Female,40s,Exceeds Expectations
E3477,Operations,Bachelor's,Hybrid,0,19,3,4,3,4,63,9,1,Female,20s,Needs Improvement
E3478,Sales,High School,Remote,4,33,2,4,3,4,74,11,5,Male,30s,Meets Expectations
E3479,Marketing,Bachelor's,Hybrid,8,68,4,3,3,5,98,18,4,Female,40s,Exceeds Expectations
E3480,Marketing,Master's,Remote,6,28,2,4,3,8,84,9,5,Female,30s,Meets Expectations
E3481,Engineering,Bachelor's,Hybrid,1,61,2,3,4,6,77,5,4,Male,30s,Meets Expectations
E3482,Sales,Bachelor's,Hybrid,6,28,4,1,1,4,54,13,6,Male,40s,Needs Improvement
E3483,Engineering,Master's,On-site,14,51,5,3,3,4,60,4,7,Female,40s,Meets Expectations
E3484,Engineering,Bachelor's,Hybrid,12,21,2,3,3,4,77,10,3,Female,40s,Meets Expectations
E3485,Marketing,High School,On-site,7,36,3,3,5,4,61,5,3,Male,40s,Meets Expectations
E3486,Engineering,Master's,Hybrid,5,17,3,4,3,2,81,2,1,Male,40s,Meets Expectations
E3487,Operations,Master's,On-site,10,69,3,3,3,6,72,12,3,Male,40s,Meets Expectations
E3488,Sales,PhD,Hybrid,4,26,2,5,3,9,65,10,4,Male,30s,Meets Expectations
E3489,Sales,PhD,Hybrid,3,9,4,3,5,1,86,22,5,Male,30s,Exceeds Expectations
E3490,Operations,Bachelor's,Remote,2,7,3,1,3,6,64,2,6,Female,30s,Needs Improvement
E3491,HR,Master's,On-site,2,38,4,3,5,3,46,4,6,Male,20s,Meets Expectations
E3492,Marketing,Bachelor's,Remote,3,31,3,3,3,3,88,19,3,Female,20s,Meets Expectations
E3493,Finance,Master's,Remote,2,53,5,2,4,8,68,21,2,Female,30s,Meets Expectations
E3494,Operations,Bachelor's,Remote,3,35,3,3,3,3,64,14,6,Male,30s,Meets Expectations
E3495,Engineering,Bachelor's,Hybrid,12,63,2,2,3,6,66,8,5,Male,40s,Meets Expectations
E3496,Engineering,High School,On-site,6,32,5,3,4,9,59,17,4,Female,30s,Exceeds Expectations
E3497,Operations,Bachelor's,Remote,11,61,1,5,5,6,100,7,2,Female,40s,Exceeds Expectations
E3498,Engineering,Bachelor's,Hybrid,5,21,3,3,3,3,47,1,6,Male,40s,Needs Improvement
E3499,Finance,Master's,Hybrid,6,10,3,3,3,5,74,21,7,Female,30s,Meets Expectations
E3500,Marketing,Bachelor's,On-site,11,24,3,5,3,2,71,6,7,Male,40s,Meets Expectations
E3501,HR,Master's,On-site,5,17,2,3,4,7,81,38,2,Female,30s,Needs Improvement
E3502,Operations,High School,On-site,5,15,2,2,2,6,62,3,6,Female,40s,Needs Improvement
E3503,Operations,Bachelor's,Hybrid,9,48,4,2,1,4,88,20,10,Female,40s,Meets Expectations
E3504,Engineering,Bachelor's,Hybrid,1,35,5,3,2,9,63,10,5,Male,20s,Meets Expectations
E3505,Marketing,Bachelor's,Remote,2,43,3,2,3,10,60,18,7,Female,30s,Meets Expectations
E3506,Finance,Bachelor's,On-site,8,51,2,2,2,4,69,5,9,Female,50+,Needs Improvement
E3507,Sales,Bachelor's,On-site,7,6,2,3,3,4,74,34,5,Male,30s,Needs Improvement
E3508,Operations,Bachelor's,On-site,6,51,4,4,3,7,86,29,8,Female,40s,Exceeds Expectations
E3509,Sales,Master's,On-site,11,16,4,4,3,5,47,7,5,Male,40s,Meets Expectations
E3510,Engineering,Bachelor's,Hybrid,2,28,1,4,3,9,83,7,6,Female,20s,Meets Expectations
E3511,Operations,Master's,Hybrid,7,2,1,3,4,6,84,11,3,Male,40s,Meets Expectations
E3512,Operations,Master's,Remote,0,53,3,3,4,8,80,4,3,Female,20s,Meets Expectations
E3513,Engineering,High School,On-site,4,6,4,4,5,2,67,5,5,Male,30s,Exceeds Expectations
E3514,Finance,Master's,On-site,4,16,3,5,3,8,60,19,9,Male,40s,Meets Expectations
E3515,Engineering,Master's,Hybrid,6,17,3,3,2,5,76,1,8,Male,30s,Meets Expectations
E3516,Engineering,Master's,On-site,3,37,3,3,2,5,72,4,8,Male,30s,Meets Expectations
E3517,Engineering,Master's,Hybrid,6,37,3,3,4,6,44,26,4,Female,40s,Meets Expectations
E3518,Operations,Bachelor's,Hybrid,5,56,2,3,4,5,83,23,7,Female,30s,Meets Expectations
E3519,Engineering,PhD,Remote,2,38,3,4,3,6,57,8,4,Female,30s,Needs Improvement
E3520,Engineering,Bachelor's,On-site,5,59,3,2,3,4,58,2,7,Male,40s,Meets Expectations
E3521,Finance,High School,Remote,5,48,3,4,3,5,85,22,6,Female,20s,Meets Expectations
E3522,Sales,Master's,Remote,2,21,1,4,3,2,71,6,5,Male,30s,Needs Improvement
E3523,Engineering,Bachelor's,On-site,3,27,3,4,3,5,65,16,1,Male,30s,Meets Expectations
E3524,Engineering,Bachelor's,Hybrid,0,70,4,2,2,6,62,13,3,Female,20s,Meets Expectations
E3525,Operations,Bachelor's,Hybrid,2,65,3,3,4,9,64,16,7,Female,20s,Meets Expectations
E3526,Marketing,Bachelor's,On-site,13,56,3,3,4,9,68,14,2,Male,50+,Exceeds Expectations
E3527,Finance,Master's,Remote,4,59,5,3,3,7,94,15,7,Female,30s,Exceeds Expectations
E3528,Engineering,High School,On-site,1,49,4,3,3,3,37,11,4,Female,20s,Needs Improvement
E3529,Sales,Bachelor's,On-site,0,47,5,4,4,10,100,15,7,Female,20s,Exceeds Expectations
E3530,Operations,Master's,On-site,4,41,5,3,5,6,100,13,8,Male,30s,Exceeds Expectations
E3531,Engineering,Master's,Hybrid,17,74,3,2,3,5,62,8,6,Male,50+,Meets Expectations
E3532,Engineering,Master's,Remote,8,31,2,2,3,4,71,0,4,Female,30s,Meets Expectations
E3533,Sales,Bachelor's,Hybrid,4,45,3,4,4,5,71,4,4,Female,40s,Exceeds Expectations
E3534,Sales,Master's,Hybrid,5,6,4,3,2,4,85,1,5,Male,30s,Meets Expectations
E3535,Engineering,Bachelor's,On-site,4,11,5,3,2,10,70,13,7,Female,40s,Meets Expectations
E3536,Operations,Master's,Hybrid,1,76,2,4,3,9,74,5,7,Male,20s,Meets Expectations
E3537,HR,High School,Hybrid,8,52,4,3,4,5,87,3,3,Male,40s,Exceeds Expectations
E3538,Marketing,Bachelor's,Hybrid,5,36,3,2,3,4,37,6,10,Male,30s,Needs Improvement
E3539,Engineering,Bachelor's,Hybrid,7,42,3,2,3,3,66,6,3,Male,40s,Meets Expectations
E3540,Marketing,Bachelor's,Remote,2,13,3,4,2,3,72,8,10,Male,20s,Meets Expectations
E3541,HR,High School,Hybrid,4,31,4,5,4,4,63,11,3,Male,30s,Meets Expectations
E3542,Operations,Bachelor's,Hybrid,11,11,5,4,5,4,41,10,10,Male,30s,Meets Expectations
E3543,Sales,Master's,Hybrid,8,34,4,3,3,5,69,12,1,Female,30s,Meets Expectations
E3544,Operations,Bachelor's,On-site,3,54,3,3,4,7,59,13,5,Male,40s,Meets Expectations
E3545,Sales,Bachelor's,Hybrid,6,49,3,3,3,11,61,1,4,Male,30s,Meets Expectations
E3546,Marketing,Bachelor's,Hybrid,3,72,3,1,3,5,68,30,6,Female,30s,Needs Improvement
E3547,Operations,Master's,Hybrid,13,46,2,3,3,3,41,11,8,Male,50+,Needs Improvement
E3548,Marketing,Bachelor's,Hybrid,10,0,3,4,3,3,63,30,6,Female,40s,Needs Improvement
E3549,Finance,Bachelor's,On-site,4,79,1,5,3,3,57,5,4,Female,20s,Needs Improvement
E3550,Operations,PhD,On-site,3,23,3,4,2,8,48,52,2,Female,40s,Needs Improvement
E3551,Operations,Master's,On-site,2,43,3,5,4,7,76,5,5,Female,20s,Meets Expectations
E3552,Engineering,Bachelor's,Hybrid,2,42,2,5,2,5,48,4,5,Female,20s,Needs Improvement
E3553,Engineering,Bachelor's,Remote,5,45,3,5,3,2,77,5,4,Male,40s,Meets Expectations
E3554,HR,PhD,Hybrid,0,41,4,3,3,7,82,5,5,Male,20s,Exceeds Expectations
E3555,Operations,High School,Hybrid,11,41,4,4,3,5,66,4,8,Male,40s,Meets Expectations
E3556,HR,Bachelor's,Hybrid,6,14,3,2,4,4,86,6,4,Male,30s,Exceeds Expectations
E3557,Sales,Bachelor's,On-site,6,92,4,3,3,3,100,10,11,Female,30s,Exceeds Expectations
E3558,HR,Master's,On-site,9,53,2,4,4,8,77,4,3,Male,40s,Meets Expectations
E3559,Engineering,Bachelor's,On-site,9,41,3,3,5,9,63,10,8,Female,40s,Meets Expectations
E3560,Engineering,PhD,Remote,1,77,4,2,3,6,87,7,4,Male,20s,Exceeds Expectations
E3561,Engineering,Master's,On-site,8,19,5,5,2,8,37,2,3,Male,40s,Meets Expectations
E3562,Engineering,High School,Hybrid,8,57,4,4,3,12,100,9,7,Female,30s,Exceeds Expectations
E3563,Finance,Bachelor's,On-site,2,29,4,5,3,5,70,1,4,Female,20s,Exceeds Expectations
E3564,Sales,Master's,Hybrid,3,48,2,4,4,5,73,4,2,Male,30s,Meets Expectations
E3565,Engineering,Bachelor's,On-site,4,48,5,5,2,10,43,5,2,Female,40s,Meets Expectations
E3566,HR,High School,Remote,15,0,3,4,4,5,83,13,5,Female,50+,Meets Expectations
E3567,Sales,Master's,On-site,5,11,4,3,3,3,70,22,5,Male,40s,Meets Expectations
E3568,Sales,Bachelor's,Remote,0,72,3,3,4,4,66,3,8,Female,20s,Meets Expectations
E3569,Sales,High School,Hybrid,10,35,5,3,3,9,58,1,3,Male,40s,Exceeds Expectations
E3570,Engineering,Bachelor's,Hybrid,8,80,3,2,4,3,54,7,3,Male,40s,Meets Expectations
E3571,Finance,Bachelor's,Hybrid,6,66,4,5,2,5,56,7,6,Female,40s,Meets Expectations
E3572,Engineering,Master's,Hybrid,2,36,3,3,3,9,42,15,6,Female,40s,Meets Expectations
E3573,Engineering,Bachelor's,On-site,2,34,4,4,3,4,71,34,2,Female,30s,Needs Improvement
E3574,Engineering,Bachelor's,Hybrid,7,73,5,2,3,4,93,9,7,Male,30s,Exceeds Expectations
E3575,Sales,Master's,Hybrid,3,82,1,4,5,2,74,32,4,Male,30s,Meets Expectations
E3576,Engineering,Bachelor's,Hybrid,0,34,3,3,3,6,55,6,5,Female,20s,Meets Expectations
E3577,Sales,Master's,Hybrid,5,71,2,4,3,9,73,16,4,Male,30s,Meets Expectations
E3578,Engineering,Bachelor's,Hybrid,3,61,4,3,2,8,26,6,1,Female,30s,Needs Improvement
E3579,Engineering,Bachelor's,On-site,3,64,4,5,3,3,95,22,3,Female,40s,Exceeds Expectations
E3580,Operations,Bachelor's,On-site,1,42,3,4,3,7,59,3,1,Female,20s,Needs Improvement
E3581,Sales,Master's,On-site,8,27,3,3,3,2,76,13,3,Male,40s,Meets Expectations
E3582,Engineering,PhD,Hybrid,7,19,4,5,5,7,67,16,3,Female,50+,Exceeds Expectations
E3583,HR,Bachelor's,On-site,4,14,2,4,4,4,77,5,6,Male,30s,Meets Expectations
E3584,Engineering,High School,On-site,5,78,4,4,3,5,100,13,4,Female,30s,Exceeds Expectations
E3585,Finance,Bachelor's,Hybrid,6,40,2,2,4,3,34,3,6,Male,30s,Needs Improvement
E3586,Engineering,Bachelor's,On-site,5,17,4,4,3,9,72,26,4,Male,50+,Meets Expectations
E3587,Sales,Bachelor's,On-site,1,60,2,3,2,4,73,9,3,Female,20s,Meets Expectations
E3588,Operations,Master's,Remote,2,30,3,3,3,4,62,8,6,Female,30s,Needs Improvement
E3589,Engineering,Master's,Hybrid,2,27,3,3,2,9,56,17,3,Male,20s,Needs Improvement
E3590,Engineering,Bachelor's,Hybrid,5,81,3,3,4,3,83,13,2,Female,30s,Exceeds Expectations
E3591,Marketing,Bachelor's,On-site,2,13,5,2,3,9,67,7,3,Female,30s,Meets Expectations
E3592,Operations,High School,Hybrid,13,45,4,2,5,6,68,21,6,Male,40s,Meets Expectations
E3593,Sales,Bachelor's,Remote,14,28,3,1,4,5,63,3,5,Male,50+,Meets Expectations
E3594,Marketing,Bachelor's,On-site,2,25,3,3,3,14,65,14,5,Male,40s,Meets Expectations
E3595,Engineering,Master's,On-site,1,11,4,1,3,6,78,2,6,Female,30s,Meets Expectations
E3596,Marketing,Bachelor's,On-site,7,41,2,4,5,4,77,4,2,Female,50+,Exceeds Expectations
E3597,Engineering,Bachelor's,Remote,1,23,3,4,3,6,56,14,8,Male,30s,Needs Improvement
E3598,Marketing,Bachelor's,On-site,4,52,3,3,3,5,63,4,8,Male,30s,Meets Expectations
E3599,Engineering,Bachelor's,Hybrid,0,39,3,4,4,9,84,17,5,Female,20s,Exceeds Expectations
E3600,HR,PhD,Hybrid,14,34,4,3,4,3,95,21,5,Female,40s,Exceeds Expectations
E3601,Engineering,Master's,Remote,8,23,3,4,3,5,95,9,8,Female,40s,Exceeds Expectations
E3602,Finance,Master's,On-site,17,69,4,1,3,4,94,23,5,Female,50+,Exceeds Expectations
E3603,Finance,Master's,Hybrid,1,55,5,1,2,5,71,7,4,Male,20s,Meets Expectations
E3604,Operations,High School,Remote,10,26,4,3,3,1,85,21,4,Female,40s,Meets Expectations
E3605,Operations,Master's,On-site,9,13,3,4,4,4,74,11,2,Male,30s,Meets Expectations
E3606,Sales,Master's,Hybrid,13,2,4,4,4,9,56,13,8,Female,40s,Meets Expectations
E3607,Marketing,Bachelor's,On-site,0,63,2,3,3,7,66,9,4,Female,20s,Needs Improvement
E3608,Engineering,Bachelor's,On-site,5,58,5,3,3,9,65,11,2,Male,40s,Exceeds Expectations
E3609,Operations,Master's,On-site,6,61,3,4,4,5,83,6,5,Male,40s,Exceeds Expectations
E3610,Marketing,Master's,On-site,3,38,5,3,5,6,81,34,3,Female,30s,Exceeds Expectations
E3611,Sales,High School,On-site,8,56,3,4,3,10,66,9,5,Female,40s,Meets Expectations
E3612,Sales,Master's,Hybrid,2,61,4,2,3,10,64,1,4,Female,20s,Meets Expectations
E3613,Finance,Master's,Hybrid,3,39,2,2,4,5,57,5,8,Female,30s,Meets Expectations
E3614,Operations,Master's,Hybrid,5,33,3,3,4,4,63,14,7,Male,30s,Meets Expectations
E3615,Operations,High School,Hybrid,0,20,2,4,4,5,66,10,6,Female,20s,Meets Expectations
E3616,HR,Bachelor's,Remote,8,49,2,2,4,6,73,14,4,Female,40s,Meets Expectations
E3617,Sales,Master's,On-site,7,51,5,4,3,10,70,17,5,Male,40s,Exceeds Expectations
E3618,Operations,Bachelor's,On-site,4,32,2,2,3,4,55,45,5,Male,30s,Needs Improvement
E3619,Marketing,High School,On-site,8,34,3,3,3,7,60,15,5,Female,30s,Meets Expectations
E3620,HR,Master's,Remote,1,36,2,3,4,7,66,13,6,Male,30s,Meets Expectations
E3621,Marketing,High School,Remote,8,56,4,3,5,4,76,14,6,Female,30s,Exceeds Expectations
E3622,Marketing,Bachelor's,Hybrid,2,13,4,3,2,7,60,23,1,Female,30s,Meets Expectations
E3623,Finance,PhD,On-site,3,18,5,1,5,4,45,12,4,Female,20s,Exceeds Expectations
E3624,HR,Bachelor's,Hybrid,9,18,3,4,3,4,50,11,8,Male,40s,Meets Expectations
E3625,Operations,Master's,Hybrid,4,37,5,3,3,6,73,14,2,Female,30s,Exceeds Expectations
E3626,Operations,Bachelor's,On-site,15,46,3,2,5,7,75,6,1,Male,50+,Exceeds Expectations
E3627,Sales,Bachelor's,On-site,8,19,3,5,3,8,59,20,3,Female,30s,Meets Expectations
E3628,Engineering,High School,On-site,3,58,3,2,3,2,52,11,10,Male,20s,Needs Improvement
E3629,Marketing,Bachelor's,Hybrid,10,69,3,3,3,10,46,13,8,Female,40s,Meets Expectations
E3630,Marketing,Bachelor's,Remote,10,48,3,2,3,6,46,2,4,Female,40s,Meets Expectations
E3631,HR,Master's,On-site,7,62,2,4,4,10,62,3,7,Male,40s,Meets Expectations
E3632,Operations,Master's,Remote,13,22,4,5,3,4,43,23,3,Female,40s,Meets Expectations
E3633,Engineering,High School,Hybrid,5,22,1,5,5,12,71,2,4,Male,30s,Meets Expectations
E3634,Sales,High School,Hybrid,2,50,4,5,3,8,76,12,9,Male,30s,Exceeds Expectations
E3635,Operations,Bachelor's,Remote,3,39,2,3,4,5,46,10,4,Male,30s,Needs Improvement
E3636,Operations,Bachelor's,Hybrid,1,22,3,5,3,6,51,5,4,Male,20s,Meets Expectations
E3637,Sales,Bachelor's,On-site,2,69,3,3,5,6,67,11,8,Female,30s,Meets Expectations
E3638,Engineering,Bachelor's,On-site,8,46,4,2,3,7,55,5,4,Male,40s,Meets Expectations
E3639,Sales,Bachelor's,Remote,3,54,4,3,4,9,71,7,4,Male,30s,Meets Expectations
E3640,Sales,Bachelor's,Hybrid,1,27,3,4,5,2,84,9,4,Male,20s,Exceeds Expectations
E3641,HR,High School,On-site,0,74,3,3,2,6,65,36,7,Male,20s,Needs Improvement
E3642,Engineering,Master's,Hybrid,7,37,4,3,3,1,41,8,6,Male,50+,Meets Expectations
E3643,Sales,Bachelor's,On-site,6,60,5,4,5,3,71,17,2,Male,30s,Exceeds Expectations
E3644,Marketing,Bachelor's,On-site,3,28,3,4,3,8,63,50,1,Female,30s,Needs Improvement
E3645,Marketing,Bachelor's,Remote,4,43,2,4,4,7,77,23,5,Female,30s,Meets Expectations
E3646,Marketing,Bachelor's,Hybrid,1,51,3,3,3,7,100,2,3,Female,20s,Meets Expectations
E3647,Sales,Master's,On-site,17,80,4,2,5,6,53,4,4,Female,40s,Exceeds Expectations
E3648,Sales,Master's,Hybrid,4,31,3,2,2,6,56,23,9,Male,30s,Needs Improvement
E3649,Sales,Master's,Remote,4,44,2,3,5,5,73,1,6,Female,40s,Meets Expectations
E3650,Operations,Bachelor's,On-site,2,52,2,3,2,12,82,2,2,Female,30s,Needs Improvement
E3651,Sales,Bachelor's,On-site,16,12,3,3,2,4,100,23,6,Male,40s,Meets Expectations
E3652,Marketing,Bachelor's,On-site,7,0,2,1,2,5,61,14,5,Male,30s,Needs Improvement
E3653,HR,Bachelor's,On-site,11,20,3,2,3,1,54,1,1,Male,40s,Needs Improvement
E3654,Operations,Bachelor's,On-site,9,59,3,4,3,6,55,6,2,Female,40s,Meets Expectations
E3655,Sales,Bachelor's,On-site,4,74,3,2,3,8,61,10,4,Female,40s,Meets Expectations
E3656,Sales,High School,On-site,6,22,2,3,3,6,64,7,4,Female,30s,Meets Expectations
E3657,Operations,Bachelor's,Hybrid,6,16,4,2,3,4,71,16,7,Female,30s,Meets Expectations
E3658,Engineering,High School,On-site,17,71,2,2,3,9,69,23,3,Female,50+,Meets Expectations
E3659,Marketing,Bachelor's,On-site,2,29,3,3,4,6,48,7,7,Male,20s,Needs Improvement
E3660,Sales,Bachelor's,Hybrid,6,33,4,3,3,8,43,3,2,Female,30s,Meets Expectations
E3661,Operations,PhD,On-site,3,69,3,4,1,7,66,5,3,Female,30s,Meets Expectations
E3662,Finance,Bachelor's,On-site,11,66,5,2,3,4,56,14,5,Male,40s,Exceeds Expectations
E3663,Engineering,High School,Remote,2,59,2,2,4,6,58,22,7,Female,30s,Meets Expectations
E3664,Operations,Bachelor's,Hybrid,8,6,3,4,3,6,82,9,6,Female,30s,Meets Expectations
E3665,Finance,Bachelor's,Hybrid,3,15,3,3,2,6,78,26,2,Female,30s,Needs Improvement
E3666,Marketing,Master's,Hybrid,0,62,5,4,4,5,62,10,5,Female,20s,Exceeds Expectations
E3667,Engineering,High School,Remote,6,46,4,3,2,6,84,2,4,Male,30s,Meets Expectations
E3668,Engineering,PhD,On-site,1,24,4,4,3,7,85,12,7,Female,20s,Meets Expectations
E3669,Marketing,Master's,On-site,0,33,4,1,3,9,90,36,5,Female,20s,Meets Expectations
E3670,Sales,Bachelor's,Remote,9,62,3,4,4,4,93,13,4,Male,30s,Exceeds Expectations
E3671,Operations,Master's,On-site,10,71,4,3,4,7,65,17,7,Male,40s,Exceeds Expectations
E3672,Engineering,Bachelor's,Hybrid,5,40,1,2,4,7,86,2,7,Male,40s,Meets Expectations
E3673,Marketing,PhD,On-site,9,26,4,2,4,11,63,12,8,Male,40s,Meets Expectations
E3674,Engineering,Bachelor's,On-site,0,34,4,3,2,1,87,7,9,Male,20s,Meets Expectations
E3675,Marketing,PhD,Hybrid,1,67,4,3,5,6,64,14,3,Female,20s,Exceeds Expectations
E3676,Engineering,Bachelor's,Hybrid,11,66,2,3,1,6,68,4,3,Male,50+,Needs Improvement
E3677,Sales,Bachelor's,Hybrid,2,44,2,2,5,5,52,31,5,Female,20s,Needs Improvement
E3678,Engineering,PhD,On-site,3,29,2,4,3,4,52,13,4,Female,40s,Needs Improvement
E3679,Marketing,Bachelor's,On-site,3,62,4,3,4,4,75,14,7,Non-binary,30s,Exceeds Expectations
E3680,Sales,Bachelor's,Hybrid,3,72,4,3,5,6,84,25,2,Female,30s,Exceeds Expectations
E3681,Finance,High School,On-site,2,11,2,3,4,10,51,13,10,Female,30s,Needs Improvement
E3682,Engineering,High School,Hybrid,3,35,5,4,4,5,89,2,7,Female,40s,Exceeds Expectations
E3683,HR,Bachelor's,Hybrid,3,63,4,3,4,6,87,1,6,Male,30s,Exceeds Expectations
E3684,Marketing,Bachelor's,On-site,5,41,3,3,2,4,74,43,9,Female,30s,Needs Improvement
E3685,Engineering,Bachelor's,On-site,2,30,3,3,2,7,83,13,8,Male,20s,Meets Expectations
E3686,Engineering,Master's,Hybrid,2,44,4,4,4,8,60,9,5,Female,30s,Meets Expectations
E3687,Sales,High School,On-site,2,47,4,4,3,8,45,8,6,Male,20s,Needs Improvement
E3688,Marketing,Master's,On-site,11,17,5,4,3,3,60,6,1,Female,40s,Exceeds Expectations
E3689,Operations,Bachelor's,Remote,21,42,2,3,5,9,87,14,8,Female,50+,Exceeds Expectations
E3690,Engineering,Master's,On-site,14,47,2,5,4,11,88,11,5,Female,40s,Exceeds Expectations
E3691,Finance,Master's,Hybrid,13,30,3,4,3,8,49,9,4,Female,40s,Meets Expectations
E3692,Finance,Master's,On-site,6,24,4,3,4,5,49,4,9,Female,30s,Meets Expectations
E3693,Marketing,High School,On-site,0,29,3,3,2,12,54,11,14,Female,20s,Needs Improvement
E3694,HR,Bachelor's,Hybrid,2,21,5,4,2,5,37,9,1,Male,20s,Meets Expectations
E3695,Operations,Master's,On-site,7,57,3,1,3,6,58,15,5,Male,40s,Meets Expectations
E3696,HR,Master's,Hybrid,4,20,4,4,3,5,76,7,3,Female,20s,Meets Expectations
E3697,Operations,High School,On-site,4,44,2,2,3,1,20,5,3,Male,30s,Needs Improvement
E3698,Engineering,Bachelor's,Hybrid,7,33,4,2,4,4,67,6,8,Male,30s,Meets Expectations
E3699,Operations,Master's,Hybrid,3,26,5,2,3,5,91,4,0,Non-binary,20s,Exceeds Expectations
E3700,Operations,Bachelor's,Hybrid,1,67,3,2,4,7,83,2,7,Female,20s,Meets Expectations
E3701,Operations,Bachelor's,Hybrid,5,37,4,3,4,6,74,8,7,Female,30s,Exceeds Expectations
E3702,Sales,Master's,On-site,3,27,4,4,2,5,70,3,10,Non-binary,20s,Meets Expectations
E3703,Operations,Bachelor's,On-site,4,25,4,4,4,9,86,24,2,Male,20s,Exceeds Expectations
E3704,Engineering,Bachelor's,Remote,4,47,5,5,3,12,76,16,5,Male,20s,Exceeds Expectations
E3705,Marketing,Bachelor's,Hybrid,11,57,4,3,4,3,64,6,2,Male,40s,Meets Expectations
E3706,Sales,Bachelor's,Hybrid,6,65,4,3,3,9,83,13,3,Male,30s,Exceeds Expectations
E3707,Marketing,Bachelor's,Hybrid,8,37,4,4,5,4,46,16,6,Male,30s,Meets Expectations
E3708,Sales,Master's,On-site,4,35,2,2,4,8,81,7,8,Male,40s,Meets Expectations
E3709,Engineering,Bachelor's,On-site,8,43,3,2,3,5,77,5,7,Female,30s,Meets Expectations
E3710,Engineering,Master's,On-site,2,43,2,3,3,1,71,1,5,Non-binary,30s,Needs Improvement
E3711,Engineering,Master's,Hybrid,7,25,3,3,5,8,70,18,8,Male,40s,Exceeds Expectations
E3712,Sales,Master's,On-site,3,69,4,1,2,6,95,6,5,Female,40s,Meets Expectations
E3713,Operations,Bachelor's,On-site,5,40,3,4,3,8,85,18,6,Female,30s,Meets Expectations
E3714,Finance,Bachelor's,Hybrid,5,51,1,3,3,7,90,10,3,Male,30s,Exceeds Expectations
E3715,Operations,Master's,Hybrid,1,48,2,4,2,5,76,11,8,Female,20s,Meets Expectations
E3716,Operations,High School,Hybrid,3,48,4,2,2,7,86,6,6,Male,20s,Meets Expectations
E3717,Sales,Bachelor's,Hybrid,10,20,3,3,3,7,75,11,4,Female,40s,Meets Expectations
E3718,HR,High School,Hybrid,4,40,4,2,4,4,66,10,6,Female,40s,Meets Expectations
E3719,HR,Bachelor's,On-site,8,86,2,3,2,9,81,3,4,Male,40s,Meets Expectations
E3720,Engineering,Master's,Hybrid,3,72,4,3,3,7,64,4,3,Non-binary,30s,Meets Expectations
E3721,Marketing,Bachelor's,Hybrid,3,43,4,4,3,7,87,8,11,Male,30s,Meets Expectations
E3722,Finance,Bachelor's,Hybrid,4,33,4,3,2,5,49,29,3,Female,40s,Needs Improvement
E3723,Marketing,High School,Remote,9,0,3,2,4,4,64,3,7,Female,40s,Meets Expectations
E3724,Finance,Bachelor's,On-site,11,30,4,5,3,5,57,2,5,Female,40s,Exceeds Expectations
E3725,Engineering,Bachelor's,Hybrid,6,38,5,3,2,9,100,4,3,Male,30s,Exceeds Expectations
E3726,Finance,Master's,On-site,14,34,1,2,4,7,58,24,7,Female,40s,Needs Improvement
E3727,Engineering,Master's,On-site,7,35,3,1,5,4,67,2,8,Male,30s,Meets Expectations
E3728,Operations,PhD,Hybrid,10,52,1,3,4,4,35,10,8,Male,40s,Needs Improvement
E3729,Engineering,High School,On-site,11,20,2,4,3,1,95,3,4,Female,30s,Meets Expectations
E3730,HR,Bachelor's,On-site,5,45,3,2,3,5,55,9,2,Female,30s,Needs Improvement
E3731,HR,Bachelor's,Hybrid,1,38,3,4,3,5,92,22,8,Non-binary,20s,Exceeds Expectations
E3732,Engineering,Bachelor's,On-site,4,22,4,3,3,11,51,9,3,Female,40s,Meets Expectations
E3733,Sales,Master's,Hybrid,16,73,4,1,4,10,53,18,2,Male,50+,Exceeds Expectations
E3734,Engineering,Master's,On-site,4,55,4,4,3,9,81,7,5,Female,30s,Exceeds Expectations
E3735,Marketing,Bachelor's,Hybrid,3,24,4,3,3,4,43,3,6,Female,30s,Meets Expectations
E3736,Operations,Bachelor's,Hybrid,6,50,2,2,3,11,75,25,8,Female,30s,Needs Improvement
E3737,Sales,PhD,Hybrid,6,12,4,4,4,1,56,14,7,Female,30s,Exceeds Expectations
E3738,HR,Bachelor's,Hybrid,7,27,1,4,4,6,100,13,2,Male,50+,Exceeds Expectations
E3739,Operations,Master's,Remote,2,67,5,2,2,4,97,8,7,Male,30s,Meets Expectations
E3740,Sales,Master's,On-site,2,47,5,3,2,2,88,18,8,Female,30s,Exceeds Expectations
E3741,Operations,High School,On-site,0,45,4,3,3,8,100,9,4,Male,20s,Exceeds Expectations
E3742,Sales,Master's,Remote,4,60,5,3,4,4,58,2,2,Female,20s,Exceeds Expectations
E3743,Sales,Master's,Hybrid,0,52,1,3,4,2,81,8,3,Male,20s,Meets Expectations
E3744,Engineering,Master's,Remote,3,35,4,3,4,8,53,16,5,Male,40s,Meets Expectations
E3745,Engineering,High School,Hybrid,13,59,3,4,3,4,82,13,5,Male,50+,Meets Expectations
E3746,Marketing,High School,Hybrid,2,6,4,4,5,6,74,2,3,Male,30s,Exceeds Expectations
E3747,Operations,Master's,On-site,0,27,2,1,3,10,48,2,7,Female,20s,Needs Improvement
E3748,Engineering,High School,On-site,7,38,4,1,3,6,67,11,7,Female,40s,Meets Expectations
E3749,Operations,High School,Hybrid,3,51,4,1,2,8,70,9,4,Female,20s,Meets Expectations
E3750,Sales,Bachelor's,Hybrid,10,34,3,2,3,7,69,6,7,Male,40s,Meets Expectations
E3751,Sales,High School,Hybrid,6,4,3,2,3,6,97,21,4,Female,30s,Meets Expectations
E3752,Operations,Master's,Remote,1,2,2,3,5,5,51,9,3,Male,30s,Needs Improvement
E3753,Operations,Bachelor's,On-site,6,39,3,3,5,3,57,11,2,Female,30s,Meets Expectations
E3754,HR,High School,Hybrid,2,30,4,3,3,4,21,3,5,Female,40s,Needs Improvement
E3755,Engineering,Bachelor's,Remote,3,22,4,3,4,4,79,14,1,Male,30s,Exceeds Expectations
E3756,Engineering,High School,Remote,6,18,4,4,3,3,81,8,8,Male,30s,Meets Expectations
E3757,Engineering,High School,Remote,6,43,4,2,1,5,82,5,7,Female,30s,Needs Improvement
E3758,Operations,Bachelor's,Hybrid,1,66,4,4,3,5,67,14,6,Male,20s,Meets Expectations
E3759,Sales,Bachelor's,Remote,7,43,3,4,4,4,56,20,8,Male,40s,Meets Expectations
E3760,Finance,Bachelor's,On-site,0,66,4,2,4,4,49,5,4,Female,20s,Needs Improvement
E3761,Engineering,Bachelor's,On-site,6,33,4,4,3,5,77,13,5,Male,30s,Meets Expectations
E3762,Sales,Bachelor's,On-site,9,49,2,4,4,7,55,7,3,Female,40s,Meets Expectations
E3763,Sales,Bachelor's,Hybrid,2,67,2,3,3,4,41,11,7,Male,30s,Meets Expectations
E3764,HR,Bachelor's,Remote,7,37,2,1,2,3,85,2,2,Female,40s,Needs Improvement
E3765,Marketing,Master's,Hybrid,2,41,2,4,4,7,62,2,6,Male,30s,Meets Expectations
E3766,Operations,Bachelor's,Hybrid,3,33,2,3,3,11,71,12,2,Female,40s,Meets Expectations
E3767,Operations,Bachelor's,On-site,9,52,3,4,4,6,14,5,4,Female,40s,Needs Improvement
E3768,Finance,Master's,Hybrid,9,58,5,1,2,10,67,13,2,Male,40s,Exceeds Expectations
E3769,Engineering,Master's,On-site,3,47,3,3,3,8,64,9,5,Female,40s,Meets Expectations
E3770,Operations,High School,Hybrid,11,35,2,2,4,5,98,4,6,Male,40s,Exceeds Expectations
E3771,Operations,Bachelor's,On-site,5,10,3,4,4,8,64,8,4,Male,30s,Meets Expectations
E3772,Operations,Master's,Hybrid,1,39,3,2,3,8,20,8,7,Female,20s,Needs Improvement
E3773,Sales,High School,Hybrid,4,36,3,5,4,5,64,16,6,Female,40s,Meets Expectations
E3774,Engineering,Master's,Hybrid,6,45,3,4,4,9,68,11,8,Male,40s,Meets Expectations
E3775,Finance,Bachelor's,Hybrid,4,42,4,3,2,5,89,7,5,Female,40s,Meets Expectations
E3776,Sales,Master's,Remote,2,71,2,4,3,7,67,13,2,Female,20s,Meets Expectations
E3777,Sales,Master's,Remote,2,26,2,2,4,10,61,14,7,Female,20s,Meets Expectations
E3778,Sales,PhD,On-site,5,8,4,2,4,6,66,3,7,Female,40s,Meets Expectations
E3779,HR,Bachelor's,On-site,3,17,3,4,3,6,100,11,1,Male,30s,Exceeds Expectations
E3780,Sales,Master's,On-site,0,27,5,2,3,4,76,2,7,Male,20s,Meets Expectations
E3781,Finance,Bachelor's,On-site,10,62,3,2,2,3,63,4,3,Male,30s,Meets Expectations
E3782,Marketing,Bachelor's,On-site,0,14,3,3,4,7,85,7,1,Male,20s,Meets Expectations
E3783,HR,Master's,Remote,2,17,4,2,4,5,49,1,6,Male,20s,Needs Improvement
E3784,Engineering,Bachelor's,Remote,15,48,2,5,4,8,55,20,6,Male,40s,Meets Expectations
E3785,Operations,Master's,On-site,7,57,4,4,2,4,59,15,11,Male,50+,Meets Expectations
E3786,Sales,High School,Hybrid,1,9,3,3,4,5,38,11,5,Female,20s,Needs Improvement
E3787,Sales,Bachelor's,Remote,6,5,4,2,3,6,85,3,2,Male,30s,Meets Expectations
E3788,Sales,Bachelor's,On-site,5,24,3,4,3,8,55,21,5,Female,30s,Needs Improvement
E3789,Sales,Bachelor's,Remote,7,53,3,4,5,6,70,17,3,Female,50+,Exceeds Expectations
E3790,Marketing,High School,Remote,3,43,3,3,4,8,58,7,4,Female,30s,Meets Expectations
E3791,Engineering,Bachelor's,Remote,4,25,4,2,3,7,74,7,7,Female,30s,Meets Expectations
E3792,Operations,PhD,Hybrid,12,55,3,2,3,9,100,15,8,Female,50+,Exceeds Expectations
E3793,Engineering,Master's,On-site,4,42,4,3,3,4,62,7,4,Female,30s,Meets Expectations
E3794,Operations,Master's,On-site,7,38,5,4,4,5,60,1,5,Female,40s,Meets Expectations
E3795,Marketing,High School,Remote,0,8,3,3,2,8,46,22,4,Female,20s,Needs Improvement
E3796,Engineering,Bachelor's,On-site,5,25,4,4,4,7,63,9,6,Female,30s,Meets Expectations
E3797,Marketing,Master's,Hybrid,0,79,5,4,1,5,36,10,5,Female,20s,Meets Expectations
E3798,Sales,High School,On-site,3,33,4,3,2,6,93,5,3,Male,20s,Meets Expectations
E3799,Operations,Bachelor's,Hybrid,11,21,1,4,5,4,57,13,2,Male,40s,Meets Expectations
E3800,Finance,Master's,On-site,5,32,3,2,3,5,52,11,0,Female,30s,Meets Expectations
E3801,HR,High School,Remote,6,42,2,3,5,7,65,10,5,Female,30s,Meets Expectations
E3802,Sales,Master's,Hybrid,1,58,4,2,3,8,79,7,2,Female,20s,Meets Expectations
E3803,Operations,Bachelor's,Hybrid,4,52,3,4,2,6,64,7,7,Female,30s,Needs Improvement
E3804,Marketing,Bachelor's,On-site,6,26,4,2,2,6,87,9,3,Female,30s,Meets Expectations
E3805,HR,Bachelor's,Hybrid,8,65,4,3,5,6,60,21,3,Female,40s,Exceeds Expectations
E3806,Sales,PhD,Hybrid,0,56,4,3,2,5,54,22,2,Male,20s,Meets Expectations
E3807,Sales,Bachelor's,Remote,5,31,2,4,5,5,67,4,9,Male,20s,Meets Expectations
E3808,Finance,Master's,Remote,5,37,4,2,4,9,65,36,7,Male,30s,Meets Expectations
E3809,Marketing,Bachelor's,Hybrid,4,52,5,4,4,6,84,13,7,Female,30s,Exceeds Expectations
E3810,Operations,Master's,Remote,8,61,2,2,3,7,82,15,5,Female,40s,Meets Expectations
E3811,HR,Bachelor's,Hybrid,4,10,3,2,3,6,60,8,6,Male,30s,Needs Improvement
E3812,Marketing,Bachelor's,Hybrid,2,41,4,3,4,4,41,10,4,Male,30s,Needs Improvement
E3813,Sales,Master's,Hybrid,6,39,3,4,5,10,78,19,4,Male,30s,Exceeds Expectations
E3814,Finance,Master's,On-site,7,29,5,2,4,5,47,17,4,Male,30s,Meets Expectations
E3815,Sales,Master's,Hybrid,14,28,4,1,4,4,66,5,6,Male,40s,Meets Expectations
E3816,Operations,High School,Hybrid,2,61,4,2,3,4,77,8,6,Female,20s,Meets Expectations
E3817,Sales,Master's,On-site,2,51,4,3,5,4,99,5,7,Male,30s,Exceeds Expectations
E3818,Finance,Bachelor's,Hybrid,5,82,4,5,4,3,100,2,3,Female,30s,Exceeds Expectations
E3819,Operations,PhD,On-site,16,29,3,4,5,2,75,13,4,Male,50+,Exceeds Expectations
E3820,Finance,Bachelor's,Hybrid,2,43,3,2,3,4,34,8,4,Female,30s,Needs Improvement
E3821,Sales,High School,Remote,4,46,4,3,3,3,49,16,2,Female,40s,Needs Improvement
E3822,Finance,Bachelor's,On-site,3,58,3,5,4,6,65,13,3,Female,40s,Meets Expectations
E3823,Engineering,Bachelor's,On-site,7,67,3,3,4,3,62,5,4,Female,30s,Meets Expectations
E3824,Engineering,Bachelor's,Hybrid,6,42,2,3,4,5,70,20,5,Male,30s,Meets Expectations
E3825,Operations,Master's,On-site,5,18,4,3,3,5,70,6,3,Female,30s,Meets Expectations
E3826,Operations,Master's,On-site,2,26,5,4,3,7,48,24,2,Female,30s,Meets Expectations
E3827,Engineering,Bachelor's,Hybrid,11,43,2,3,3,4,78,8,7,Female,40s,Meets Expectations
E3828,Operations,Bachelor's,On-site,6,62,3,4,3,8,52,6,5,Male,30s,Meets Expectations
E3829,Sales,Master's,Hybrid,3,11,3,4,3,8,71,6,10,Male,30s,Meets Expectations
E3830,Operations,Master's,On-site,1,17,4,4,3,6,99,14,3,Male,20s,Exceeds Expectations
E3831,Operations,Bachelor's,On-site,2,55,5,3,4,9,51,11,3,Female,20s,Meets Expectations
E3832,Operations,Master's,On-site,9,14,3,2,2,6,71,7,4,Female,50+,Needs Improvement
E3833,Operations,High School,Remote,8,17,1,3,1,9,61,11,4,Female,30s,Needs Improvement
E3834,Operations,Master's,Hybrid,3,63,4,3,3,6,51,27,5,Female,20s,Needs Improvement
E3835,Marketing,Master's,On-site,8,36,3,2,5,7,70,14,11,Female,40s,Meets Expectations
E3836,Engineering,Bachelor's,Hybrid,8,34,3,3,4,9,55,3,3,Male,30s,Meets Expectations
E3837,Sales,High School,Hybrid,9,67,4,4,3,5,81,7,1,Male,40s,Exceeds Expectations
E3838,Finance,Master's,Hybrid,1,19,3,3,4,5,79,14,3,Female,30s,Meets Expectations
E3839,Engineering,Bachelor's,On-site,5,15,3,2,3,10,97,4,5,Male,30s,Exceeds Expectations
E3840,Operations,Bachelor's,On-site,3,73,3,2,4,2,81,26,6,Female,30s,Meets Expectations
E3841,Engineering,Bachelor's,Hybrid,1,45,4,5,4,9,79,20,8,Female,20s,Exceeds Expectations
E3842,Operations,Master's,Hybrid,6,54,4,4,4,5,34,8,5,Male,30s,Meets Expectations
E3843,HR,Bachelor's,Remote,7,34,5,2,4,8,83,19,4,Male,30s,Exceeds Expectations
E3844,Operations,Bachelor's,Hybrid,9,38,4,4,5,4,81,48,6,Male,50+,Meets Expectations
E3845,Operations,PhD,Hybrid,3,26,3,3,4,7,56,11,5,Male,30s,Meets Expectations
E3846,Sales,Master's,Hybrid,0,46,4,5,4,2,98,12,9,Female,20s,Exceeds Expectations
E3847,Finance,Bachelor's,Hybrid,4,57,2,3,3,3,84,4,3,Male,30s,Meets Expectations
E3848,Engineering,Bachelor's,Hybrid,22,44,5,4,3,1,72,5,2,Male,50+,Exceeds Expectations
E3849,Operations,Bachelor's,On-site,8,61,4,4,2,6,81,6,7,Female,40s,Meets Expectations
E3850,Operations,Bachelor's,Remote,4,53,3,5,4,7,76,11,8,Male,20s,Meets Expectations
E3851,Sales,High School,On-site,6,19,2,3,5,2,71,10,7,Male,40s,Meets Expectations
E3852,Engineering,High School,Hybrid,4,37,4,5,4,7,65,23,3,Male,20s,Exceeds Expectations
E3853,Sales,High School,Hybrid,0,31,3,3,4,2,89,13,7,Female,20s,Meets Expectations
E3854,Engineering,Bachelor's,Remote,3,55,3,3,3,5,44,13,4,Female,30s,Meets Expectations
E3855,Operations,Bachelor's,On-site,2,49,2,3,3,7,71,18,10,Male,30s,Needs Improvement
E3856,Engineering,High School,Remote,0,43,3,4,2,4,93,12,5,Male,20s,Meets Expectations
E3857,Operations,Master's,On-site,3,60,3,3,3,5,70,3,6,Female,20s,Needs Improvement
E3858,Operations,High School,On-site,7,3,4,5,4,9,81,41,5,Female,30s,Meets Expectations
E3859,Operations,Master's,Remote,5,28,3,5,3,5,68,3,6,Female,30s,Meets Expectations
E3860,Marketing,Bachelor's,On-site,7,30,1,3,3,7,51,6,6,Female,40s,Needs Improvement
E3861,Engineering,Bachelor's,Hybrid,2,45,3,2,4,8,83,5,4,Male,20s,Meets Expectations
E3862,Operations,High School,Hybrid,9,51,2,4,4,7,92,1,2,Male,40s,Exceeds Expectations
E3863,Finance,High School,Remote,2,40,2,1,2,5,59,22,3,Male,20s,Needs Improvement
E3864,Operations,Master's,Hybrid,12,14,4,4,3,3,77,3,2,Male,50+,Exceeds Expectations
E3865,Sales,Bachelor's,On-site,0,48,2,2,3,6,73,3,4,Male,20s,Needs Improvement
E3866,Engineering,High School,Remote,1,43,4,4,3,7,62,15,2,Male,20s,Meets Expectations
E3867,Operations,Bachelor's,On-site,11,11,3,2,3,9,87,17,3,Female,40s,Meets Expectations
E3868,Operations,Bachelor's,Hybrid,3,34,3,3,2,8,64,4,8,Female,50+,Needs Improvement
E3869,Engineering,High School,Hybrid,5,47,2,4,3,7,51,6,4,Male,30s,Needs Improvement
E3870,Finance,Bachelor's,Hybrid,11,73,4,4,3,6,62,14,4,Male,40s,Exceeds Expectations
E3871,Engineering,Bachelor's,Hybrid,3,18,4,3,2,6,65,9,7,Female,30s,Meets Expectations
E3872,HR,Bachelor's,Remote,1,56,2,3,3,6,57,8,5,Female,20s,Needs Improvement
E3873,Sales,Master's,Hybrid,3,18,4,4,3,3,59,3,5,Male,30s,Meets Expectations
E3874,Sales,Bachelor's,Remote,1,15,2,4,4,7,49,14,7,Female,20s,Needs Improvement
E3875,Engineering,Master's,On-site,2,16,4,3,2,5,63,22,6,Male,20s,Meets Expectations
E3876,Engineering,Bachelor's,On-site,10,52,2,3,4,5,71,29,4,Female,40s,Meets Expectations
E3877,Sales,Bachelor's,Hybrid,2,43,3,2,4,11,53,22,5,Male,20s,Meets Expectations
E3878,Engineering,Master's,On-site,11,34,2,3,3,7,50,5,3,Male,30s,Meets Expectations
E3879,Sales,Bachelor's,Hybrid,1,49,3,4,5,9,51,7,2,Male,20s,Meets Expectations
E3880,Marketing,High School,Hybrid,10,41,3,3,4,5,65,8,11,Male,30s,Meets Expectations
E3881,Finance,PhD,Hybrid,2,42,2,2,4,6,59,19,4,Male,30s,Meets Expectations
E3882,Marketing,PhD,On-site,10,34,4,5,4,6,41,23,3,Female,40s,Exceeds Expectations
E3883,Engineering,Bachelor's,On-site,2,19,4,1,2,7,47,4,4,Female,30s,Needs Improvement
E3884,Engineering,Bachelor's,On-site,3,74,5,4,3,5,66,22,2,Male,40s,Exceeds Expectations
E3885,Operations,Master's,On-site,4,68,4,3,4,5,61,6,5,Male,20s,Meets Expectations
E3886,Operations,Master's,On-site,3,72,4,4,3,9,66,10,5,Male,30s,Meets Expectations
E3887,Operations,Bachelor's,Remote,2,29,2,2,3,8,93,27,1,Non-binary,20s,Needs Improvement
E3888,Operations,High School,On-site,5,26,1,3,4,8,72,3,5,Male,30s,Needs Improvement
E3889,Marketing,Master's,Remote,2,32,3,3,4,3,38,18,5,Male,30s,Meets Expectations
E3890,Operations,High School,Remote,3,61,5,3,3,7,57,7,3,Male,20s,Meets Expectations
E3891,Sales,Master's,On-site,2,40,5,1,3,8,73,13,5,Female,20s,Meets Expectations
E3892,Operations,Bachelor's,Remote,1,29,3,5,3,6,57,8,4,Male,20s,Meets Expectations
E3893,Operations,Bachelor's,On-site,0,47,3,4,4,5,52,2,3,Male,20s,Needs Improvement
E3894,Operations,Bachelor's,Hybrid,3,25,4,3,5,4,82,12,7,Male,20s,Meets Expectations
E3895,Sales,Bachelor's,Remote,11,13,3,3,4,3,61,5,4,Female,40s,Meets Expectations
E3896,Sales,Bachelor's,Remote,0,43,3,5,5,8,54,2,8,Male,20s,Meets Expectations
E3897,Sales,Bachelor's,On-site,1,30,4,2,3,9,54,1,5,Male,20s,Meets Expectations
E3898,Sales,Bachelor's,On-site,14,40,5,2,3,7,94,14,10,Female,50+,Exceeds Expectations
E3899,Operations,Bachelor's,On-site,5,0,5,4,3,3,49,1,5,Female,30s,Needs Improvement
E3900,Finance,Master's,Remote,5,22,5,4,3,7,64,12,1,Male,30s,Exceeds Expectations
E3901,Engineering,Bachelor's,On-site,13,39,1,2,3,9,65,4,5,Male,40s,Meets Expectations
E3902,Finance,Master's,Hybrid,12,10,4,4,4,1,78,14,6,Male,40s,Exceeds Expectations
E3903,Sales,Bachelor's,On-site,0,10,2,3,4,11,54,2,7,Male,20s,Needs Improvement
E3904,HR,Master's,On-site,6,41,5,2,3,5,54,4,2,Female,30s,Meets Expectations
E3905,Sales,Bachelor's,Hybrid,0,54,5,4,3,4,80,10,10,Female,20s,Meets Expectations
E3906,HR,High School,On-site,18,22,4,4,3,2,100,10,4,Male,50+,Exceeds Expectations
E3907,Finance,Bachelor's,Hybrid,1,35,3,3,4,4,58,3,6,Female,20s,Meets Expectations
E3908,Finance,High School,Hybrid,1,35,3,4,4,9,57,14,5,Female,20s,Meets Expectations
E3909,Finance,Master's,Hybrid,1,9,3,4,3,6,100,7,6,Female,20s,Exceeds Expectations
E3910,Sales,Master's,Hybrid,1,64,4,4,3,8,62,11,8,Female,20s,Meets Expectations
E3911,Finance,Master's,On-site,15,36,4,3,5,3,62,16,4,Female,40s,Exceeds Expectations
E3912,Engineering,Master's,Hybrid,11,37,5,3,3,7,71,9,4,Male,50+,Exceeds Expectations
E3913,Sales,Master's,Hybrid,6,47,5,3,3,8,75,12,5,Female,30s,Exceeds Expectations
E3914,Marketing,PhD,Hybrid,1,9,2,4,3,8,72,9,4,Male,20s,Needs Improvement
E3915,Finance,Master's,On-site,0,58,4,4,3,4,83,14,7,Female,20s,Exceeds Expectations
E3916,Operations,Bachelor's,On-site,7,61,4,3,2,5,46,0,6,Male,30s,Needs Improvement
E3917,Sales,High School,Remote,5,43,3,3,3,4,64,9,4,Female,30s,Meets Expectations
E3918,Operations,Bachelor's,Remote,3,49,4,5,4,7,85,20,4,Female,30s,Exceeds Expectations
E3919,Sales,Master's,On-site,2,33,4,4,5,4,31,11,6,Female,30s,Meets Expectations
E3920,HR,Bachelor's,On-site,3,57,3,3,3,2,47,5,5,Non-binary,40s,Needs Improvement
E3921,Operations,Bachelor's,On-site,3,24,3,4,4,2,79,11,6,Male,30s,Meets Expectations
E3922,Finance,Master's,Hybrid,3,39,3,3,4,8,69,14,5,Male,30s,Meets Expectations
E3923,Operations,Bachelor's,On-site,2,41,3,4,4,6,58,13,6,Female,20s,Meets Expectations
E3924,Operations,Bachelor's,Remote,5,39,3,5,3,6,73,5,5,Female,40s,Meets Expectations
E3925,Engineering,Master's,On-site,2,61,2,4,4,8,75,8,4,Male,30s,Meets Expectations
E3926,Operations,Bachelor's,Remote,5,84,4,5,5,2,54,14,3,Female,40s,Exceeds Expectations
E3927,Operations,Bachelor's,On-site,7,38,5,3,5,10,67,8,4,Male,40s,Exceeds Expectations
E3928,Sales,Bachelor's,On-site,1,49,3,3,5,4,49,33,3,Male,20s,Meets Expectations
E3929,Engineering,Bachelor's,On-site,1,24,4,4,4,8,86,14,6,Male,20s,Exceeds Expectations
E3930,Sales,Bachelor's,On-site,1,61,3,1,4,5,43,10,1,Female,20s,Meets Expectations
E3931,Operations,Bachelor's,Remote,2,30,2,3,3,10,66,9,4,Female,20s,Needs Improvement
E3932,Operations,Bachelor's,Hybrid,12,103,5,4,1,6,81,4,6,Female,40s,Exceeds Expectations
E3933,Operations,Master's,On-site,9,7,1,4,4,11,100,7,8,Male,30s,Meets Expectations
E3934,Sales,High School,Remote,13,83,3,1,3,5,65,18,6,Male,40s,Meets Expectations
E3935,Engineering,Bachelor's,On-site,11,60,3,2,4,8,100,13,8,Female,40s,Exceeds Expectations
E3936,HR,Bachelor's,On-site,7,18,5,3,4,7,50,16,4,Male,30s,Meets Expectations
E3937,Sales,Bachelor's,On-site,16,86,4,4,2,7,77,6,9,Female,40s,Exceeds Expectations
E3938,Engineering,Bachelor's,Hybrid,2,21,5,4,5,4,57,14,6,Female,40s,Exceeds Expectations
E3939,Engineering,Bachelor's,Remote,8,34,3,3,4,7,94,8,7,Female,30s,Exceeds Expectations
E3940,Engineering,Bachelor's,On-site,15,14,3,4,2,5,67,4,7,Male,40s,Meets Expectations
E3941,Engineering,Master's,Hybrid,9,37,2,4,2,3,52,22,3,Female,30s,Needs Improvement
E3942,Finance,Bachelor's,On-site,4,39,4,3,1,6,88,13,3,Female,30s,Meets Expectations
E3943,Sales,PhD,On-site,3,57,2,4,4,5,61,15,8,Female,20s,Meets Expectations
E3944,Sales,Bachelor's,Hybrid,4,89,3,3,3,6,47,2,5,Female,40s,Needs Improvement
E3945,Marketing,Master's,Hybrid,10,30,5,4,3,6,63,4,5,Male,40s,Exceeds Expectations
E3946,Operations,Bachelor's,Hybrid,4,0,4,2,3,8,84,4,5,Female,30s,Meets Expectations
E3947,Finance,Master's,On-site,11,53,3,4,3,6,66,5,3,Male,40s,Meets Expectations
E3948,Marketing,Master's,On-site,0,29,3,4,4,4,62,21,4,Male,20s,Meets Expectations
E3949,Finance,Bachelor's,Hybrid,4,76,2,3,2,9,68,4,4,Female,30s,Meets Expectations
E3950,Finance,Bachelor's,Hybrid,3,39,1,4,2,5,30,12,3,Male,30s,Needs Improvement
E3951,Finance,PhD,Hybrid,2,25,4,5,4,9,100,12,2,Male,20s,Exceeds Expectations
E3952,HR,PhD,On-site,16,20,4,2,3,3,67,5,2,Male,50+,Meets Expectations
E3953,Marketing,PhD,Hybrid,6,52,4,4,4,8,83,22,3,Female,30s,Exceeds Expectations
E3954,Sales,Bachelor's,On-site,5,34,3,4,3,10,92,9,6,Male,30s,Exceeds Expectations
E3955,Sales,High School,Hybrid,2,69,3,3,5,10,51,18,2,Male,30s,Exceeds Expectations
E3956,Engineering,Bachelor's,Hybrid,0,36,5,4,4,1,47,8,5,Female,20s,Exceeds Expectations
E3957,Sales,Master's,On-site,4,68,2,3,5,6,93,6,4,Male,20s,Exceeds Expectations
E3958,Sales,High School,Hybrid,3,12,3,4,4,12,55,2,2,Female,40s,Meets Expectations
E3959,Marketing,Bachelor's,Hybrid,2,5,3,1,4,4,62,11,1,Male,30s,Needs Improvement
E3960,HR,Bachelor's,Hybrid,3,57,3,5,3,5,56,24,10,Male,20s,Meets Expectations
E3961,Engineering,Bachelor's,Remote,8,31,3,2,4,5,20,14,4,Male,40s,Needs Improvement
E3962,Sales,Master's,Hybrid,4,35,3,3,4,8,64,14,3,Female,40s,Meets Expectations
E3963,Sales,Bachelor's,On-site,4,20,4,2,3,7,67,19,4,Male,40s,Meets Expectations
E3964,Finance,Master's,On-site,1,18,2,5,2,2,85,13,4,Female,30s,Meets Expectations
E3965,Sales,Bachelor's,Hybrid,2,53,3,3,4,7,61,4,9,Male,30s,Meets Expectations
E3966,Engineering,Bachelor's,On-site,2,40,4,3,5,13,58,8,3,Male,20s,Exceeds Expectations
E3967,Engineering,Bachelor's,Hybrid,3,19,3,4,3,6,76,14,6,Female,20s,Meets Expectations
E3968,HR,Bachelor's,On-site,2,56,3,4,3,6,82,21,5,Male,20s,Meets Expectations
E3969,Engineering,Bachelor's,On-site,3,63,4,3,3,6,49,10,6,Male,30s,Meets Expectations
E3970,HR,Master's,On-site,3,38,2,2,4,7,36,16,2,Male,20s,Needs Improvement
E3971,Marketing,Bachelor's,Remote,0,60,2,2,2,4,100,5,4,Female,20s,Meets Expectations
E3972,Operations,High School,Hybrid,3,20,3,4,3,5,93,31,8,Female,30s,Meets Expectations
E3973,Marketing,Master's,Hybrid,4,52,3,4,2,6,57,14,5,Female,30s,Needs Improvement
E3974,Engineering,Bachelor's,On-site,6,43,3,3,4,7,62,12,2,Male,50+,Meets Expectations
E3975,Sales,Bachelor's,Remote,4,24,4,4,3,6,67,14,4,Female,30s,Meets Expectations
E3976,Operations,Bachelor's,Remote,6,81,2,1,3,7,54,43,2,Female,30s,Needs Improvement
E3977,Engineering,Bachelor's,On-site,5,45,1,3,3,7,58,4,2,Female,30s,Meets Expectations
E3978,Operations,High School,Hybrid,5,28,5,3,4,9,66,4,6,Male,30s,Exceeds Expectations
E3979,HR,Bachelor's,Remote,13,40,5,4,4,6,45,8,5,Female,40s,Meets Expectations
E3980,Engineering,High School,On-site,6,23,4,2,4,5,100,3,3,Male,40s,Exceeds Expectations
E3981,Engineering,Bachelor's,On-site,6,17,2,4,4,7,41,1,5,Female,30s,Needs Improvement
E3982,Operations,Bachelor's,Hybrid,4,31,3,5,5,5,34,16,8,Male,30s,Meets Expectations
E3983,Operations,Master's,Hybrid,5,32,2,1,3,6,82,14,3,Male,30s,Needs Improvement
E3984,Operations,High School,Hybrid,1,24,3,3,4,4,61,20,7,Male,20s,Meets Expectations
E3985,Sales,High School,Hybrid,4,65,3,4,5,6,74,2,4,Male,20s,Exceeds Expectations
E3986,Finance,Master's,On-site,2,25,2,4,2,7,68,20,5,Female,30s,Needs Improvement
E3987,Engineering,Bachelor's,On-site,2,21,4,1,3,7,62,9,7,Female,20s,Meets Expectations
E3988,Sales,Master's,Hybrid,10,16,3,4,2,7,66,14,4,Female,40s,Meets Expectations
E3989,Finance,Bachelor's,On-site,8,14,5,3,4,5,74,21,2,Female,40s,Exceeds Expectations
E3990,Operations,High School,On-site,4,61,3,3,5,6,86,18,3,Non-binary,20s,Exceeds Expectations
E3991,Sales,Bachelor's,On-site,5,45,1,5,4,5,56,18,3,Female,30s,Meets Expectations
E3992,HR,Bachelor's,Remote,2,54,1,3,3,6,75,14,6,Male,20s,Needs Improvement
E3993,Engineering,Bachelor's,On-site,4,60,5,4,4,8,60,19,8,Female,30s,Exceeds Expectations
E3994,Sales,High School,On-site,3,33,3,3,3,7,62,4,5,Male,30s,Meets Expectations
E3995,Engineering,High School,Hybrid,10,69,4,3,4,2,54,2,7,Male,40s,Meets Expectations
E3996,Operations,Master's,On-site,2,27,3,4,4,5,63,2,7,Male,30s,Needs Improvement
E3997,Engineering,Bachelor's,Hybrid,9,18,5,4,5,5,48,21,4,Female,40s,Exceeds Expectations
E3998,Finance,Master's,On-site,5,47,1,2,4,6,49,2,8,Male,30s,Needs Improvement
E3999,Engineering,Bachelor's,Remote,5,43,5,3,4,5,53,14,7,Male,30s,Meets Expectations
E4000,Sales,Bachelor's,On-site,2,43,5,3,5,6,31,2,5,Female,20s,Meets Expectations
E4001,Sales,Bachelor's,On-site,10,60,3,2,2,10,52,19,4,Male,30s,Meets Expectations
E4002,Sales,PhD,On-site,12,42,4,2,3,7,60,2,7,Male,40s,Meets Expectations
E4003,HR,High School,Remote,5,46,3,4,3,6,73,2,7,Female,30s,Meets Expectations
E4004,Marketing,High School,Remote,19,67,2,3,3,4,45,3,6,Female,50+,Meets Expectations
E4005,Operations,Master's,On-site,16,45,4,5,4,5,67,2,4,Female,40s,Exceeds Expectations
E4006,Sales,High School,On-site,3,50,4,4,4,11,74,5,5,Male,30s,Exceeds Expectations
E4007,Marketing,Bachelor's,On-site,5,12,4,4,3,6,63,14,6,Male,30s,Meets Expectations
E4008,Operations,Bachelor's,On-site,5,114,4,5,4,2,70,29,7,Male,40s,Meets Expectations
E4009,Sales,Master's,On-site,3,8,3,4,3,7,71,4,5,Female,20s,Meets Expectations
E4010,Operations,Bachelor's,Remote,4,29,5,3,2,8,62,6,6,Male,40s,Meets Expectations
E4011,Operations,Master's,On-site,8,29,3,2,3,7,57,25,2,Male,30s,Needs Improvement
E4012,Operations,Master's,Remote,5,82,4,4,3,5,70,9,3,Female,30s,Exceeds Expectations
E4013,Marketing,Bachelor's,On-site,8,28,3,5,5,7,50,26,10,Male,40s,Meets Expectations
E4014,Finance,Bachelor's,Remote,4,49,4,3,5,9,31,4,3,Male,50+,Meets Expectations
E4015,HR,Master's,Hybrid,8,29,3,1,3,4,56,8,5,Female,30s,Meets Expectations
E4016,Marketing,Master's,On-site,5,19,3,2,2,8,58,3,5,Female,30s,Needs Improvement
E4017,Operations,Master's,Hybrid,12,51,5,5,2,5,70,8,4,Male,50+,Exceeds Expectations
E4018,Engineering,High School,On-site,6,26,2,3,3,7,69,9,3,Female,40s,Needs Improvement
E4019,Operations,Master's,Remote,2,44,3,5,4,5,57,10,5,Female,30s,Meets Expectations
E4020,HR,Master's,Hybrid,5,53,3,3,3,7,69,17,6,Non-binary,30s,Meets Expectations
E4021,Engineering,PhD,Remote,10,78,4,3,2,5,82,24,9,Male,30s,Meets Expectations
E4022,Marketing,Bachelor's,Remote,4,15,4,5,5,9,64,3,6,Male,30s,Exceeds Expectations
E4023,Operations,Master's,On-site,1,37,3,3,4,4,52,12,4,Female,20s,Needs Improvement
E4024,Marketing,Master's,Hybrid,0,38,3,3,5,6,61,18,5,Male,20s,Meets Expectations
E4025,Operations,Master's,Hybrid,3,40,3,4,2,9,79,8,8,Male,20s,Meets Expectations
E4026,Sales,Master's,On-site,1,91,4,3,5,6,44,3,2,Female,20s,Meets Expectations
E4027,Operations,Master's,Hybrid,3,37,3,4,3,4,78,18,8,Female,30s,Meets Expectations
E4028,Marketing,Bachelor's,On-site,6,0,4,4,3,7,58,6,5,Female,40s,Meets Expectations
E4029,Operations,Bachelor's,Hybrid,2,36,4,4,3,7,84,25,6,Male,30s,Meets Expectations
E4030,Engineering,Bachelor's,On-site,5,38,3,3,3,4,71,2,4,Male,30s,Meets Expectations
E4031,Sales,Master's,On-site,1,35,1,2,3,5,77,14,5,Male,20s,Needs Improvement
E4032,Operations,High School,Remote,4,26,3,2,4,4,82,27,1,Female,30s,Meets Expectations
E4033,Engineering,Bachelor's,Remote,12,14,4,2,2,1,84,4,8,Female,40s,Needs Improvement
E4034,Sales,PhD,On-site,7,83,3,3,5,6,80,15,5,Male,40s,Exceeds Expectations
E4035,Operations,Master's,On-site,4,46,4,2,4,8,52,3,4,Female,20s,Meets Expectations
E4036,Finance,Master's,Hybrid,5,36,3,2,3,5,79,6,5,Female,30s,Meets Expectations
E4037,Operations,Master's,On-site,5,83,4,2,4,9,45,8,5,Male,50+,Meets Expectations
E4038,Finance,High School,Hybrid,3,23,5,4,4,3,48,12,6,Male,30s,Meets Expectations
E4039,Operations,Bachelor's,Hybrid,3,52,4,4,3,9,66,15,4,Male,30s,Meets Expectations
E4040,HR,Bachelor's,On-site,3,15,2,3,3,8,87,5,3,Female,30s,Exceeds Expectations
E4041,Marketing,Master's,On-site,9,55,2,3,5,6,65,2,3,Male,30s,Meets Expectations
E4042,Operations,Bachelor's,On-site,6,17,4,4,2,4,54,17,7,Male,30s,Meets Expectations
E4043,Finance,High School,On-site,6,49,4,3,3,5,77,5,3,Male,30s,Meets Expectations
E4044,Engineering,Master's,Hybrid,1,79,2,4,2,5,60,27,1,Female,20s,Needs Improvement
E4045,Sales,Bachelor's,On-site,2,42,3,3,4,7,74,5,3,Female,20s,Meets Expectations
E4046,HR,Master's,Remote,6,0,5,2,3,7,69,2,3,Female,30s,Meets Expectations
E4047,Finance,Bachelor's,Hybrid,2,41,3,4,2,3,52,19,7,Male,30s,Meets Expectations
E4048,HR,Master's,On-site,2,50,5,3,3,4,85,9,8,Male,30s,Meets Expectations
E4049,Finance,Bachelor's,Hybrid,3,58,2,2,3,6,41,27,4,Non-binary,30s,Needs Improvement
E4050,Operations,Master's,On-site,3,69,3,4,4,7,53,12,5,Male,30s,Meets Expectations
E4051,Engineering,Master's,On-site,10,70,3,5,2,3,77,8,6,Female,40s,Meets Expectations
E4052,Marketing,Bachelor's,Hybrid,2,37,2,3,3,8,100,27,2,Male,30s,Meets Expectations
E4053,HR,Bachelor's,On-site,3,27,2,2,4,9,39,12,7,Female,40s,Needs Improvement
E4054,Engineering,Master's,On-site,6,18,3,5,4,10,65,8,3,Male,30s,Exceeds Expectations
E4055,HR,Bachelor's,On-site,12,29,3,4,4,1,29,8,3,Female,40s,Needs Improvement
E4056,HR,Master's,On-site,6,50,3,3,3,8,65,18,5,Female,30s,Meets Expectations
E4057,Operations,High School,Hybrid,8,13,3,3,4,3,57,6,5,Male,40s,Meets Expectations
E4058,Sales,Master's,Remote,10,21,5,4,3,4,68,30,4,Male,40s,Exceeds Expectations
E4059,Engineering,Bachelor's,Hybrid,2,51,4,2,1,8,90,7,4,Male,40s,Meets Expectations
E4060,HR,Bachelor's,Remote,4,27,3,2,5,4,81,4,6,Female,30s,Meets Expectations
E4061,Operations,Bachelor's,Hybrid,3,47,4,5,4,6,62,3,8,Male,30s,Meets Expectations
E4062,Marketing,Bachelor's,On-site,8,24,2,2,4,5,78,17,7,Female,40s,Meets Expectations
E4063,Sales,Bachelor's,Remote,5,46,4,4,3,9,68,23,6,Male,30s,Meets Expectations
E4064,Operations,Master's,On-site,4,25,3,5,4,8,51,15,6,Male,30s,Meets Expectations
E4065,Engineering,Master's,On-site,10,2,3,3,3,5,66,17,3,Female,30s,Meets Expectations
E4066,Sales,PhD,Remote,9,59,3,2,3,4,75,16,12,Female,40s,Meets Expectations
E4067,Sales,Master's,Hybrid,3,26,3,4,3,9,100,11,4,Female,20s,Exceeds Expectations
E4068,Finance,Bachelor's,Remote,7,35,2,5,3,8,88,10,4,Female,30s,Meets Expectations
E4069,Operations,Bachelor's,On-site,6,26,5,4,3,5,79,4,5,Male,30s,Meets Expectations
E4070,Engineering,PhD,Hybrid,0,51,4,2,2,4,39,21,8,Female,20s,Needs Improvement
E4071,Operations,Bachelor's,On-site,3,47,3,4,4,4,71,30,4,Female,30s,Meets Expectations
E4072,Finance,Bachelor's,On-site,5,51,2,2,4,7,91,6,3,Male,30s,Meets Expectations
E4073,Operations,Master's,Remote,3,29,1,2,3,5,76,3,5,Male,30s,Needs Improvement
E4074,Operations,PhD,Hybrid,10,39,5,3,3,10,86,11,3,Male,40s,Exceeds Expectations
E4075,Finance,Bachelor's,Hybrid,1,48,3,3,2,8,76,15,4,Male,20s,Meets Expectations
E4076,Engineering,High School,Remote,3,71,4,2,2,6,84,21,5,Male,20s,Meets Expectations
E4077,Sales,Bachelor's,Remote,0,46,2,3,2,9,40,33,7,Female,20s,Needs Improvement
E4078,Operations,Master's,On-site,3,20,3,4,4,4,94,14,5,Male,30s,Exceeds Expectations
E4079,Marketing,Bachelor's,On-site,4,45,3,3,2,8,81,11,5,Male,30s,Meets Expectations
E4080,HR,Master's,Remote,2,37,4,1,4,10,87,13,4,Male,30s,Exceeds Expectations
E4081,Operations,Bachelor's,Hybrid,15,0,3,3,3,3,70,1,7,Non-binary,40s,Needs Improvement
E4082,Operations,Bachelor's,Hybrid,7,3,2,5,4,11,77,4,5,Male,40s,Meets Expectations
E4083,Finance,Bachelor's,On-site,4,39,2,4,4,5,80,12,10,Female,30s,Meets Expectations
E4084,Operations,Bachelor's,On-site,1,40,3,3,3,10,65,16,9,Male,30s,Meets Expectations
E4085,Engineering,Master's,Remote,13,34,2,3,4,8,55,9,10,Female,40s,Needs Improvement
E4086,Finance,High School,Hybrid,6,58,2,4,5,10,50,19,7,Male,30s,Meets Expectations
E4087,Operations,Master's,Hybrid,2,21,3,3,5,4,66,13,6,Female,20s,Meets Expectations
E4088,Engineering,Bachelor's,On-site,0,12,4,4,3,8,54,14,1,Male,20s,Meets Expectations
E4089,Engineering,PhD,On-site,5,23,5,2,2,8,56,13,3,Male,30s,Meets Expectations
E4090,Operations,Master's,Hybrid,13,28,3,3,3,2,92,21,3,Female,40s,Meets Expectations
E4091,HR,Bachelor's,Remote,10,39,3,3,4,7,94,11,3,Male,50+,Exceeds Expectations
E4092,Engineering,PhD,On-site,3,24,1,4,2,7,62,10,2,Female,30s,Needs Improvement
E4093,Engineering,Bachelor's,On-site,1,0,4,1,3,5,89,10,8,Female,20s,Needs Improvement
E4094,Sales,Bachelor's,Hybrid,0,0,2,3,1,8,65,10,6,Female,20s,Needs Improvement
E4095,Sales,Master's,On-site,9,42,3,4,5,10,62,16,2,Male,40s,Exceeds Expectations
E4096,Operations,Master's,On-site,0,17,4,4,4,4,74,10,7,Male,20s,Meets Expectations
E4097,Marketing,Master's,Hybrid,12,0,4,3,3,13,56,11,5,Female,40s,Meets Expectations
E4098,Finance,PhD,On-site,11,52,2,1,4,9,63,9,2,Male,40s,Meets Expectations
E4099,Engineering,Bachelor's,Hybrid,3,71,4,4,4,5,89,9,4,Male,40s,Exceeds Expectations
E4100,Sales,Bachelor's,On-site,8,38,3,5,4,8,73,4,7,Female,30s,Meets Expectations
E4101,Sales,High School,Hybrid,5,45,5,2,3,4,74,2,5,Non-binary,40s,Meets Expectations
E4102,Operations,Bachelor's,Remote,5,46,5,3,4,9,64,6,4,Female,30s,Exceeds Expectations
E4103,Operations,Bachelor's,Remote,4,0,5,4,2,9,63,16,4,Male,20s,Meets Expectations
E4104,Sales,Bachelor's,Hybrid,4,58,2,4,3,4,70,23,4,Male,50+,Needs Improvement
E4105,Operations,Bachelor's,Hybrid,6,65,4,4,5,4,80,4,2,Male,30s,Exceeds Expectations
E4106,Engineering,High School,On-site,13,77,2,4,3,9,73,5,3,Female,40s,Meets Expectations
E4107,Sales,Bachelor's,Hybrid,0,31,5,2,4,5,78,17,7,Female,20s,Exceeds Expectations
E4108,Finance,Master's,On-site,13,17,5,3,3,10,39,4,5,Male,40s,Meets Expectations
E4109,Sales,High School,Hybrid,8,67,4,4,5,4,52,10,7,Male,40s,Exceeds Expectations
E4110,Operations,Master's,On-site,2,50,3,3,4,10,58,3,1,Male,30s,Meets Expectations
E4111,Engineering,Master's,Hybrid,10,57,4,4,2,4,75,23,5,Male,40s,Meets Expectations
E4112,Operations,Bachelor's,Hybrid,8,27,3,3,4,7,74,16,6,Male,40s,Meets Expectations
E4113,Engineering,Master's,Hybrid,5,45,3,3,2,4,78,8,7,Female,30s,Meets Expectations
E4114,Engineering,PhD,On-site,3,19,3,3,4,10,62,8,6,Female,40s,Meets Expectations
E4115,Sales,High School,Hybrid,2,40,1,2,4,5,70,16,7,Female,20s,Meets Expectations
E4116,Operations,Master's,Hybrid,3,33,2,2,5,4,96,17,8,Female,30s,Exceeds Expectations
E4117,Marketing,Bachelor's,Remote,11,87,5,3,4,3,69,4,3,Male,40s,Exceeds Expectations
E4118,Marketing,Bachelor's,Hybrid,12,51,3,3,3,5,38,7,3,Female,40s,Meets Expectations
E4119,Engineering,Bachelor's,On-site,5,0,3,4,2,2,76,1,9,Male,30s,Needs Improvement
E4120,Engineering,Master's,Remote,2,40,3,3,3,5,87,21,7,Female,20s,Meets Expectations
E4121,Engineering,Master's,On-site,3,47,3,5,3,3,86,21,5,Male,30s,Exceeds Expectations
E4122,Operations,Master's,On-site,3,31,3,4,3,13,63,10,4,Female,40s,Meets Expectations
E4123,Engineering,Master's,On-site,1,18,3,3,3,7,64,13,8,Female,20s,Needs Improvement
E4124,Sales,Bachelor's,Hybrid,5,53,1,3,4,7,80,7,1,Male,30s,Exceeds Expectations
E4125,Marketing,High School,Hybrid,9,21,4,4,3,14,70,5,3,Female,40s,Meets Expectations
E4126,Marketing,High School,Hybrid,5,52,5,3,4,1,77,4,8,Male,30s,Exceeds Expectations
E4127,Sales,Bachelor's,Remote,7,19,2,2,3,10,59,2,4,Female,40s,Meets Expectations
E4128,Engineering,Master's,Hybrid,5,29,3,4,3,7,74,6,7,Male,30s,Exceeds Expectations
E4129,Sales,High School,On-site,7,59,5,4,3,8,59,5,5,Female,30s,Exceeds Expectations
E4130,Finance,Bachelor's,Hybrid,1,50,3,4,4,3,65,13,3,Female,20s,Meets Expectations
E4131,Engineering,Bachelor's,Hybrid,7,41,4,4,5,10,51,30,3,Male,40s,Exceeds Expectations
E4132,Finance,Bachelor's,Hybrid,4,39,5,3,3,1,55,8,2,Male,20s,Meets Expectations
E4133,Engineering,Bachelor's,Hybrid,9,42,4,2,3,4,45,2,8,Male,30s,Needs Improvement
E4134,Operations,Bachelor's,Hybrid,7,24,3,3,4,5,43,4,4,Female,30s,Meets Expectations
E4135,Operations,High School,Hybrid,1,10,4,4,3,7,53,4,5,Male,20s,Needs Improvement
E4136,Engineering,Bachelor's,On-site,4,51,4,4,2,6,75,16,5,Female,30s,Meets Expectations
E4137,Sales,Bachelor's,Remote,15,71,3,4,4,5,72,18,8,Male,40s,Exceeds Expectations
E4138,Sales,Master's,On-site,5,52,2,4,2,8,81,13,7,Male,30s,Meets Expectations
E4139,Operations,Bachelor's,On-site,2,45,4,5,2,5,61,3,6,Female,20s,Meets Expectations
E4140,HR,Bachelor's,Hybrid,11,16,4,2,2,5,44,19,6,Female,30s,Needs Improvement
E4141,Marketing,Bachelor's,Remote,2,58,3,3,3,4,74,2,7,Male,30s,Meets Expectations
E4142,Engineering,Bachelor's,Hybrid,19,50,5,2,3,4,68,11,16,Male,50+,Meets Expectations
E4143,Engineering,Bachelor's,Hybrid,9,55,5,5,2,2,66,16,5,Male,30s,Exceeds Expectations
E4144,Finance,High School,Remote,2,61,4,3,4,10,51,10,9,Female,30s,Meets Expectations
E4145,Marketing,Master's,On-site,13,72,3,4,3,9,62,9,5,Male,40s,Exceeds Expectations
E4146,Operations,PhD,Hybrid,0,18,1,3,4,7,79,5,3,Female,20s,Meets Expectations
E4147,Operations,Bachelor's,Hybrid,8,14,3,4,3,4,49,4,4,Non-binary,30s,Needs Improvement
E4148,Marketing,Bachelor's,Hybrid,18,43,1,3,3,10,39,24,5,Male,50+,Needs Improvement
E4149,HR,High School,Hybrid,8,22,1,3,4,4,70,9,2,Male,30s,Meets Expectations
E4150,Operations,High School,Remote,0,18,4,4,2,9,55,8,7,Male,20s,Needs Improvement
E4151,Operations,High School,On-site,5,64,4,4,3,9,80,23,3,Male,30s,Meets Expectations
E4152,Operations,Master's,On-site,16,20,1,3,4,2,63,2,9,Female,40s,Needs Improvement
E4153,Operations,Bachelor's,Hybrid,7,40,3,4,3,4,51,29,3,Male,30s,Needs Improvement
E4154,Sales,Bachelor's,Hybrid,3,7,3,4,3,9,70,9,6,Female,20s,Meets Expectations
E4155,Finance,High School,Hybrid,1,41,3,3,3,7,67,10,7,Female,30s,Meets Expectations
E4156,Finance,High School,Remote,5,64,2,5,5,9,67,6,7,Female,30s,Meets Expectations
E4157,Engineering,Bachelor's,Hybrid,2,64,5,4,3,4,51,8,4,Female,30s,Meets Expectations
E4158,Marketing,Bachelor's,Remote,7,61,2,3,3,9,87,3,3,Female,40s,Meets Expectations
E4159,Sales,Bachelor's,On-site,14,38,1,4,3,8,58,11,7,Male,40s,Needs Improvement
E4160,Sales,Bachelor's,On-site,11,62,2,4,2,9,91,21,5,Female,40s,Exceeds Expectations
E4161,Engineering,Bachelor's,On-site,2,49,4,4,4,6,40,8,7,Female,20s,Meets Expectations
E4162,Finance,Master's,Hybrid,1,31,3,3,3,6,82,11,3,Female,20s,Meets Expectations
E4163,Finance,Bachelor's,On-site,4,48,3,1,2,5,76,10,5,Male,40s,Needs Improvement
E4164,HR,Bachelor's,On-site,1,58,4,2,2,10,63,19,3,Male,20s,Meets Expectations
E4165,Engineering,Master's,Hybrid,2,13,4,4,2,9,41,6,3,Male,30s,Meets Expectations
E4166,HR,Master's,On-site,10,19,1,2,1,4,69,19,2,Male,30s,Needs Improvement
E4167,Engineering,Bachelor's,Hybrid,2,37,4,4,2,9,38,6,5,Male,20s,Meets Expectations
E4168,Sales,Bachelor's,Remote,2,16,4,4,3,8,61,11,6,Female,20s,Meets Expectations
E4169,Sales,High School,On-site,2,15,3,3,4,6,80,11,5,Male,30s,Meets Expectations
E4170,Operations,High School,Hybrid,6,32,3,1,3,8,65,21,9,Female,40s,Meets Expectations
E4171,Sales,Master's,On-site,13,60,5,2,4,8,65,25,6,Female,40s,Exceeds Expectations
E4172,Marketing,Bachelor's,On-site,9,59,3,4,5,5,90,6,5,Male,40s,Exceeds Expectations
E4173,Operations,High School,On-site,2,46,3,4,1,2,70,8,8,Female,30s,Needs Improvement
E4174,Sales,Bachelor's,Hybrid,1,44,4,1,4,4,95,24,3,Non-binary,20s,Exceeds Expectations
E4175,Operations,Bachelor's,Hybrid,1,82,3,3,4,7,63,8,3,Female,20s,Meets Expectations
E4176,Engineering,Bachelor's,Hybrid,2,29,3,2,4,7,84,3,3,Male,30s,Meets Expectations
E4177,Sales,Bachelor's,Remote,11,45,3,3,2,7,65,29,4,Female,40s,Needs Improvement
E4178,Engineering,Bachelor's,On-site,8,28,5,3,3,6,73,17,6,Male,30s,Exceeds Expectations
E4179,Marketing,Master's,Hybrid,0,14,4,5,3,3,55,9,2,Male,20s,Meets Expectations
E4180,Operations,Master's,Hybrid,4,64,3,3,2,5,72,6,7,Female,20s,Meets Expectations
E4181,Marketing,Master's,On-site,7,34,2,4,5,7,73,5,5,Female,40s,Exceeds Expectations
E4182,Marketing,Master's,On-site,4,54,3,4,3,6,70,5,3,Male,30s,Meets Expectations
E4183,Engineering,Master's,On-site,1,35,4,3,4,9,40,16,8,Female,20s,Meets Expectations
E4184,Operations,PhD,On-site,4,65,2,3,4,7,84,21,5,Female,50+,Meets Expectations
E4185,Sales,Bachelor's,On-site,5,20,5,3,2,7,73,3,4,Male,30s,Meets Expectations
E4186,Engineering,Bachelor's,On-site,9,63,3,2,3,7,75,6,5,Male,30s,Exceeds Expectations
E4187,Operations,Bachelor's,Remote,11,58,2,2,3,1,92,2,2,Female,40s,Meets Expectations
E4188,Sales,Bachelor's,Remote,3,4,3,3,4,10,67,8,8,Male,30s,Meets Expectations
E4189,Sales,Master's,Hybrid,3,30,2,2,4,4,79,7,10,Female,20s,Meets Expectations
E4190,Engineering,High School,Hybrid,7,60,3,3,5,9,80,11,6,Male,50+,Exceeds Expectations
E4191,Engineering,Master's,Remote,9,73,2,3,4,5,63,1,4,Female,40s,Meets Expectations
E4192,Operations,Master's,Hybrid,5,54,3,3,4,3,68,8,5,Female,40s,Exceeds Expectations
E4193,HR,Bachelor's,Hybrid,8,32,1,4,4,4,55,13,6,Female,40s,Needs Improvement
E4194,Operations,Bachelor's,Hybrid,1,21,3,3,5,7,29,11,3,Non-binary,20s,Needs Improvement
E4195,Engineering,Bachelor's,Remote,15,51,2,2,3,6,56,15,4,Female,40s,Meets Expectations
E4196,Marketing,Bachelor's,Hybrid,4,31,3,4,2,6,46,12,7,Male,20s,Needs Improvement
E4197,Finance,Bachelor's,On-site,5,32,3,4,3,4,44,1,3,Male,30s,Meets Expectations
E4198,Marketing,Bachelor's,Hybrid,0,36,3,3,2,5,57,23,3,Male,20s,Needs Improvement
E4199,HR,Bachelor's,On-site,0,58,4,2,3,3,100,20,5,Female,20s,Exceeds Expectations
E4200,Marketing,Bachelor's,On-site,8,76,4,3,3,6,49,5,1,Male,30s,Meets Expectations
E4201,Finance,Bachelor's,Hybrid,2,61,5,3,3,10,76,8,7,Male,20s,Exceeds Expectations
E4202,Operations,Bachelor's,Hybrid,0,40,3,4,4,5,38,4,4,Female,20s,Needs Improvement
E4203,Sales,Bachelor's,On-site,9,22,4,4,4,4,73,13,6,Female,40s,Exceeds Expectations
E4204,Sales,PhD,On-site,11,53,4,3,4,7,79,14,5,Male,50+,Exceeds Expectations
E4205,Marketing,High School,Hybrid,10,73,4,5,2,6,50,19,5,Female,40s,Meets Expectations
E4206,Sales,Master's,On-site,5,60,3,3,3,2,58,9,9,Male,30s,Needs Improvement
E4207,Engineering,High School,Remote,2,44,4,5,2,2,53,11,3,Male,30s,Meets Expectations
E4208,Operations,Bachelor's,Hybrid,3,30,2,4,4,8,76,4,5,Female,40s,Needs Improvement
E4209,Engineering,PhD,Hybrid,10,47,3,4,5,12,73,16,7,Female,40s,Exceeds Expectations
E4210,Engineering,Master's,On-site,5,63,3,4,4,6,81,22,6,Female,30s,Exceeds Expectations
E4211,Marketing,Bachelor's,Remote,2,45,4,3,4,8,65,18,9,Male,30s,Meets Expectations
E4212,Engineering,Master's,Remote,5,38,2,3,3,2,43,26,4,Male,30s,Needs Improvement
E4213,Engineering,Bachelor's,On-site,8,26,2,4,3,8,50,8,1,Male,40s,Meets Expectations
E4214,Engineering,Master's,Hybrid,6,92,3,2,5,2,46,3,3,Male,30s,Meets Expectations
E4215,Engineering,Bachelor's,Hybrid,7,22,3,3,3,5,54,1,4,Male,30s,Meets Expectations
E4216,Sales,Master's,On-site,8,20,2,5,4,6,58,7,6,Female,40s,Meets Expectations
E4217,Operations,PhD,Hybrid,10,43,4,4,5,5,60,8,6,Female,40s,Exceeds Expectations
E4218,Sales,Master's,Remote,7,36,3,4,4,8,65,16,6,Female,40s,Exceeds Expectations
E4219,Sales,Master's,Hybrid,8,60,4,2,3,2,38,8,3,Female,50+,Meets Expectations
E4220,Marketing,Master's,Remote,2,61,3,3,3,4,81,4,3,Female,30s,Meets Expectations
E4221,Sales,Bachelor's,On-site,3,16,5,4,3,6,72,14,6,Male,50+,Meets Expectations
E4222,Sales,Bachelor's,Remote,10,25,3,3,4,7,62,12,8,Female,40s,Meets Expectations
E4223,Sales,Master's,Remote,8,22,2,2,3,8,59,18,3,Female,50+,Meets Expectations
E4224,Sales,Bachelor's,On-site,2,56,3,4,4,15,59,22,4,Male,20s,Meets Expectations
E4225,Sales,Bachelor's,Hybrid,3,49,3,4,4,8,62,21,3,Male,30s,Exceeds Expectations
E4226,Engineering,Master's,Hybrid,6,33,2,3,2,4,75,12,6,Male,40s,Meets Expectations
E4227,Operations,High School,Remote,10,44,5,4,2,7,65,9,2,Female,40s,Exceeds Expectations
E4228,Operations,Master's,On-site,15,17,3,5,3,9,72,2,5,Female,50+,Meets Expectations
E4229,Operations,Master's,On-site,1,25,3,5,4,3,69,15,3,Female,30s,Meets Expectations
E4230,Engineering,Bachelor's,Hybrid,11,14,3,3,4,10,58,18,7,Female,40s,Meets Expectations
E4231,Finance,High School,Hybrid,9,43,2,2,2,6,42,4,3,Female,40s,Needs Improvement
E4232,Marketing,Master's,Hybrid,6,43,4,3,4,5,90,2,2,Male,40s,Exceeds Expectations
E4233,Engineering,Bachelor's,Hybrid,3,20,4,5,5,8,78,7,8,Male,20s,Exceeds Expectations
E4234,Operations,PhD,Remote,12,48,3,5,3,7,88,22,4,Female,40s,Exceeds Expectations
E4235,Finance,High School,On-site,7,61,4,3,3,7,60,9,5,Female,40s,Meets Expectations
E4236,Engineering,Bachelor's,Remote,12,19,3,5,3,9,73,2,5,Male,40s,Meets Expectations
E4237,Operations,High School,Hybrid,7,33,2,4,3,9,58,13,2,Male,30s,Meets Expectations
E4238,Engineering,Master's,Remote,7,50,3,1,4,12,78,5,9,Male,30s,Meets Expectations
E4239,Sales,Bachelor's,On-site,2,40,3,4,4,8,93,24,5,Male,30s,Exceeds Expectations
E4240,Engineering,Master's,Hybrid,5,13,1,3,3,7,92,4,3,Male,40s,Meets Expectations
E4241,Engineering,PhD,Remote,5,31,2,2,3,4,69,10,5,Male,30s,Meets Expectations
E4242,Operations,Bachelor's,Hybrid,3,31,2,3,2,2,80,4,4,Female,20s,Needs Improvement
E4243,Marketing,Bachelor's,On-site,2,37,2,4,5,6,76,13,4,Male,20s,Meets Expectations
E4244,Engineering,High School,Hybrid,4,37,5,2,4,5,70,10,7,Male,20s,Meets Expectations
E4245,Finance,Master's,On-site,4,71,4,3,3,4,75,21,3,Female,30s,Meets Expectations
E4246,Operations,Bachelor's,On-site,7,36,4,3,3,4,56,18,6,Male,30s,Meets Expectations
E4247,Operations,Master's,Hybrid,9,6,4,4,3,4,43,8,8,Female,30s,Meets Expectations
E4248,Operations,Master's,Remote,10,42,4,3,2,5,75,8,6,Male,40s,Meets Expectations
E4249,Operations,Bachelor's,Hybrid,4,75,3,2,2,6,50,10,4,Female,30s,Meets Expectations
E4250,Marketing,Bachelor's,On-site,15,37,5,3,3,4,54,13,5,Male,40s,Exceeds Expectations
E4251,Sales,PhD,On-site,2,31,2,2,3,11,61,45,5,Female,30s,Needs Improvement
E4252,Operations,Master's,On-site,5,34,3,2,3,5,92,16,6,Male,30s,Exceeds Expectations
E4253,Engineering,Master's,On-site,11,52,2,4,5,8,67,9,3,Male,40s,Exceeds Expectations
E4254,Engineering,Bachelor's,Remote,0,34,5,4,3,6,54,2,6,Female,20s,Meets Expectations
E4255,Sales,Bachelor's,On-site,2,10,4,2,3,4,48,2,3,Female,20s,Needs Improvement
E4256,Sales,Bachelor's,On-site,14,27,4,2,3,5,65,2,7,Male,40s,Meets Expectations
E4257,Marketing,PhD,Hybrid,0,39,2,3,2,5,65,22,4,Male,20s,Needs Improvement
E4258,Operations,Bachelor's,On-site,7,51,3,2,4,1,49,6,2,Male,40s,Meets Expectations
E4259,HR,Master's,Hybrid,5,28,2,3,3,4,70,23,2,Female,50+,Meets Expectations
E4260,HR,High School,Hybrid,4,34,4,3,4,8,42,8,7,Male,30s,Meets Expectations
E4261,Sales,Master's,On-site,6,41,3,4,3,5,51,6,5,Male,30s,Meets Expectations
E4262,Finance,Bachelor's,Hybrid,9,24,4,4,3,5,90,17,6,Male,40s,Exceeds Expectations
E4263,Engineering,Master's,Hybrid,6,38,3,2,4,2,49,1,9,Female,30s,Needs Improvement
E4264,Engineering,High School,Hybrid,8,49,1,3,4,4,66,29,6,Female,40s,Needs Improvement
E4265,Marketing,Master's,On-site,3,16,2,4,5,6,74,4,7,Male,30s,Meets Expectations
E4266,HR,Master's,On-site,6,46,3,1,4,7,97,10,3,Female,30s,Exceeds Expectations
E4267,Sales,Bachelor's,Hybrid,4,18,4,4,3,7,92,7,4,Female,20s,Exceeds Expectations
E4268,Sales,Bachelor's,On-site,4,19,1,2,3,8,78,17,4,Male,30s,Meets Expectations
E4269,Engineering,Bachelor's,On-site,3,27,3,5,4,8,51,7,12,Female,40s,Needs Improvement
E4270,Finance,Bachelor's,On-site,5,67,2,4,5,11,53,23,4,Male,30s,Meets Expectations
E4271,Sales,High School,On-site,2,6,2,4,4,5,60,21,6,Non-binary,20s,Needs Improvement
E4272,Sales,Bachelor's,On-site,2,31,3,2,3,4,100,15,6,Male,20s,Exceeds Expectations
E4273,Operations,Bachelor's,Remote,4,39,3,3,4,10,76,4,3,Male,40s,Meets Expectations
E4274,Finance,Bachelor's,Hybrid,15,63,3,4,4,3,67,1,9,Male,50+,Exceeds Expectations
E4275,Engineering,Master's,Hybrid,8,79,1,1,4,6,71,13,8,Male,40s,Meets Expectations
E4276,Marketing,Bachelor's,On-site,5,32,3,3,4,6,90,15,8,Male,30s,Exceeds Expectations
E4277,Engineering,High School,On-site,12,51,3,4,4,4,58,10,4,Male,40s,Meets Expectations
E4278,Engineering,Master's,Hybrid,6,38,2,2,2,9,69,10,6,Male,30s,Meets Expectations
E4279,Finance,Bachelor's,Hybrid,5,38,3,4,4,4,64,27,5,Female,30s,Meets Expectations
E4280,Engineering,Master's,Remote,3,45,3,3,2,3,56,4,4,Female,20s,Meets Expectations
E4281,Sales,Master's,On-site,12,8,3,5,3,6,64,11,5,Female,40s,Meets Expectations
E4282,Operations,Master's,On-site,0,39,3,3,3,7,74,17,2,Male,20s,Meets Expectations
E4283,Finance,Bachelor's,Hybrid,7,49,3,3,3,6,73,30,6,Male,40s,Meets Expectations
E4284,Operations,Bachelor's,On-site,5,23,3,4,4,7,90,6,4,Non-binary,30s,Exceeds Expectations
E4285,Operations,Master's,On-site,4,49,4,1,3,4,58,11,5,Male,30s,Meets Expectations
E4286,Sales,Master's,On-site,10,5,5,3,1,5,72,9,3,Male,50+,Meets Expectations
E4287,Marketing,Bachelor's,On-site,1,42,3,3,3,8,49,13,6,Male,30s,Meets Expectations
E4288,Sales,Bachelor's,Remote,4,67,3,1,3,6,67,18,2,Female,30s,Meets Expectations
E4289,Finance,Master's,Remote,6,36,2,4,5,9,43,13,6,Male,30s,Meets Expectations
E4290,Sales,Master's,Hybrid,5,20,4,3,2,7,76,6,7,Female,40s,Meets Expectations
E4291,Engineering,High School,On-site,3,11,2,3,5,2,97,11,6,Male,30s,Meets Expectations
E4292,Engineering,Bachelor's,Hybrid,0,48,5,4,4,3,84,11,4,Male,20s,Exceeds Expectations
E4293,Finance,Bachelor's,Hybrid,4,59,5,3,3,5,62,3,10,Female,20s,Meets Expectations
E4294,Engineering,Bachelor's,Hybrid,14,39,3,3,3,7,83,60,9,Male,40s,Needs Improvement
E4295,Marketing,Master's,Hybrid,6,31,2,4,3,5,44,7,8,Male,30s,Meets Expectations
E4296,Operations,Bachelor's,Remote,6,1,4,3,4,5,75,17,3,Male,40s,Meets Expectations
E4297,Finance,Bachelor's,On-site,6,42,5,1,3,9,100,1,6,Male,30s,Exceeds Expectations
E4298,Sales,Bachelor's,Hybrid,3,26,2,3,3,7,75,8,4,Female,30s,Needs Improvement
E4299,Engineering,Master's,Remote,18,27,5,3,2,4,64,4,6,Male,50+,Meets Expectations
E4300,Operations,Master's,Remote,2,72,1,4,4,9,63,7,6,Female,30s,Meets Expectations
E4301,Marketing,Master's,Remote,1,4,2,3,4,6,72,3,5,Female,30s,Needs Improvement
E4302,Sales,Master's,On-site,10,7,4,2,3,4,67,15,4,Male,40s,Meets Expectations
E4303,Operations,PhD,Hybrid,2,45,4,2,3,3,60,5,3,Male,20s,Meets Expectations
E4304,Engineering,Bachelor's,On-site,4,32,3,5,3,3,65,15,6,Male,30s,Meets Expectations
E4305,Sales,High School,Hybrid,7,30,4,3,4,5,41,6,5,Female,30s,Meets Expectations
E4306,Engineering,Master's,On-site,3,45,4,5,2,7,80,6,2,Male,30s,Exceeds Expectations
E4307,Engineering,Bachelor's,Hybrid,5,45,5,5,4,6,85,14,5,Male,30s,Exceeds Expectations
E4308,Sales,Bachelor's,Remote,15,21,3,2,4,9,79,4,3,Male,50+,Exceeds Expectations
E4309,Finance,PhD,Remote,9,28,2,2,3,3,62,11,11,Female,30s,Needs Improvement
E4310,Sales,Bachelor's,Hybrid,0,41,4,3,4,5,74,5,7,Female,20s,Meets Expectations
E4311,Finance,Master's,On-site,4,43,4,4,4,6,74,12,7,Male,30s,Exceeds Expectations
E4312,Operations,Bachelor's,On-site,6,50,4,2,2,5,63,20,6,Male,30s,Meets Expectations
E4313,Operations,High School,On-site,5,28,3,4,5,8,86,19,2,Female,30s,Exceeds Expectations
E4314,Engineering,Master's,On-site,8,47,4,4,1,6,81,3,7,Male,30s,Meets Expectations
E4315,Finance,Master's,Remote,6,59,2,2,4,4,84,1,3,Non-binary,30s,Meets Expectations
E4316,Engineering,Bachelor's,Hybrid,4,41,4,2,3,6,73,20,1,Female,30s,Meets Expectations
E4317,Finance,Bachelor's,On-site,10,38,3,4,4,8,44,20,2,Male,40s,Meets Expectations
E4318,Sales,Bachelor's,Hybrid,4,35,3,5,5,5,32,12,4,Non-binary,30s,Meets Expectations
E4319,Finance,Bachelor's,On-site,1,28,4,3,3,5,60,12,0,Female,20s,Meets Expectations
E4320,Engineering,High School,On-site,16,21,2,4,3,11,54,1,7,Female,50+,Meets Expectations
E4321,Marketing,Bachelor's,On-site,5,34,4,3,4,11,67,7,2,Female,30s,Meets Expectations
E4322,Engineering,Bachelor's,On-site,7,49,3,3,2,4,49,17,8,Male,30s,Needs Improvement
E4323,Engineering,Bachelor's,Hybrid,0,22,3,3,3,6,49,3,3,Female,20s,Needs Improvement
E4324,Marketing,High School,Hybrid,7,38,2,3,3,2,35,7,9,Female,30s,Needs Improvement
E4325,Sales,Bachelor's,Hybrid,2,36,5,5,2,6,46,8,5,Female,20s,Meets Expectations
E4326,Finance,Bachelor's,Remote,4,76,3,3,3,6,61,20,4,Male,30s,Meets Expectations
E4327,Finance,Bachelor's,Remote,9,54,3,2,4,3,58,7,9,Male,40s,Meets Expectations
E4328,Marketing,PhD,Remote,4,54,2,4,4,7,84,18,6,Male,40s,Meets Expectations
E4329,Finance,PhD,Remote,5,58,4,4,3,6,62,19,7,Male,40s,Meets Expectations
E4330,Operations,Master's,Remote,0,29,4,4,3,1,42,10,3,Male,20s,Meets Expectations
E4331,Operations,High School,Remote,7,68,4,3,3,5,63,26,7,Male,50+,Meets Expectations
E4332,Engineering,Master's,On-site,2,43,3,2,2,3,75,8,4,Male,20s,Needs Improvement
E4333,Marketing,Bachelor's,On-site,13,39,4,2,2,12,30,16,5,Female,50+,Meets Expectations
E4334,Finance,Bachelor's,Hybrid,9,16,2,3,4,8,87,14,2,Female,40s,Exceeds Expectations
E4335,Engineering,Master's,Remote,3,32,4,3,4,3,74,8,5,Female,40s,Meets Expectations
E4336,Engineering,Bachelor's,Remote,1,5,3,3,3,5,90,19,6,Male,20s,Meets Expectations
E4337,Engineering,Master's,Hybrid,3,35,4,4,4,8,75,28,2,Male,30s,Meets Expectations
E4338,Marketing,Master's,Remote,4,28,1,4,2,5,61,6,7,Female,30s,Needs Improvement
E4339,Sales,Bachelor's,Hybrid,9,32,5,4,3,11,67,32,4,Female,30s,Meets Expectations
E4340,Marketing,High School,Hybrid,7,12,5,2,3,4,60,6,5,Male,30s,Meets Expectations
E4341,Marketing,Master's,On-site,0,54,2,2,3,7,81,14,6,Non-binary,20s,Meets Expectations
E4342,Marketing,Bachelor's,Hybrid,6,52,4,3,3,3,55,11,2,Male,40s,Meets Expectations
E4343,Engineering,High School,On-site,3,74,2,4,4,8,73,3,7,Female,30s,Needs Improvement
E4344,Finance,High School,On-site,6,73,3,3,4,5,86,11,7,Male,30s,Exceeds Expectations
E4345,Marketing,PhD,Hybrid,2,43,1,4,2,6,71,12,3,Female,30s,Needs Improvement
E4346,Engineering,Bachelor's,On-site,4,60,3,5,4,5,69,19,5,Male,30s,Meets Expectations
E4347,Engineering,PhD,Remote,3,45,3,3,4,5,74,9,2,Male,20s,Meets Expectations
E4348,Sales,Master's,Hybrid,0,31,4,4,3,9,57,15,1,Male,20s,Exceeds Expectations
E4349,Operations,Bachelor's,Hybrid,4,34,5,4,3,6,33,6,4,Female,40s,Meets Expectations
E4350,Sales,Bachelor's,On-site,9,53,5,3,3,4,52,5,8,Male,40s,Meets Expectations
E4351,Engineering,Master's,Remote,2,120,4,4,5,6,55,10,3,Female,30s,Exceeds Expectations
E4352,Engineering,Bachelor's,Hybrid,1,63,3,2,5,3,73,8,7,Female,20s,Meets Expectations
E4353,Engineering,High School,Hybrid,2,45,4,2,3,8,53,8,6,Male,30s,Meets Expectations
E4354,Sales,Bachelor's,Hybrid,1,50,4,4,4,3,55,9,3,Female,20s,Meets Expectations
E4355,Operations,Master's,Hybrid,4,49,2,2,3,3,80,5,7,Male,20s,Needs Improvement
E4356,Sales,Master's,Hybrid,3,38,4,4,3,5,74,20,2,Female,20s,Meets Expectations
E4357,Operations,Bachelor's,Hybrid,11,55,4,2,2,9,87,28,1,Female,40s,Meets Expectations
E4358,Engineering,Bachelor's,Remote,3,37,4,5,2,3,66,13,4,Female,30s,Meets Expectations
E4359,Sales,Bachelor's,On-site,5,20,1,3,3,7,43,1,6,Male,30s,Needs Improvement
E4360,Operations,Master's,Remote,19,50,4,5,3,5,100,22,3,Female,50+,Exceeds Expectations
E4361,Marketing,High School,On-site,5,52,4,3,4,10,78,3,5,Non-binary,30s,Exceeds Expectations
E4362,Operations,PhD,On-site,11,37,3,3,4,3,58,4,5,Male,30s,Meets Expectations
E4363,Engineering,Master's,On-site,5,46,3,4,3,4,82,16,6,Male,30s,Meets Expectations
E4364,HR,Bachelor's,On-site,5,59,2,3,3,7,71,12,2,Male,30s,Meets Expectations
E4365,Marketing,Master's,On-site,0,39,2,3,3,4,87,24,3,Male,20s,Meets Expectations
E4366,Engineering,Master's,Remote,10,31,3,3,5,6,72,4,3,Female,40s,Exceeds Expectations
E4367,Operations,Master's,Hybrid,7,26,3,3,4,6,61,25,5,Male,40s,Needs Improvement
E4368,Sales,High School,Remote,8,35,3,5,5,7,72,3,3,Female,30s,Exceeds Expectations
E4369,Engineering,Master's,On-site,8,71,5,2,5,4,83,7,5,Female,30s,Exceeds Expectations
E4370,Finance,Bachelor's,Hybrid,7,36,2,2,3,4,55,11,6,Male,40s,Needs Improvement
E4371,Finance,Master's,On-site,1,47,3,4,4,8,69,13,1,Female,20s,Meets Expectations
E4372,Operations,Bachelor's,Hybrid,5,34,5,4,3,4,49,21,6,Male,30s,Meets Expectations
E4373,Operations,Bachelor's,On-site,2,32,3,2,4,7,76,16,9,Non-binary,20s,Meets Expectations
E4374,Engineering,PhD,Hybrid,4,22,3,1,4,7,69,5,6,Male,50+,Meets Expectations
E4375,Marketing,Bachelor's,Hybrid,4,42,3,4,1,10,78,18,2,Female,40s,Exceeds Expectations
E4376,Operations,High School,On-site,0,30,4,2,4,11,84,8,6,Female,20s,Meets Expectations
E4377,Engineering,Master's,On-site,0,65,1,3,3,5,57,1,3,Female,20s,Needs Improvement
E4378,Sales,Bachelor's,Hybrid,8,38,3,3,3,3,71,11,6,Female,30s,Meets Expectations
E4379,Operations,Master's,On-site,2,39,3,2,3,2,72,14,5,Male,30s,Meets Expectations
E4380,Engineering,Master's,Hybrid,1,36,2,4,4,5,58,13,6,Male,20s,Meets Expectations
E4381,Operations,High School,Hybrid,14,47,4,3,3,7,52,14,4,Male,50+,Meets Expectations
E4382,HR,Bachelor's,Remote,7,70,4,2,2,7,92,10,6,Male,30s,Exceeds Expectations
E4383,Operations,PhD,Remote,4,19,4,2,3,3,61,4,10,Female,40s,Needs Improvement
E4384,Marketing,PhD,On-site,4,46,5,4,3,3,61,20,5,Female,30s,Exceeds Expectations
E4385,Marketing,Bachelor's,Remote,9,9,3,3,4,5,64,11,3,Male,40s,Meets Expectations
E4386,Finance,Master's,Hybrid,5,64,4,4,4,6,76,10,5,Female,30s,Exceeds Expectations
E4387,Engineering,Bachelor's,On-site,2,38,4,3,4,5,60,14,8,Female,30s,Meets Expectations
E4388,Marketing,Bachelor's,Remote,9,10,3,1,4,9,55,9,8,Male,40s,Needs Improvement
E4389,Operations,Master's,Hybrid,0,14,4,4,4,5,70,18,2,Female,20s,Meets Expectations
E4390,Operations,Bachelor's,Hybrid,11,56,4,4,4,7,79,25,3,Female,50+,Exceeds Expectations
E4391,Operations,Bachelor's,Hybrid,5,7,2,5,4,10,75,3,3,Male,30s,Meets Expectations
E4392,Marketing,Bachelor's,Remote,6,46,4,1,5,7,58,2,9,Female,40s,Meets Expectations
E4393,Marketing,Master's,Hybrid,3,31,3,1,4,7,51,6,3,Male,20s,Needs Improvement
E4394,HR,Bachelor's,Remote,1,36,3,4,4,4,53,4,5,Female,20s,Meets Expectations
E4395,Marketing,Bachelor's,On-site,3,27,3,3,3,11,73,12,5,Male,20s,Meets Expectations
E4396,Marketing,High School,Remote,9,21,4,2,4,6,76,30,6,Female,30s,Meets Expectations
E4397,Engineering,Bachelor's,Hybrid,4,30,4,3,4,2,60,30,10,Female,30s,Meets Expectations
E4398,Engineering,PhD,Hybrid,3,51,3,3,2,4,59,7,3,Female,30s,Meets Expectations
E4399,Marketing,Bachelor's,Remote,1,34,3,2,5,5,49,4,8,Male,20s,Meets Expectations
E4400,Sales,Bachelor's,On-site,2,48,1,3,3,4,67,7,4,Male,20s,Needs Improvement
E4401,Sales,PhD,On-site,6,35,3,4,3,11,79,15,2,Male,30s,Exceeds Expectations
E4402,Engineering,High School,Remote,1,52,2,3,4,5,57,4,5,Male,30s,Meets Expectations
E4403,Operations,Bachelor's,Remote,3,48,4,3,3,3,85,2,7,Female,30s,Meets Expectations
E4404,Operations,Master's,Hybrid,4,29,3,4,4,9,51,7,1,Male,50+,Meets Expectations
E4405,Marketing,Master's,Hybrid,5,21,2,2,2,8,55,10,0,Male,30s,Needs Improvement
E4406,Operations,Bachelor's,On-site,9,59,3,3,4,10,65,10,5,Male,40s,Exceeds Expectations
E4407,Operations,Master's,Hybrid,1,24,3,3,4,9,70,5,5,Female,30s,Meets Expectations
E4408,Engineering,Bachelor's,On-site,9,50,1,3,3,6,64,3,3,Male,30s,Needs Improvement
E4409,Engineering,Master's,Remote,3,41,4,2,4,4,72,12,6,Male,30s,Exceeds Expectations
E4410,Engineering,Bachelor's,Hybrid,0,31,4,2,3,3,72,11,2,Male,20s,Meets Expectations
E4411,Engineering,Master's,On-site,12,49,3,3,4,5,87,5,6,Female,40s,Exceeds Expectations
E4412,Marketing,Bachelor's,Hybrid,8,67,4,4,3,7,69,12,2,Female,30s,Meets Expectations
E4413,Sales,Master's,Remote,8,53,3,5,3,6,63,11,4,Female,40s,Meets Expectations
E4414,Operations,PhD,Hybrid,4,43,2,5,2,7,74,12,4,Male,20s,Meets Expectations
E4415,Marketing,Master's,On-site,4,72,5,2,5,2,40,10,7,Female,30s,Meets Expectations
E4416,Sales,Master's,Hybrid,4,7,4,2,2,2,46,5,11,Male,20s,Needs Improvement
E4417,Operations,Bachelor's,Hybrid,6,18,4,4,5,6,82,25,4,Female,40s,Exceeds Expectations
E4418,Operations,High School,On-site,8,31,3,5,3,7,59,13,4,Female,30s,Meets Expectations
E4419,Finance,Bachelor's,Hybrid,3,68,4,2,4,2,55,4,5,Female,30s,Meets Expectations
E4420,Operations,High School,On-site,16,59,2,3,4,9,75,16,4,Male,40s,Meets Expectations
E4421,Operations,Master's,Hybrid,14,6,3,2,4,6,66,19,4,Female,40s,Meets Expectations
E4422,Marketing,Master's,Hybrid,7,31,4,3,3,9,83,18,6,Male,40s,Exceeds Expectations
E4423,Operations,Bachelor's,Hybrid,1,14,3,3,2,8,61,10,6,Male,20s,Needs Improvement
E4424,Engineering,Bachelor's,Hybrid,4,39,4,3,3,9,88,9,3,Non-binary,30s,Exceeds Expectations
E4425,HR,Master's,Hybrid,1,58,4,2,3,3,62,8,4,Male,20s,Meets Expectations
E4426,HR,Bachelor's,On-site,10,60,4,2,3,7,83,13,11,Male,40s,Meets Expectations
E4427,Engineering,Bachelor's,On-site,8,45,3,5,2,8,69,22,6,Male,30s,Meets Expectations
E4428,Engineering,Bachelor's,Hybrid,1,31,4,3,3,7,55,22,2,Female,20s,Needs Improvement
E4429,Engineering,High School,Remote,2,38,5,5,1,5,67,3,9,Male,30s,Meets Expectations
E4430,Sales,Master's,On-site,1,54,3,5,3,4,70,6,3,Male,20s,Meets Expectations
E4431,Engineering,High School,On-site,2,87,4,2,4,6,66,2,5,Female,30s,Exceeds Expectations
E4432,Sales,Bachelor's,Remote,0,16,4,4,3,4,55,13,5,Female,20s,Meets Expectations
E4433,Operations,Bachelor's,On-site,3,72,2,2,3,5,91,25,4,Male,40s,Exceeds Expectations
E4434,Marketing,Bachelor's,Remote,3,45,3,3,4,10,72,8,2,Male,30s,Exceeds Expectations
E4435,Marketing,Bachelor's,Remote,4,56,3,1,4,7,33,17,1,Female,50+,Meets Expectations
E4436,Engineering,High School,On-site,6,44,1,2,4,6,71,1,5,Male,40s,Needs Improvement
E4437,Operations,Master's,On-site,5,68,4,2,4,3,76,12,7,Female,30s,Meets Expectations
E4438,Engineering,Master's,Remote,8,47,2,3,3,7,36,10,4,Female,40s,Needs Improvement
E4439,Sales,High School,On-site,1,27,4,3,4,6,57,18,10,Male,20s,Meets Expectations
E4440,HR,High School,Hybrid,3,49,3,2,5,5,83,3,8,Female,20s,Meets Expectations
E4441,Operations,Master's,On-site,3,63,5,3,4,5,71,11,4,Male,30s,Meets Expectations
E4442,Operations,High School,Hybrid,0,40,3,4,4,4,71,30,5,Male,20s,Meets Expectations
E4443,Operations,Bachelor's,Remote,6,0,5,3,4,8,49,5,6,Female,30s,Meets Expectations
E4444,Finance,High School,Hybrid,3,38,3,3,3,5,54,4,6,Female,20s,Needs Improvement
E4445,HR,Bachelor's,On-site,6,42,3,4,3,8,46,19,3,Male,30s,Meets Expectations
E4446,Marketing,PhD,Hybrid,1,39,5,2,4,9,38,21,7,Male,20s,Meets Expectations
E4447,Engineering,Bachelor's,Hybrid,10,30,2,4,4,4,27,15,6,Male,40s,Needs Improvement
E4448,Engineering,PhD,On-site,2,66,3,2,3,6,100,42,8,Male,30s,Needs Improvement
E4449,Operations,Master's,Hybrid,12,0,4,5,4,5,56,10,4,Male,40s,Meets Expectations
E4450,Operations,PhD,Hybrid,2,42,4,4,2,12,73,15,2,Male,30s,Meets Expectations
E4451,Sales,Master's,On-site,3,42,3,4,3,5,86,15,9,Male,20s,Meets Expectations
E4452,Engineering,Master's,Remote,4,82,3,4,3,10,70,7,5,Female,30s,Exceeds Expectations
E4453,Engineering,Bachelor's,Hybrid,1,40,4,3,3,4,66,6,2,Female,20s,Meets Expectations
E4454,HR,Master's,On-site,2,49,3,2,3,6,74,9,4,Male,40s,Meets Expectations
E4455,Engineering,High School,On-site,8,43,4,2,3,10,100,6,3,Non-binary,40s,Exceeds Expectations
E4456,Marketing,Master's,On-site,6,42,4,5,5,6,69,10,3,Male,50+,Exceeds Expectations
E4457,Engineering,Bachelor's,On-site,4,75,4,3,4,2,45,17,5,Male,30s,Meets Expectations
E4458,Engineering,High School,On-site,2,18,4,2,3,7,50,3,7,Female,30s,Needs Improvement
E4459,Engineering,Bachelor's,Hybrid,1,27,3,4,2,5,53,4,2,Male,30s,Needs Improvement
E4460,Finance,Bachelor's,Hybrid,8,55,4,4,3,5,65,8,5,Female,30s,Meets Expectations
E4461,Sales,Bachelor's,On-site,2,45,3,3,3,10,49,9,5,Male,30s,Meets Expectations
E4462,Sales,Bachelor's,Hybrid,3,34,2,2,3,4,58,5,4,Male,30s,Needs Improvement
E4463,Marketing,Bachelor's,Hybrid,13,39,3,4,5,7,65,15,4,Male,40s,Exceeds Expectations
E4464,Operations,Bachelor's,Hybrid,5,58,3,4,2,6,84,4,2,Male,30s,Meets Expectations
E4465,Sales,Bachelor's,Remote,13,50,4,4,3,9,54,2,5,Female,40s,Meets Expectations
E4466,Finance,High School,On-site,5,26,3,3,3,9,77,12,5,Male,40s,Meets Expectations
E4467,Sales,Bachelor's,On-site,5,45,3,2,3,4,72,14,8,Female,30s,Meets Expectations
E4468,Marketing,Bachelor's,On-site,6,39,4,4,2,5,79,12,5,Male,30s,Meets Expectations
E4469,Sales,Bachelor's,On-site,6,49,5,3,3,6,30,3,5,Female,50+,Meets Expectations
E4470,Operations,High School,Hybrid,4,34,4,2,4,6,39,2,6,Male,20s,Needs Improvement
E4471,Operations,PhD,On-site,3,16,4,4,4,8,43,32,2,Female,30s,Meets Expectations
E4472,Finance,Bachelor's,Hybrid,4,53,3,2,4,0,89,13,4,Male,20s,Exceeds Expectations
E4473,Operations,Bachelor's,Remote,13,51,2,1,4,10,55,28,6,Male,50+,Meets Expectations
E4474,Engineering,Bachelor's,Hybrid,8,68,2,5,2,6,49,6,10,Female,40s,Needs Improvement
E4475,Marketing,Master's,Hybrid,3,14,3,1,3,6,66,24,7,Male,30s,Needs Improvement
E4476,Engineering,Bachelor's,Hybrid,4,39,4,3,5,4,100,25,2,Male,40s,Exceeds Expectations
E4477,Engineering,Bachelor's,Hybrid,5,35,3,2,4,3,57,17,3,Male,30s,Meets Expectations
E4478,HR,Bachelor's,Hybrid,5,32,4,2,2,5,57,8,4,Female,30s,Needs Improvement
E4479,Finance,Bachelor's,Hybrid,8,9,5,5,3,6,83,5,5,Male,40s,Exceeds Expectations
E4480,Finance,Bachelor's,On-site,7,19,2,3,2,7,72,14,3,Female,40s,Needs Improvement
E4481,Operations,PhD,On-site,3,45,5,4,3,8,68,4,5,Female,30s,Meets Expectations
E4482,HR,PhD,Hybrid,7,30,2,4,5,6,60,6,4,Female,30s,Meets Expectations
E4483,Operations,Bachelor's,Hybrid,6,23,5,3,4,8,72,12,2,Male,40s,Exceeds Expectations
E4484,Operations,High School,On-site,3,69,3,4,2,3,25,26,3,Female,30s,Needs Improvement
E4485,Operations,Bachelor's,On-site,9,87,3,4,3,4,72,26,3,Male,30s,Meets Expectations
E4486,Engineering,PhD,Hybrid,3,39,3,4,3,9,48,24,8,Female,30s,Meets Expectations
E4487,HR,Master's,On-site,11,10,3,2,3,4,91,27,7,Female,50+,Meets Expectations
E4488,Finance,Bachelor's,Hybrid,4,48,5,4,4,6,85,8,4,Male,20s,Exceeds Expectations
E4489,Operations,Bachelor's,On-site,5,0,3,3,3,3,80,6,6,Female,40s,Needs Improvement
E4490,Engineering,Bachelor's,On-site,7,13,3,4,3,4,99,2,5,Female,30s,Exceeds Expectations
E4491,Sales,Master's,Hybrid,14,48,2,3,3,7,100,15,4,Female,50+,Exceeds Expectations
E4492,Sales,Bachelor's,On-site,3,12,3,5,3,6,68,7,7,Female,20s,Meets Expectations
E4493,Sales,Bachelor's,On-site,2,34,3,4,4,8,68,8,6,Male,20s,Meets Expectations
E4494,Operations,Bachelor's,Remote,1,10,3,3,4,5,79,7,4,Male,20s,Needs Improvement
E4495,Engineering,Bachelor's,Hybrid,6,41,3,3,3,4,78,9,5,Male,30s,Meets Expectations
E4496,Sales,Master's,Hybrid,0,62,2,3,4,14,30,11,5,Female,20s,Meets Expectations
E4497,Finance,Bachelor's,Hybrid,1,28,5,3,4,10,63,12,6,Female,30s,Meets Expectations
E4498,Sales,Bachelor's,On-site,0,40,3,4,3,2,53,6,8,Male,20s,Needs Improvement
E4499,Engineering,Master's,On-site,8,24,4,3,3,8,74,2,0,Female,30s,Exceeds Expectations
E4500,Marketing,Bachelor's,Hybrid,2,25,4,5,5,5,75,10,6,Female,30s,Exceeds Expectations
E4501,HR,Master's,On-site,1,23,5,3,5,3,68,25,3,Female,20s,Exceeds Expectations
E4502,Operations,Master's,On-site,14,56,4,3,2,5,56,11,5,Male,40s,Meets Expectations
E4503,Finance,High School,Hybrid,1,12,3,3,4,3,59,16,3,Male,20s,Meets Expectations
E4504,Operations,High School,On-site,11,33,2,5,5,3,97,7,9,Female,40s,Meets Expectations
E4505,Engineering,High School,On-site,4,48,4,2,4,3,29,23,3,Female,30s,Needs Improvement
E4506,Finance,Master's,Hybrid,6,58,4,3,3,1,100,7,5,Male,50+,Exceeds Expectations
E4507,HR,PhD,Hybrid,6,49,3,4,3,12,98,7,2,Female,40s,Exceeds Expectations
E4508,Finance,Bachelor's,Hybrid,3,39,3,2,5,6,65,13,7,Female,20s,Meets Expectations
E4509,Sales,Master's,On-site,3,29,4,5,4,7,78,18,2,Male,20s,Exceeds Expectations
E4510,Engineering,Master's,Hybrid,10,59,1,2,4,8,66,8,6,Female,40s,Meets Expectations
E4511,Engineering,PhD,Remote,8,23,3,3,5,5,65,13,8,Female,30s,Meets Expectations
E4512,Operations,Bachelor's,Hybrid,3,23,4,5,2,4,60,44,3,Male,30s,Needs Improvement
E4513,Operations,Bachelor's,Remote,7,67,3,3,3,8,57,11,6,Male,40s,Meets Expectations
E4514,Engineering,Master's,On-site,3,47,4,3,4,8,79,4,5,Female,20s,Meets Expectations
E4515,Marketing,Master's,On-site,2,48,4,3,3,6,54,4,4,Female,30s,Meets Expectations
E4516,Finance,Master's,On-site,9,52,3,3,2,3,69,20,6,Female,40s,Meets Expectations
E4517,HR,Master's,Hybrid,11,38,4,4,4,5,61,4,5,Male,40s,Exceeds Expectations
E4518,Sales,Bachelor's,Remote,6,11,3,3,3,4,99,9,7,Female,30s,Meets Expectations
E4519,Operations,Master's,On-site,3,45,1,1,3,6,85,5,5,Female,30s,Meets Expectations
E4520,Marketing,Bachelor's,On-site,0,40,3,3,3,8,56,4,3,Female,20s,Meets Expectations
E4521,Finance,Bachelor's,Remote,1,23,2,3,3,3,89,22,5,Male,20s,Meets Expectations
E4522,Marketing,Bachelor's,On-site,10,18,3,3,3,5,74,1,4,Female,30s,Meets Expectations
E4523,Finance,Bachelor's,Hybrid,2,39,4,3,4,5,86,23,4,Male,30s,Exceeds Expectations
E4524,Engineering,High School,On-site,9,13,3,2,4,7,83,9,3,Male,30s,Meets Expectations
E4525,Operations,Master's,Remote,8,37,2,3,3,5,45,11,6,Non-binary,40s,Needs Improvement
E4526,Sales,Master's,On-site,1,35,4,5,3,6,77,14,3,Male,20s,Exceeds Expectations
E4527,Operations,Bachelor's,Hybrid,5,38,5,3,3,7,67,7,2,Male,30s,Meets Expectations
E4528,Operations,Bachelor's,Hybrid,3,48,1,4,3,7,99,9,5,Female,30s,Meets Expectations
E4529,Marketing,High School,Remote,3,52,4,2,3,7,53,13,2,Male,30s,Meets Expectations
E4530,Marketing,Bachelor's,Remote,15,26,3,3,3,9,79,31,5,Male,40s,Meets Expectations
E4531,Engineering,Bachelor's,Hybrid,12,57,3,2,5,10,48,12,3,Male,40s,Meets Expectations
E4532,Sales,Bachelor's,On-site,3,36,3,4,4,7,100,26,10,Non-binary,30s,Meets Expectations
E4533,Marketing,Master's,Hybrid,14,75,3,2,3,4,77,14,3,Female,50+,Exceeds Expectations
E4534,Engineering,Bachelor's,Remote,1,28,4,4,4,7,59,26,5,Male,20s,Meets Expectations
E4535,Engineering,Master's,Hybrid,8,8,3,4,2,8,91,3,5,Male,30s,Exceeds Expectations
E4536,Operations,Master's,Remote,6,57,1,3,3,4,96,5,2,Male,30s,Meets Expectations
E4537,Sales,Bachelor's,Hybrid,1,49,5,1,4,6,74,9,4,Male,20s,Meets Expectations
E4538,Sales,Bachelor's,On-site,10,64,4,1,4,6,65,8,2,Female,30s,Exceeds Expectations
E4539,Engineering,High School,On-site,1,46,3,3,4,8,49,12,3,Male,20s,Needs Improvement
E4540,Marketing,Bachelor's,On-site,6,87,3,2,1,4,52,6,2,Female,40s,Needs Improvement
E4541,Sales,Master's,Hybrid,12,36,5,3,4,6,47,10,7,Male,40s,Exceeds Expectations
E4542,Operations,Bachelor's,Hybrid,4,61,4,3,3,9,86,8,4,Female,30s,Exceeds Expectations
E4543,HR,Bachelor's,On-site,0,29,5,2,2,9,87,11,7,Female,20s,Meets Expectations
E4544,Engineering,Bachelor's,Hybrid,1,50,4,2,2,3,50,6,3,Male,20s,Needs Improvement
E4545,HR,Bachelor's,On-site,9,54,4,3,3,6,87,10,6,Male,40s,Meets Expectations
E4546,Engineering,PhD,Hybrid,9,57,5,1,5,10,63,11,4,Male,30s,Exceeds Expectations
E4547,Operations,Bachelor's,Hybrid,0,56,3,3,4,10,58,5,8,Male,20s,Meets Expectations
E4548,Engineering,Master's,Hybrid,15,0,4,3,5,5,75,2,6,Male,40s,Meets Expectations
E4549,Engineering,High School,On-site,9,39,1,3,3,6,66,17,1,Male,30s,Meets Expectations
E4550,Sales,High School,Hybrid,2,28,2,5,3,8,39,27,1,Male,20s,Needs Improvement
E4551,Engineering,Bachelor's,Remote,14,32,4,2,2,4,62,7,4,Male,40s,Meets Expectations
E4552,HR,Master's,Hybrid,5,34,4,4,2,9,45,18,6,Male,30s,Meets Expectations
E4553,Sales,Bachelor's,Remote,3,60,3,3,3,8,40,10,9,Male,30s,Needs Improvement
E4554,Operations,Master's,On-site,5,44,3,4,2,7,57,15,5,Male,30s,Needs Improvement
E4555,Engineering,Bachelor's,On-site,5,30,3,3,3,6,66,17,6,Male,50+,Meets Expectations
E4556,Marketing,Bachelor's,On-site,12,11,3,5,3,9,46,20,4,Male,50+,Meets Expectations
E4557,Finance,Bachelor's,Hybrid,8,71,1,4,5,4,69,10,5,Male,30s,Meets Expectations
E4558,Engineering,Bachelor's,On-site,6,27,4,4,3,5,69,3,3,Male,40s,Meets Expectations
E4559,Marketing,Bachelor's,Remote,7,37,3,2,2,3,79,8,6,Male,40s,Needs Improvement
E4560,Operations,Bachelor's,Hybrid,2,83,4,3,2,6,64,18,8,Female,20s,Needs Improvement
E4561,Operations,Master's,Remote,2,28,3,3,4,5,79,10,3,Female,40s,Meets Expectations
E4562,Operations,Bachelor's,Hybrid,5,34,2,2,3,4,81,2,7,Male,20s,Needs Improvement
E4563,Finance,Bachelor's,Hybrid,4,45,2,3,4,8,43,22,3,Female,30s,Meets Expectations
E4564,Sales,Bachelor's,Hybrid,2,8,5,3,3,8,96,7,8,Female,30s,Exceeds Expectations
E4565,Operations,High School,Hybrid,2,6,3,4,3,10,88,4,2,Female,40s,Exceeds Expectations
E4566,Engineering,Bachelor's,Hybrid,8,30,4,4,4,4,63,2,2,Female,30s,Exceeds Expectations
E4567,Marketing,Bachelor's,On-site,0,31,2,4,4,5,52,29,1,Male,20s,Needs Improvement
E4568,Finance,High School,Remote,3,43,3,3,4,3,81,10,3,Male,30s,Exceeds Expectations
E4569,Operations,Bachelor's,Hybrid,4,20,3,3,3,8,57,9,3,Male,40s,Needs Improvement
E4570,Operations,Bachelor's,Hybrid,6,49,3,3,3,12,51,12,4,Female,40s,Meets Expectations
E4571,Engineering,Master's,On-site,3,0,3,3,4,5,62,7,4,Female,30s,Meets Expectations
E4572,Finance,Master's,On-site,14,39,5,2,5,6,87,1,5,Female,50+,Exceeds Expectations
E4573,Engineering,Bachelor's,On-site,2,47,5,3,2,3,91,23,4,Female,30s,Exceeds Expectations
E4574,Finance,Master's,Hybrid,7,47,4,4,5,4,98,4,1,Female,40s,Exceeds Expectations
E4575,Finance,Bachelor's,On-site,7,37,3,5,3,10,64,17,6,Male,40s,Meets Expectations
E4576,Engineering,Master's,Remote,6,27,2,3,4,4,65,3,4,Female,30s,Meets Expectations
E4577,Operations,High School,Remote,2,36,2,2,5,7,65,17,1,Male,20s,Meets Expectations
E4578,Sales,High School,On-site,0,65,5,4,2,8,58,1,7,Male,20s,Meets Expectations
E4579,HR,Bachelor's,Hybrid,2,28,2,1,4,5,57,11,6,Female,30s,Needs Improvement
E4580,Operations,Bachelor's,On-site,3,60,3,4,3,5,61,27,7,Male,40s,Needs Improvement
E4581,Marketing,Master's,On-site,2,63,3,2,4,7,98,13,1,Male,30s,Exceeds Expectations
E4582,Marketing,Bachelor's,On-site,13,5,1,4,3,5,54,3,4,Female,40s,Needs Improvement
E4583,Engineering,High School,Remote,4,37,2,3,1,3,71,10,1,Male,30s,Needs Improvement
E4584,Engineering,Bachelor's,Remote,7,20,2,4,3,5,78,1,4,Male,40s,Needs Improvement
E4585,Engineering,Bachelor's,On-site,2,10,3,5,4,10,100,6,1,Male,30s,Exceeds Expectations
E4586,Sales,Master's,On-site,9,56,4,2,5,6,73,25,4,Male,40s,Meets Expectations
E4587,Sales,Master's,Hybrid,11,49,4,2,4,2,64,12,4,Female,40s,Exceeds Expectations
E4588,HR,Bachelor's,Hybrid,14,45,3,3,5,10,52,11,5,Female,50+,Exceeds Expectations
E4589,Finance,Master's,On-site,0,18,3,5,3,5,54,23,3,Male,20s,Meets Expectations
E4590,Engineering,Bachelor's,Remote,6,44,3,3,3,3,68,7,6,Male,30s,Meets Expectations
E4591,Marketing,High School,Remote,7,14,2,3,4,3,63,8,5,Male,40s,Meets Expectations
E4592,Operations,Bachelor's,Hybrid,15,42,4,3,3,8,67,6,6,Male,50+,Meets Expectations
E4593,Engineering,Bachelor's,Remote,8,27,4,2,4,7,77,5,5,Male,30s,Exceeds Expectations
E4594,Marketing,High School,Hybrid,1,61,1,3,2,5,58,6,6,Male,30s,Needs Improvement
E4595,Engineering,Bachelor's,Hybrid,8,33,4,3,4,4,74,15,3,Female,40s,Exceeds Expectations
E4596,HR,Master's,Remote,5,45,3,5,4,3,85,16,4,Female,40s,Exceeds Expectations
E4597,Finance,Master's,Hybrid,2,45,4,4,4,5,39,2,2,Female,30s,Meets Expectations
E4598,Engineering,PhD,Hybrid,9,38,4,2,4,7,71,25,2,Female,30s,Exceeds Expectations
E4599,Sales,Bachelor's,On-site,3,42,2,3,3,10,91,21,4,Male,40s,Exceeds Expectations
E4600,Operations,Bachelor's,Hybrid,15,46,2,4,3,5,75,9,3,Male,50+,Meets Expectations
E4601,Engineering,Master's,On-site,13,22,3,2,4,2,58,7,0,Male,40s,Meets Expectations
E4602,Finance,Bachelor's,On-site,5,48,1,2,3,3,78,9,5,Female,30s,Meets Expectations
E4603,Marketing,Bachelor's,Hybrid,4,57,3,3,4,8,60,10,8,Female,30s,Meets Expectations
E4604,Engineering,Bachelor's,On-site,8,48,4,4,4,12,82,5,3,Female,40s,Exceeds Expectations
E4605,Finance,Bachelor's,On-site,7,33,4,4,3,5,76,6,6,Male,30s,Exceeds Expectations
E4606,HR,Master's,On-site,4,43,3,3,4,3,99,4,8,Female,30s,Exceeds Expectations
E4607,Engineering,Bachelor's,Remote,1,33,3,5,4,6,66,47,1,Male,20s,Needs Improvement
E4608,Operations,High School,Hybrid,11,38,3,3,3,9,75,8,5,Male,40s,Meets Expectations
E4609,HR,Master's,On-site,3,16,3,4,3,7,63,35,4,Female,20s,Needs Improvement
E4610,Finance,Bachelor's,Remote,3,68,4,2,4,4,70,7,8,Male,30s,Meets Expectations
E4611,Engineering,Bachelor's,Remote,5,79,2,5,4,7,54,7,6,Female,30s,Exceeds Expectations
E4612,Engineering,Bachelor's,On-site,20,26,5,5,4,3,89,7,1,Female,50+,Exceeds Expectations
E4613,Finance,PhD,Hybrid,2,56,3,4,4,7,72,13,4,Male,30s,Exceeds Expectations
E4614,Marketing,Bachelor's,On-site,1,69,4,1,4,5,69,16,6,Female,30s,Meets Expectations
E4615,Engineering,Bachelor's,Hybrid,4,21,3,4,3,2,83,23,5,Female,30s,Meets Expectations
E4616,Finance,Bachelor's,Hybrid,3,0,2,2,3,6,93,7,5,Male,50+,Meets Expectations
E4617,HR,PhD,On-site,0,70,5,4,3,7,100,17,7,Female,20s,Exceeds Expectations
E4618,Sales,Bachelor's,Hybrid,2,40,4,2,4,5,55,5,4,Female,20s,Meets Expectations
E4619,Operations,Bachelor's,On-site,17,30,2,3,4,3,79,26,4,Female,50+,Meets Expectations
E4620,Marketing,Bachelor's,Hybrid,7,41,3,3,4,3,83,3,5,Male,40s,Meets Expectations
E4621,HR,Master's,On-site,1,33,4,2,4,3,67,4,3,Male,20s,Meets Expectations
E4622,Finance,High School,Remote,6,99,1,4,2,10,58,10,4,Male,30s,Needs Improvement
E4623,HR,Bachelor's,Hybrid,7,29,1,3,3,4,87,12,4,Male,30s,Meets Expectations
E4624,Operations,Bachelor's,On-site,12,47,2,3,4,4,53,7,3,Female,40s,Meets Expectations
E4625,Operations,Bachelor's,Hybrid,16,66,2,4,3,9,75,11,7,Male,50+,Meets Expectations
E4626,Sales,Bachelor's,On-site,8,66,2,5,4,3,57,10,4,Male,30s,Meets Expectations
E4627,Sales,Bachelor's,Hybrid,5,62,2,3,3,4,69,6,2,Female,30s,Meets Expectations
E4628,Operations,Bachelor's,Hybrid,11,31,3,1,3,6,43,14,3,Male,40s,Needs Improvement
E4629,Operations,Master's,On-site,1,37,2,2,4,3,51,13,1,Male,30s,Needs Improvement
E4630,Engineering,High School,On-site,3,0,4,3,4,11,39,16,2,Male,20s,Meets Expectations
E4631,Engineering,Master's,On-site,0,39,3,4,2,9,100,26,4,Female,20s,Meets Expectations
E4632,Sales,Bachelor's,Hybrid,0,41,4,3,4,4,45,31,12,Male,20s,Needs Improvement
E4633,Operations,Master's,Hybrid,1,55,2,4,3,2,82,15,5,Male,20s,Meets Expectations
E4634,Operations,Bachelor's,On-site,2,76,3,3,2,6,56,11,5,Female,20s,Needs Improvement
E4635,Operations,Bachelor's,On-site,6,54,3,4,4,7,30,16,3,Male,30s,Meets Expectations
E4636,Engineering,High School,Remote,2,61,4,4,2,4,72,14,2,Female,20s,Meets Expectations
E4637,Operations,Bachelor's,On-site,0,40,3,2,3,4,100,3,6,Female,20s,Exceeds Expectations
E4638,Engineering,Master's,On-site,1,66,3,4,4,3,56,2,10,Male,20s,Meets Expectations
E4639,Sales,Bachelor's,Hybrid,2,40,3,2,3,3,98,17,2,Non-binary,30s,Exceeds Expectations
E4640,Sales,Master's,On-site,5,63,3,4,3,10,100,19,8,Female,30s,Exceeds Expectations
E4641,HR,Bachelor's,Remote,3,56,5,3,3,6,51,2,6,Female,50+,Meets Expectations
E4642,Marketing,Bachelor's,On-site,4,48,4,3,3,6,40,5,7,Male,30s,Meets Expectations
E4643,Engineering,Master's,Remote,6,9,3,4,2,7,55,19,3,Female,40s,Needs Improvement
E4644,Engineering,Bachelor's,On-site,5,62,2,3,3,9,85,10,3,Male,30s,Meets Expectations
E4645,Operations,Master's,On-site,5,48,2,5,3,4,36,11,7,Male,30s,Needs Improvement
E4646,Engineering,Bachelor's,On-site,2,54,3,3,2,7,76,2,9,Female,20s,Meets Expectations
E4647,HR,Bachelor's,Remote,6,46,4,3,3,6,70,16,3,Male,30s,Meets Expectations
E4648,Engineering,Master's,Hybrid,4,50,3,5,3,8,57,2,4,Female,20s,Meets Expectations
E4649,Sales,High School,On-site,2,66,3,5,4,9,60,16,7,Female,30s,Meets Expectations
E4650,Engineering,Bachelor's,Remote,4,31,3,3,4,15,65,29,3,Male,30s,Meets Expectations
E4651,Finance,High School,On-site,3,49,2,3,5,11,69,32,3,Female,20s,Meets Expectations
E4652,Sales,Bachelor's,On-site,11,24,4,3,4,5,94,17,5,Female,40s,Exceeds Expectations
E4653,Sales,Bachelor's,On-site,7,52,3,4,2,7,61,2,11,Male,40s,Needs Improvement
E4654,Operations,High School,Remote,5,45,4,3,1,9,66,16,8,Female,30s,Meets Expectations
E4655,Engineering,Bachelor's,On-site,2,27,3,1,2,6,78,8,5,Male,30s,Meets Expectations
E4656,Finance,Bachelor's,On-site,2,42,2,4,3,4,52,2,7,Male,30s,Needs Improvement
E4657,Engineering,Bachelor's,Remote,3,29,4,4,2,6,94,12,3,Female,20s,Exceeds Expectations
E4658,Operations,High School,Hybrid,7,32,2,4,3,8,55,23,4,Female,30s,Meets Expectations
E4659,Engineering,Bachelor's,On-site,5,47,4,5,3,6,76,6,5,Female,30s,Exceeds Expectations
E4660,HR,Master's,Hybrid,1,45,3,3,3,5,64,27,8,Male,20s,Needs Improvement
E4661,Marketing,Master's,On-site,0,2,5,3,4,6,68,7,6,Female,20s,Meets Expectations
E4662,Marketing,Bachelor's,Hybrid,5,47,2,4,3,5,100,8,5,Male,30s,Meets Expectations
E4663,Operations,Bachelor's,On-site,4,34,2,2,3,4,72,6,4,Female,40s,Needs Improvement
E4664,Engineering,High School,Hybrid,3,32,3,3,5,7,57,1,4,Male,30s,Meets Expectations
E4665,Sales,Bachelor's,Hybrid,16,17,4,3,3,7,53,2,4,Male,50+,Meets Expectations
E4666,Operations,Bachelor's,On-site,5,39,1,4,4,9,88,21,6,Male,40s,Meets Expectations
E4667,Operations,Master's,On-site,8,30,4,3,4,2,75,5,6,Male,40s,Exceeds Expectations
E4668,HR,Master's,On-site,5,65,3,2,4,2,60,8,4,Female,40s,Meets Expectations
E4669,HR,Bachelor's,Hybrid,18,5,2,3,3,3,86,5,5,Female,50+,Meets Expectations
E4670,Finance,High School,Hybrid,2,21,3,4,4,9,55,7,2,Female,20s,Meets Expectations
E4671,Finance,Master's,Hybrid,0,19,3,3,3,6,54,16,4,Female,20s,Meets Expectations
E4672,Operations,PhD,Remote,1,45,2,2,4,2,66,34,1,Male,30s,Needs Improvement
E4673,Operations,High School,Remote,2,63,1,2,2,4,63,28,6,Male,40s,Needs Improvement
E4674,Sales,Master's,Remote,3,50,4,3,3,6,40,11,9,Male,30s,Needs Improvement
E4675,Marketing,Bachelor's,Hybrid,7,18,3,3,4,8,60,20,8,Non-binary,30s,Meets Expectations
E4676,HR,Master's,On-site,3,31,3,3,4,4,77,24,5,Male,40s,Meets Expectations
E4677,Engineering,Bachelor's,Hybrid,4,24,4,3,3,5,62,21,1,Female,30s,Meets Expectations
E4678,Operations,Bachelor's,On-site,3,50,3,4,2,4,67,3,5,Female,40s,Meets Expectations
E4679,Marketing,Bachelor's,On-site,2,31,2,4,4,5,52,11,9,Male,20s,Needs Improvement
E4680,Engineering,Bachelor's,On-site,1,12,4,4,3,6,72,16,6,Female,20s,Exceeds Expectations
E4681,Marketing,Bachelor's,On-site,12,52,5,4,3,10,76,5,10,Female,50+,Exceeds Expectations
E4682,Sales,Bachelor's,Hybrid,7,65,4,5,5,5,90,4,10,Male,30s,Exceeds Expectations
E4683,Engineering,Master's,On-site,4,36,2,2,3,6,63,13,6,Male,30s,Needs Improvement
E4684,Marketing,High School,On-site,2,42,2,3,3,2,64,12,4,Female,30s,Meets Expectations
E4685,Finance,Master's,Remote,5,10,2,3,2,8,78,23,5,Female,30s,Meets Expectations
E4686,HR,Bachelor's,Hybrid,4,0,3,4,2,7,66,2,7,Female,30s,Meets Expectations
E4687,Engineering,Master's,On-site,0,3,5,3,4,6,78,26,7,Female,20s,Exceeds Expectations
E4688,Marketing,High School,On-site,0,39,3,2,3,11,80,7,6,Female,20s,Meets Expectations
E4689,Engineering,Bachelor's,On-site,6,34,3,3,4,7,51,3,7,Male,30s,Meets Expectations
E4690,Operations,Bachelor's,Remote,3,51,4,3,2,6,50,15,4,Male,30s,Meets Expectations
E4691,Engineering,PhD,On-site,7,36,3,4,3,6,59,8,4,Female,40s,Meets Expectations
E4692,Operations,Bachelor's,Remote,7,60,5,3,3,8,40,20,4,Non-binary,30s,Meets Expectations
E4693,Engineering,High School,On-site,2,57,3,3,4,4,98,10,5,Male,30s,Exceeds Expectations
E4694,Engineering,Master's,Hybrid,5,34,4,2,3,7,48,4,4,Female,20s,Needs Improvement
E4695,Sales,Bachelor's,On-site,3,20,4,3,2,7,86,3,5,Male,30s,Meets Expectations
E4696,Finance,Bachelor's,Hybrid,2,2,4,5,4,4,52,1,8,Male,30s,Needs Improvement
E4697,Operations,Bachelor's,On-site,2,69,3,4,4,7,85,13,6,Male,40s,Exceeds Expectations
E4698,HR,Master's,On-site,4,21,3,4,4,8,87,2,2,Female,30s,Exceeds Expectations
E4699,Sales,PhD,Remote,14,10,4,3,4,8,40,8,5,Male,40s,Meets Expectations
E4700,Engineering,Master's,Hybrid,8,43,4,3,3,12,66,9,1,Female,30s,Meets Expectations
E4701,Marketing,Bachelor's,On-site,12,10,4,4,5,3,95,13,3,Female,40s,Exceeds Expectations
E4702,Sales,High School,Hybrid,4,43,2,4,3,6,70,7,5,Male,30s,Meets Expectations
E4703,Operations,Master's,On-site,0,33,4,4,4,6,82,3,4,Male,20s,Meets Expectations
E4704,HR,Bachelor's,Remote,5,58,3,3,4,6,72,7,9,Male,30s,Meets Expectations
E4705,Finance,Bachelor's,Hybrid,3,57,3,3,3,7,82,10,4,Female,40s,Exceeds Expectations
E4706,Operations,PhD,On-site,11,62,4,4,5,6,88,22,9,Female,40s,Exceeds Expectations
E4707,Engineering,Bachelor's,On-site,7,44,5,3,3,6,65,26,5,Male,40s,Exceeds Expectations
E4708,Sales,Bachelor's,On-site,4,23,3,5,3,3,68,21,4,Male,30s,Meets Expectations
E4709,Operations,Master's,Remote,3,19,5,4,3,6,63,12,6,Male,20s,Meets Expectations
E4710,Sales,Bachelor's,On-site,10,29,2,3,4,3,48,7,5,Female,40s,Meets Expectations
E4711,Marketing,PhD,On-site,4,80,5,2,4,7,79,11,3,Male,40s,Exceeds Expectations
E4712,Operations,Bachelor's,Remote,5,35,4,3,4,5,69,16,2,Female,30s,Meets Expectations
E4713,Engineering,Bachelor's,On-site,11,43,4,2,2,4,88,10,6,Female,40s,Exceeds Expectations
E4714,Operations,Master's,On-site,4,70,5,3,3,7,99,13,9,Male,20s,Exceeds Expectations
E4715,Sales,Master's,Hybrid,1,45,3,2,3,6,59,10,3,Female,30s,Meets Expectations
E4716,Marketing,PhD,On-site,6,25,5,3,3,10,61,6,3,Male,50+,Meets Expectations
E4717,Sales,Bachelor's,Remote,8,55,3,3,3,4,58,9,6,Male,40s,Meets Expectations
E4718,HR,Bachelor's,Hybrid,6,31,3,3,2,8,91,4,3,Male,30s,Meets Expectations
E4719,Engineering,Bachelor's,On-site,10,46,2,3,5,6,46,9,4,Female,30s,Meets Expectations
E4720,Engineering,Bachelor's,Hybrid,6,50,5,2,4,10,73,15,9,Female,30s,Exceeds Expectations
E4721,Sales,PhD,On-site,0,30,4,4,3,4,44,15,3,Male,20s,Meets Expectations
E4722,Sales,PhD,Hybrid,1,44,3,4,3,7,92,32,4,Male,20s,Exceeds Expectations
E4723,Marketing,Bachelor's,Hybrid,6,72,4,3,4,7,80,8,9,Male,30s,Exceeds Expectations
E4724,Engineering,PhD,Hybrid,2,27,3,2,4,3,58,8,4,Female,30s,Needs Improvement
E4725,Engineering,Bachelor's,Hybrid,6,66,3,2,3,12,97,10,3,Male,30s,Exceeds Expectations
E4726,Engineering,Master's,Hybrid,13,28,4,2,4,5,55,18,7,Female,40s,Exceeds Expectations
E4727,Sales,Bachelor's,On-site,4,76,3,4,4,7,70,27,14,Female,30s,Meets Expectations
E4728,Engineering,Master's,Remote,1,23,1,4,4,2,33,26,1,Female,20s,Needs Improvement
E4729,Engineering,Master's,On-site,2,32,4,3,3,7,78,4,4,Female,30s,Meets Expectations
E4730,Marketing,Bachelor's,Remote,3,70,3,5,4,5,62,13,5,Female,30s,Exceeds Expectations
E4731,Finance,Master's,Hybrid,6,71,3,4,4,4,64,18,1,Female,30s,Exceeds Expectations
E4732,Finance,Bachelor's,On-site,3,56,2,3,4,5,53,43,6,Female,30s,Needs Improvement
E4733,Engineering,Master's,On-site,6,18,2,4,5,7,50,22,5,Male,50+,Meets Expectations
E4734,Operations,Bachelor's,Remote,0,42,3,4,3,3,59,5,5,Female,20s,Needs Improvement
E4735,Marketing,Bachelor's,Remote,2,40,2,3,2,6,89,31,9,Male,30s,Needs Improvement
E4736,Marketing,Master's,Hybrid,6,23,4,3,3,6,75,9,0,Male,30s,Exceeds Expectations
E4737,Engineering,Master's,On-site,3,54,4,3,3,8,54,24,9,Female,20s,Meets Expectations
E4738,Engineering,Master's,Hybrid,8,24,3,2,4,3,32,26,3,Male,40s,Needs Improvement
E4739,Sales,Bachelor's,On-site,8,14,4,2,4,7,99,15,6,Female,40s,Exceeds Expectations
E4740,Engineering,High School,Hybrid,3,8,3,5,4,4,28,5,3,Female,30s,Needs Improvement
E4741,Finance,Bachelor's,On-site,5,74,3,2,4,7,86,12,5,Male,30s,Exceeds Expectations
E4742,Sales,Master's,Remote,2,30,3,1,5,3,76,16,3,Male,30s,Meets Expectations
E4743,Engineering,PhD,Hybrid,8,30,5,4,3,9,65,28,5,Female,30s,Meets Expectations
E4744,Engineering,Master's,On-site,2,19,4,3,3,9,59,15,7,Male,30s,Needs Improvement
E4745,Engineering,Bachelor's,Hybrid,4,67,3,4,3,5,80,19,6,Male,30s,Exceeds Expectations
E4746,Sales,Master's,On-site,2,12,4,3,2,6,86,12,8,Female,30s,Meets Expectations
E4747,Engineering,Bachelor's,On-site,11,16,4,4,2,4,86,21,4,Female,40s,Exceeds Expectations
E4748,HR,Master's,On-site,1,34,4,5,5,9,86,6,6,Male,20s,Exceeds Expectations
E4749,Sales,Bachelor's,On-site,3,40,3,3,3,7,44,20,3,Non-binary,20s,Needs Improvement
E4750,HR,Bachelor's,On-site,0,53,3,4,3,2,57,4,6,Male,20s,Needs Improvement
E4751,Operations,Bachelor's,Hybrid,12,26,2,4,4,8,58,7,6,Male,40s,Needs Improvement
E4752,Operations,Master's,Hybrid,7,71,3,3,2,6,69,12,2,Male,30s,Meets Expectations
E4753,Marketing,Bachelor's,Hybrid,4,27,3,5,3,5,73,16,7,Female,40s,Meets Expectations
E4754,Sales,High School,Remote,0,20,3,4,3,9,85,21,4,Male,20s,Meets Expectations
E4755,Finance,Master's,Remote,9,18,4,2,3,5,68,8,7,Male,50+,Meets Expectations
E4756,Operations,PhD,On-site,5,25,5,5,2,5,81,14,7,Male,30s,Meets Expectations
E4757,HR,Bachelor's,Hybrid,9,17,4,2,4,8,62,8,5,Male,30s,Exceeds Expectations
E4758,Engineering,High School,Remote,4,55,3,3,3,5,100,8,5,Male,40s,Exceeds Expectations
E4759,Finance,Bachelor's,On-site,2,20,3,4,4,6,58,9,6,Female,20s,Meets Expectations
E4760,Engineering,High School,On-site,2,37,4,4,3,12,58,23,5,Male,30s,Meets Expectations
E4761,Finance,Bachelor's,Remote,3,19,4,3,4,7,72,18,5,Female,30s,Meets Expectations
E4762,Engineering,High School,Hybrid,17,17,3,3,4,8,87,11,7,Female,50+,Exceeds Expectations
E4763,Engineering,Bachelor's,Remote,5,62,4,3,3,14,56,2,6,Female,30s,Meets Expectations
E4764,Operations,Bachelor's,Remote,6,72,2,3,4,8,63,23,3,Female,50+,Meets Expectations
E4765,Finance,High School,On-site,14,65,4,4,3,6,62,11,9,Male,40s,Meets Expectations
E4766,Marketing,Bachelor's,Hybrid,9,11,2,3,3,8,52,23,6,Female,30s,Needs Improvement
E4767,Operations,Bachelor's,Remote,3,13,4,3,3,9,59,18,7,Female,20s,Meets Expectations
E4768,Operations,Bachelor's,On-site,3,80,3,2,1,8,57,5,4,Male,40s,Needs Improvement
E4769,Sales,High School,On-site,1,35,4,3,3,2,89,13,6,Male,20s,Meets Expectations
E4770,Operations,Bachelor's,On-site,11,13,3,3,4,5,71,3,3,Male,50+,Meets Expectations
E4771,Sales,Master's,Hybrid,6,62,2,2,2,6,60,9,7,Male,30s,Needs Improvement
E4772,Engineering,Master's,Hybrid,0,41,3,1,5,7,98,13,6,Male,20s,Exceeds Expectations
E4773,Operations,Bachelor's,Remote,7,51,5,4,1,4,97,5,7,Male,30s,Exceeds Expectations
E4774,Sales,Master's,On-site,8,0,1,2,3,4,96,41,6,Female,40s,Needs Improvement
E4775,Operations,Master's,Hybrid,7,33,3,2,2,5,61,26,4,Female,30s,Needs Improvement
E4776,Engineering,Master's,On-site,9,59,2,5,4,5,85,14,4,Female,40s,Exceeds Expectations
E4777,Engineering,Bachelor's,Remote,3,27,5,4,4,4,100,2,5,Male,20s,Exceeds Expectations
E4778,Engineering,High School,Hybrid,1,65,4,4,3,8,62,7,7,Male,20s,Meets Expectations
E4779,Marketing,Bachelor's,Hybrid,8,14,3,4,2,5,65,6,6,Male,30s,Meets Expectations
E4780,Operations,Bachelor's,On-site,3,38,4,5,2,5,61,16,5,Male,30s,Meets Expectations
E4781,Sales,Bachelor's,On-site,2,73,4,4,4,5,72,10,8,Male,30s,Exceeds Expectations
E4782,Engineering,PhD,On-site,12,17,3,3,3,4,97,19,5,Female,40s,Exceeds Expectations
E4783,Sales,Bachelor's,Remote,2,45,3,2,3,7,69,18,7,Female,20s,Meets Expectations
E4784,Sales,Bachelor's,On-site,7,52,3,2,3,3,59,7,4,Male,30s,Needs Improvement
E4785,Marketing,PhD,Remote,7,42,3,3,3,7,66,9,3,Female,30s,Meets Expectations
E4786,Marketing,Bachelor's,On-site,0,35,3,2,2,7,87,15,4,Male,20s,Meets Expectations
E4787,Engineering,Bachelor's,Hybrid,1,22,1,2,2,3,23,13,2,Female,20s,Needs Improvement
E4788,Sales,PhD,On-site,4,44,4,3,2,8,74,8,2,Female,30s,Meets Expectations
E4789,Marketing,Bachelor's,On-site,17,38,5,5,3,5,64,31,4,Male,50+,Meets Expectations
E4790,Engineering,High School,Hybrid,3,11,3,2,3,4,58,1,9,Female,40s,Needs Improvement
E4791,Sales,Bachelor's,On-site,0,62,4,3,3,9,40,2,5,Male,20s,Meets Expectations
E4792,Marketing,Bachelor's,Hybrid,0,22,3,2,4,5,78,14,7,Female,20s,Meets Expectations
E4793,Sales,Master's,Hybrid,5,12,3,3,2,5,63,22,5,Female,40s,Needs Improvement
E4794,Engineering,Bachelor's,On-site,4,28,3,4,4,4,75,7,3,Male,30s,Meets Expectations
E4795,Engineering,Master's,Hybrid,6,22,3,2,3,4,50,3,5,Female,40s,Needs Improvement
E4796,Finance,High School,Hybrid,3,35,3,3,5,9,38,2,3,Male,20s,Meets Expectations
E4797,Engineering,Master's,On-site,6,15,4,3,3,7,48,3,2,Female,30s,Meets Expectations
E4798,Operations,High School,On-site,4,49,3,4,3,3,64,5,3,Male,40s,Needs Improvement
E4799,Sales,PhD,On-site,6,68,2,3,4,7,39,3,6,Female,30s,Needs Improvement
E4800,Sales,High School,On-site,2,42,3,4,4,5,70,35,4,Female,30s,Needs Improvement
E4801,Finance,Master's,On-site,6,11,3,3,3,5,95,1,3,Male,30s,Meets Expectations
E4802,Sales,Master's,Hybrid,8,22,3,4,4,4,28,10,1,Male,40s,Meets Expectations
E4803,Engineering,Bachelor's,On-site,2,44,3,3,5,6,57,7,4,Male,30s,Exceeds Expectations
E4804,Engineering,High School,Remote,4,1,2,4,4,8,65,12,5,Male,40s,Meets Expectations
E4805,Marketing,Bachelor's,Hybrid,6,15,5,5,3,6,65,5,6,Male,30s,Meets Expectations
E4806,Sales,Bachelor's,On-site,1,7,4,3,5,7,89,10,1,Female,20s,Meets Expectations
E4807,Operations,Bachelor's,Hybrid,4,42,3,3,4,4,61,3,5,Male,50+,Meets Expectations
E4808,Sales,Bachelor's,On-site,5,83,3,3,2,7,63,9,4,Male,30s,Meets Expectations
E4809,Sales,PhD,On-site,4,15,4,3,3,4,62,18,4,Male,30s,Meets Expectations
E4810,Sales,PhD,Remote,2,56,4,3,3,7,76,21,8,Male,30s,Meets Expectations
E4811,Engineering,Bachelor's,Hybrid,7,29,5,3,3,1,94,21,3,Female,30s,Exceeds Expectations
E4812,Operations,High School,On-site,4,14,3,2,4,6,68,22,1,Male,30s,Meets Expectations
E4813,Engineering,High School,Remote,3,71,4,2,2,8,93,2,6,Male,30s,Exceeds Expectations
E4814,Operations,Master's,Remote,8,83,2,1,5,3,70,5,3,Female,30s,Meets Expectations
E4815,Engineering,PhD,Hybrid,4,48,2,5,4,3,48,9,4,Male,30s,Meets Expectations
E4816,HR,Bachelor's,Hybrid,0,47,5,5,2,3,86,29,4,Male,20s,Exceeds Expectations
E4817,Engineering,High School,Hybrid,8,41,3,4,4,2,68,17,4,Male,50+,Meets Expectations
E4818,Finance,Bachelor's,Hybrid,7,37,2,2,4,5,91,1,1,Male,30s,Exceeds Expectations
E4819,Engineering,Bachelor's,Hybrid,9,47,3,2,5,7,81,23,3,Female,40s,Exceeds Expectations
E4820,Marketing,PhD,Remote,2,54,5,2,5,7,83,15,3,Female,20s,Exceeds Expectations
E4821,Operations,Master's,Hybrid,2,73,3,4,5,9,56,16,4,Female,30s,Meets Expectations
E4822,Marketing,High School,On-site,4,30,3,4,3,1,53,16,7,Male,30s,Meets Expectations
E4823,Engineering,Bachelor's,On-site,11,43,1,3,4,8,67,8,1,Female,40s,Meets Expectations
E4824,Operations,High School,On-site,3,38,3,4,3,7,46,2,6,Male,30s,Needs Improvement
E4825,Sales,Master's,On-site,3,60,4,4,4,7,51,22,4,Male,40s,Meets Expectations
E4826,Engineering,Master's,On-site,5,88,3,2,1,4,56,4,9,Male,30s,Needs Improvement
E4827,HR,High School,Hybrid,2,61,2,4,2,12,48,7,3,Female,30s,Needs Improvement
E4828,Operations,Bachelor's,Remote,5,56,3,4,3,5,66,13,6,Female,30s,Meets Expectations
E4829,Sales,Master's,On-site,10,58,3,2,3,4,68,5,6,Non-binary,40s,Meets Expectations
E4830,Finance,Master's,On-site,0,65,4,4,4,2,60,5,6,Male,20s,Meets Expectations
E4831,Finance,Bachelor's,Remote,2,88,4,3,5,3,48,5,2,Female,20s,Meets Expectations
E4832,Sales,Bachelor's,Hybrid,0,6,4,3,3,9,55,17,6,Female,20s,Meets Expectations
E4833,Sales,PhD,Hybrid,2,52,3,4,2,7,72,6,2,Male,20s,Meets Expectations
E4834,Finance,Master's,Hybrid,4,0,3,4,3,8,64,4,12,Male,20s,Needs Improvement
E4835,Sales,PhD,Hybrid,0,59,3,4,3,7,70,9,7,Male,20s,Meets Expectations
E4836,Engineering,High School,On-site,4,51,4,2,4,10,54,15,3,Female,20s,Meets Expectations
E4837,Sales,Bachelor's,On-site,0,29,5,4,5,4,75,14,5,Male,20s,Exceeds Expectations
E4838,Operations,High School,Hybrid,2,0,2,2,5,5,80,2,4,Female,20s,Needs Improvement
E4839,Sales,Master's,On-site,7,40,2,3,4,8,47,18,3,Male,40s,Meets Expectations
E4840,Engineering,Master's,On-site,6,44,2,3,3,6,61,3,11,Female,40s,Needs Improvement
E4841,Engineering,Bachelor's,On-site,6,39,4,4,3,6,41,7,4,Female,30s,Meets Expectations
E4842,Engineering,PhD,Hybrid,1,28,3,3,4,2,81,13,9,Female,20s,Meets Expectations
E4843,Operations,PhD,Hybrid,1,22,4,3,3,11,100,6,7,Female,20s,Meets Expectations
E4844,HR,Bachelor's,Hybrid,1,39,3,5,3,7,82,36,4,Female,20s,Meets Expectations
E4845,Finance,Bachelor's,Hybrid,2,24,4,3,4,7,66,5,7,Male,30s,Meets Expectations
E4846,Finance,Master's,On-site,7,56,3,3,2,9,71,8,4,Male,40s,Meets Expectations
E4847,Sales,High School,Remote,9,38,2,1,4,5,77,22,9,Male,40s,Meets Expectations
E4848,Operations,Master's,Remote,4,6,4,3,3,3,48,9,6,Female,40s,Meets Expectations
E4849,Operations,Bachelor's,On-site,3,44,3,2,4,6,69,31,2,Female,20s,Needs Improvement
E4850,Finance,Master's,Hybrid,7,48,3,3,4,4,68,11,6,Male,30s,Meets Expectations
E4851,Finance,Master's,On-site,2,72,4,3,5,11,64,4,5,Male,30s,Exceeds Expectations
E4852,Sales,Master's,Remote,8,59,2,2,1,6,61,31,8,Female,30s,Needs Improvement
E4853,Operations,Master's,On-site,9,22,4,2,5,7,69,14,3,Male,50+,Exceeds Expectations
E4854,Engineering,Bachelor's,On-site,0,69,3,2,5,8,52,13,5,Female,20s,Meets Expectations
E4855,Finance,Bachelor's,Remote,2,12,3,3,4,7,56,14,5,Female,30s,Meets Expectations
E4856,Sales,Master's,Hybrid,12,41,4,2,4,3,72,58,4,Female,40s,Meets Expectations
E4857,Marketing,Bachelor's,On-site,1,55,4,5,4,12,67,7,2,Male,20s,Exceeds Expectations
E4858,Operations,Master's,Hybrid,1,69,3,5,3,6,68,17,5,Female,30s,Meets Expectations
E4859,Marketing,Bachelor's,Hybrid,2,78,3,5,3,3,83,6,5,Female,30s,Meets Expectations
E4860,Engineering,Bachelor's,On-site,3,65,1,2,4,4,66,10,9,Male,30s,Needs Improvement
E4861,Finance,Bachelor's,Hybrid,0,37,2,3,2,6,65,10,4,Female,20s,Needs Improvement
E4862,Operations,Master's,Hybrid,12,52,3,2,4,7,78,16,3,Female,40s,Exceeds Expectations
E4863,Marketing,Bachelor's,Hybrid,8,44,3,5,3,7,96,4,5,Male,40s,Exceeds Expectations
E4864,Operations,Bachelor's,Remote,8,26,2,4,4,5,60,18,7,Male,40s,Meets Expectations
E4865,Operations,Bachelor's,Hybrid,4,38,4,2,2,1,75,2,6,Female,20s,Needs Improvement
E4866,Operations,Master's,Hybrid,8,76,5,4,3,15,64,19,5,Female,30s,Exceeds Expectations
E4867,Sales,Bachelor's,Hybrid,4,53,3,2,2,8,53,2,1,Female,20s,Needs Improvement
E4868,Sales,Bachelor's,On-site,3,81,4,3,2,10,68,7,3,Non-binary,30s,Meets Expectations
E4869,Operations,Bachelor's,On-site,9,18,4,3,4,3,78,14,3,Male,50+,Meets Expectations
E4870,Operations,Bachelor's,Remote,4,32,2,4,3,4,55,15,10,Female,30s,Needs Improvement
E4871,Engineering,High School,Hybrid,1,48,3,4,3,7,86,13,4,Male,20s,Meets Expectations
E4872,Engineering,Master's,On-site,5,55,5,3,4,6,62,20,4,Female,30s,Meets Expectations
E4873,Sales,Bachelor's,On-site,1,38,2,3,3,5,61,10,7,Female,20s,Needs Improvement
E4874,Finance,Master's,On-site,1,56,3,1,4,4,80,7,3,Male,20s,Meets Expectations
E4875,Operations,Master's,On-site,2,56,5,5,2,4,72,11,6,Male,20s,Meets Expectations
E4876,Marketing,Bachelor's,On-site,3,12,3,3,3,5,56,5,5,Male,30s,Meets Expectations
E4877,Engineering,Master's,Hybrid,4,55,5,3,3,10,47,15,5,Male,40s,Exceeds Expectations
E4878,Sales,Master's,On-site,6,61,2,5,4,3,95,12,4,Non-binary,40s,Exceeds Expectations
E4879,Operations,High School,Hybrid,7,46,3,2,3,2,71,19,7,Female,40s,Needs Improvement
E4880,Sales,Master's,Remote,2,3,4,3,4,4,98,5,5,Female,20s,Exceeds Expectations
E4881,Engineering,PhD,Remote,5,34,3,4,4,8,60,10,6,Female,30s,Meets Expectations
E4882,Sales,High School,Remote,3,49,3,4,2,4,73,8,5,Non-binary,30s,Meets Expectations
E4883,Operations,Bachelor's,Hybrid,1,23,4,3,3,6,48,2,4,Female,30s,Needs Improvement
E4884,HR,Bachelor's,Hybrid,3,58,2,4,2,3,52,6,6,Female,30s,Needs Improvement
E4885,Engineering,Bachelor's,Hybrid,3,55,5,3,4,5,61,11,4,Female,40s,Exceeds Expectations
E4886,Sales,Bachelor's,On-site,4,43,4,4,4,5,95,5,5,Female,30s,Exceeds Expectations
E4887,Operations,Bachelor's,Remote,10,40,3,4,4,5,72,0,2,Male,30s,Meets Expectations
E4888,Sales,Master's,Hybrid,6,44,3,3,3,7,85,6,7,Female,50+,Meets Expectations
E4889,Sales,High School,Hybrid,3,40,5,4,2,3,100,12,3,Male,30s,Exceeds Expectations
E4890,Engineering,Bachelor's,On-site,12,14,3,2,4,3,83,11,5,Male,40s,Exceeds Expectations
E4891,Sales,Master's,On-site,7,31,3,3,4,6,83,50,9,Male,40s,Needs Improvement
E4892,Operations,Bachelor's,Remote,0,41,4,2,3,5,70,11,7,Male,20s,Meets Expectations
E4893,Operations,Bachelor's,On-site,1,68,2,3,3,12,91,5,3,Female,20s,Meets Expectations
E4894,Sales,High School,On-site,4,54,3,4,2,9,74,17,2,Male,20s,Exceeds Expectations
E4895,Operations,Bachelor's,Hybrid,1,69,3,4,3,8,86,16,1,Male,20s,Exceeds Expectations
E4896,Sales,Bachelor's,Hybrid,6,12,3,4,3,2,63,10,6,Female,30s,Meets Expectations
E4897,Operations,Bachelor's,On-site,10,33,2,2,2,4,79,2,4,Female,40s,Needs Improvement
E4898,Engineering,Master's,On-site,6,81,3,4,4,5,75,11,5,Male,40s,Exceeds Expectations
E4899,Sales,Bachelor's,Hybrid,8,25,4,3,3,6,63,16,7,Male,30s,Meets Expectations
E4900,Operations,Master's,Remote,2,25,3,4,4,6,45,19,5,Male,30s,Needs Improvement
E4901,Operations,Master's,Hybrid,0,35,2,5,4,9,73,9,2,Female,20s,Needs Improvement
E4902,Finance,Bachelor's,Hybrid,4,80,5,3,4,3,75,11,0,Female,30s,Exceeds Expectations
E4903,Marketing,High School,On-site,9,27,4,3,2,5,52,3,6,Non-binary,30s,Meets Expectations
E4904,Operations,Master's,Hybrid,4,51,3,4,3,7,70,21,8,Female,30s,Meets Expectations
E4905,Finance,Bachelor's,Hybrid,6,48,4,3,5,17,73,9,5,Non-binary,50+,Exceeds Expectations
E4906,Engineering,Bachelor's,Remote,15,1,4,3,5,10,86,10,4,Male,40s,Exceeds Expectations
E4907,Sales,Bachelor's,Hybrid,4,40,5,1,4,9,73,23,3,Male,40s,Meets Expectations
E4908,Marketing,Master's,On-site,3,29,4,3,4,9,79,9,6,Female,20s,Exceeds Expectations
E4909,Marketing,Bachelor's,On-site,4,54,2,5,3,4,66,12,6,Male,30s,Meets Expectations
E4910,Operations,Bachelor's,Remote,5,75,3,4,3,3,63,6,6,Male,30s,Meets Expectations
E4911,Sales,Bachelor's,On-site,4,33,3,4,3,8,66,20,6,Male,20s,Meets Expectations
E4912,Engineering,Master's,Hybrid,9,33,4,4,3,6,61,23,2,Male,40s,Meets Expectations
E4913,Engineering,Bachelor's,Hybrid,3,90,3,5,2,8,64,3,5,Male,30s,Meets Expectations
E4914,Operations,Master's,On-site,3,26,2,3,4,8,76,15,2,Female,20s,Meets Expectations
E4915,Engineering,Bachelor's,Hybrid,15,13,4,4,1,4,77,4,5,Non-binary,40s,Meets Expectations
E4916,Operations,Bachelor's,Hybrid,9,68,4,5,4,5,75,21,5,Female,30s,Exceeds Expectations
E4917,Engineering,Bachelor's,Remote,0,39,3,3,4,9,73,11,12,Male,20s,Meets Expectations
E4918,Sales,High School,On-site,5,46,4,2,5,6,89,13,8,Female,30s,Exceeds Expectations
E4919,Operations,Bachelor's,On-site,7,85,2,3,3,4,89,20,1,Male,30s,Exceeds Expectations
E4920,Sales,Master's,On-site,3,12,3,4,3,5,70,4,3,Male,40s,Meets Expectations
E4921,Operations,High School,On-site,4,36,3,2,4,3,93,10,5,Male,30s,Exceeds Expectations
E4922,Engineering,PhD,Hybrid,9,15,4,2,4,10,91,4,3,Female,40s,Exceeds Expectations
E4923,HR,High School,On-site,7,47,4,3,3,6,70,18,7,Female,30s,Needs Improvement
E4924,Marketing,Bachelor's,On-site,1,29,3,3,2,6,58,3,3,Female,20s,Meets Expectations
E4925,Operations,Bachelor's,Remote,1,17,3,5,4,7,62,8,10,Non-binary,20s,Meets Expectations
E4926,Engineering,Master's,On-site,10,55,1,4,3,2,69,7,3,Female,40s,Meets Expectations
E4927,Sales,High School,On-site,8,40,5,2,2,6,63,24,4,Male,40s,Meets Expectations
E4928,Marketing,High School,Remote,10,15,1,5,2,6,52,27,3,Female,30s,Needs Improvement
E4929,Operations,Bachelor's,Hybrid,13,16,4,3,5,4,51,16,3,Male,40s,Exceeds Expectations
E4930,Operations,Bachelor's,On-site,3,44,3,2,4,5,61,13,7,Male,40s,Meets Expectations
E4931,Operations,Bachelor's,Remote,2,7,3,2,4,5,59,3,8,Male,40s,Needs Improvement
E4932,HR,Master's,Hybrid,3,45,3,2,3,6,38,9,2,Male,20s,Needs Improvement
E4933,Marketing,High School,On-site,9,67,3,2,4,7,81,18,2,Male,50+,Exceeds Expectations
E4934,Operations,Master's,On-site,10,53,4,4,2,9,85,9,2,Male,40s,Meets Expectations
E4935,Operations,High School,Remote,2,28,2,1,4,4,78,13,6,Female,30s,Meets Expectations
E4936,Operations,Master's,On-site,1,45,4,4,4,6,34,1,7,Male,30s,Needs Improvement
E4937,Operations,PhD,Remote,5,15,3,4,2,5,65,5,4,Male,30s,Needs Improvement
E4938,Operations,Master's,On-site,0,43,3,3,3,8,75,16,11,Female,20s,Meets Expectations
E4939,Engineering,PhD,On-site,12,33,3,4,3,8,88,3,5,Female,40s,Exceeds Expectations
E4940,Sales,Master's,Remote,3,19,3,2,3,4,100,5,8,Male,20s,Exceeds Expectations
E4941,Operations,High School,Remote,6,52,4,2,3,6,68,1,5,Male,30s,Meets Expectations
E4942,HR,High School,On-site,5,0,3,4,2,11,70,10,7,Male,30s,Needs Improvement
E4943,Engineering,High School,On-site,2,16,4,3,4,8,76,5,5,Female,30s,Meets Expectations
E4944,HR,Bachelor's,Hybrid,3,19,4,3,5,4,59,25,5,Male,20s,Meets Expectations
E4945,Marketing,Bachelor's,Hybrid,8,30,4,3,3,6,56,14,7,Female,30s,Meets Expectations
E4946,Operations,Bachelor's,Hybrid,10,66,4,5,4,2,82,14,5,Female,50+,Exceeds Expectations
E4947,Operations,Master's,On-site,16,55,5,4,3,4,79,4,9,Male,40s,Exceeds Expectations
E4948,Engineering,Bachelor's,Remote,4,42,2,4,3,4,65,11,4,Female,30s,Meets Expectations
E4949,Sales,High School,On-site,2,41,4,3,2,3,43,3,4,Female,30s,Needs Improvement
E4950,Engineering,Bachelor's,On-site,8,40,5,4,3,6,34,5,3,Female,40s,Meets Expectations
E4951,Operations,PhD,On-site,14,67,4,2,4,4,67,31,5,Female,40s,Meets Expectations
E4952,Engineering,Bachelor's,On-site,2,4,5,4,3,7,67,4,7,Female,20s,Meets Expectations
E4953,Marketing,Bachelor's,Hybrid,7,55,5,4,3,5,64,8,5,Female,30s,Exceeds Expectations
E4954,Marketing,Bachelor's,On-site,0,30,3,5,3,7,82,7,5,Male,20s,Meets Expectations
E4955,Marketing,PhD,Hybrid,12,50,3,2,1,8,71,21,6,Male,40s,Meets Expectations
E4956,Marketing,Bachelor's,On-site,13,50,4,2,4,6,36,3,2,Female,50+,Meets Expectations
E4957,Finance,Bachelor's,On-site,3,55,3,4,4,5,100,11,5,Male,30s,Exceeds Expectations
E4958,Marketing,High School,Remote,0,72,5,3,4,2,28,1,4,Male,20s,Meets Expectations
E4959,Engineering,High School,Hybrid,9,13,4,4,4,6,59,13,3,Female,40s,Meets Expectations
E4960,Sales,Master's,On-site,3,60,3,5,3,6,52,20,8,Female,20s,Meets Expectations
E4961,HR,Bachelor's,On-site,2,39,2,5,5,9,76,9,3,Female,30s,Meets Expectations
E4962,Sales,Master's,Hybrid,3,31,4,3,3,2,47,11,5,Male,40s,Meets Expectations
E4963,Finance,Bachelor's,Hybrid,10,81,2,4,3,8,79,12,3,Male,30s,Meets Expectations
E4964,Sales,PhD,Hybrid,5,54,4,3,3,9,63,4,3,Female,30s,Exceeds Expectations
E4965,Operations,Bachelor's,Hybrid,5,32,1,3,4,5,80,8,8,Female,30s,Needs Improvement
E4966,Engineering,PhD,On-site,7,59,5,3,3,7,30,4,4,Female,30s,Meets Expectations
E4967,Finance,Bachelor's,Remote,6,39,3,3,3,9,65,12,1,Male,30s,Meets Expectations
E4968,Engineering,Bachelor's,On-site,1,31,2,5,3,8,79,4,4,Female,20s,Meets Expectations
E4969,HR,Bachelor's,On-site,4,28,3,2,3,5,50,8,4,Male,30s,Needs Improvement
E4970,Sales,Master's,Hybrid,8,46,3,3,1,5,73,3,2,Male,30s,Meets Expectations
E4971,Marketing,Master's,On-site,2,28,3,3,4,5,72,7,9,Male,30s,Meets Expectations
E4972,Engineering,Bachelor's,Hybrid,0,43,5,4,2,2,72,4,8,Female,20s,Exceeds Expectations
E4973,Operations,High School,On-site,10,58,4,2,3,5,62,3,3,Female,40s,Meets Expectations
E4974,Marketing,Bachelor's,Hybrid,0,42,4,3,2,4,80,11,5,Female,20s,Meets Expectations
E4975,Operations,High School,Hybrid,5,80,3,3,4,5,74,16,4,Male,30s,Exceeds Expectations
E4976,Finance,Master's,Hybrid,1,40,4,1,3,3,73,24,10,Female,30s,Needs Improvement
E4977,Marketing,Bachelor's,Hybrid,9,67,2,4,1,10,59,4,7,Female,30s,Needs Improvement
E4978,Operations,High School,On-site,3,60,4,2,4,4,52,7,4,Female,40s,Meets Expectations
E4979,Engineering,Bachelor's,Remote,5,71,3,2,3,2,76,15,7,Male,40s,Meets Expectations
E4980,Marketing,High School,Hybrid,5,79,5,4,3,8,57,9,2,Male,30s,Exceeds Expectations
E4981,Sales,PhD,Hybrid,10,5,3,3,4,4,91,17,5,Male,40s,Exceeds Expectations
E4982,Finance,Bachelor's,On-site,10,45,4,3,3,9,100,11,3,Male,30s,Exceeds Expectations
E4983,Engineering,PhD,On-site,0,38,4,3,3,5,57,5,4,Male,20s,Meets Expectations
E4984,Sales,Master's,On-site,14,42,5,4,3,9,55,7,6,Male,50+,Exceeds Expectations
E4985,Marketing,Bachelor's,Hybrid,0,32,2,3,4,4,75,9,7,Female,20s,Meets Expectations
E4986,Sales,Bachelor's,Remote,5,29,3,4,3,8,73,5,5,Female,40s,Meets Expectations
E4987,Engineering,Master's,Remote,11,18,2,2,3,4,67,5,6,Male,40s,Meets Expectations
E4988,Sales,Master's,Hybrid,9,42,1,4,2,7,77,15,6,Male,30s,Meets Expectations
E4989,Operations,High School,Hybrid,3,59,2,4,4,5,79,12,3,Non-binary,30s,Exceeds Expectations
E4990,Engineering,Master's,Hybrid,6,30,4,5,4,5,56,1,6,Male,40s,Meets Expectations
E4991,Sales,Bachelor's,On-site,0,33,3,2,3,4,54,25,2,Male,20s,Needs Improvement
E4992,Operations,Bachelor's,Hybrid,4,26,3,3,4,9,38,5,5,Female,30s,Meets Expectations
E4993,Operations,Bachelor's,Hybrid,5,20,4,5,4,7,41,16,2,Male,30s,Exceeds Expectations
E4994,Engineering,Master's,On-site,1,35,3,4,5,5,53,9,6,Male,30s,Meets Expectations
E4995,HR,Bachelor's,On-site,6,47,4,3,4,2,63,14,3,Female,40s,Meets Expectations
E4996,Engineering,Bachelor's,On-site,14,65,4,3,3,4,81,12,4,Female,40s,Exceeds Expectations
E4997,Operations,High School,Hybrid,4,16,4,3,3,8,78,5,7,Female,30s,Meets Expectations
E4998,Sales,Bachelor's,On-site,7,39,3,3,3,6,76,5,3,Female,40s,Meets Expectations
E4999,Sales,High School,On-site,4,64,4,4,4,1,65,3,5,Male,30s,Meets Expectations
E5000,Engineering,Master's,On-site,1,16,2,4,3,7,100,13,2,Male,20s,Exceeds Expectations
